[     115ms] [LOG] [Fast Refresh] rebuilding @ http://localhost:3000/_next/static/chunks/node_modules_next_dist_1ybzpk2._.js:2489
[     172ms] [LOG] [Fast Refresh] done in 162ms @ http://localhost:3000/_next/static/chunks/node_modules_next_dist_1ybzpk2._.js:2489
[     244ms] [INFO] %cDownload the React DevTools for a better development experience: https://react.dev/link/react-devtools font-weight:bold @ http://localhost:3000/_next/static/chunks/node_modules_next_dist_1ybzpk2._.js:2489
[     258ms] [LOG] [HMR] connected @ http://localhost:3000/_next/static/chunks/node_modules_next_dist_1ybzpk2._.js:2489
[    2442ms] [LOG] [Fast Refresh] rebuilding @ http://localhost:3000/_next/static/chunks/node_modules_next_dist_1ybzpk2._.js:2489
[    2445ms] [LOG] [Fast Refresh] done in 103ms @ http://localhost:3000/_next/static/chunks/node_modules_next_dist_1ybzpk2._.js:2489
[   24203ms] [INFO] %cDownload the React DevTools for a better development experience: https://react.dev/link/react-devtools font-weight:bold @ http://localhost:3000/_next/static/chunks/node_modules_next_dist_1ybzpk2._.js:2489
[   24216ms] [LOG] [HMR] connected @ http://localhost:3000/_next/static/chunks/node_modules_next_dist_1ybzpk2._.js:2489
[   26910ms] [INFO] %cDownload the React DevTools for a better development experience: https://react.dev/link/react-devtools font-weight:bold @ http://localhost:3000/_next/static/chunks/node_modules_next_dist_1ybzpk2._.js:2489
[   26958ms] [LOG] [HMR] connected @ http://localhost:3000/_next/static/chunks/node_modules_next_dist_1ybzpk2._.js:2489
[   28432ms] [INFO] %cDownload the React DevTools for a better development experience: https://react.dev/link/react-devtools font-weight:bold @ http://localhost:3000/_next/static/chunks/node_modules_next_dist_1ybzpk2._.js:2489
[   28446ms] [LOG] [HMR] connected @ http://localhost:3000/_next/static/chunks/node_modules_next_dist_1ybzpk2._.js:2489
[   32410ms] [INFO] %cDownload the React DevTools for a better development experience: https://react.dev/link/react-devtools font-weight:bold @ http://localhost:3000/_next/static/chunks/node_modules_next_dist_1ybzpk2._.js:2489
[   32443ms] [LOG] [HMR] connected @ http://localhost:3000/_next/static/chunks/node_modules_next_dist_1ybzpk2._.js:2489
[   33752ms] [INFO] %cDownload the React DevTools for a better development experience: https://react.dev/link/react-devtools font-weight:bold @ http://localhost:3000/_next/static/chunks/node_modules_next_dist_1ybzpk2._.js:2489
[   33768ms] [LOG] [HMR] connected @ http://localhost:3000/_next/static/chunks/node_modules_next_dist_1ybzpk2._.js:2489
[   35277ms] [INFO] %cDownload the React DevTools for a better development experience: https://react.dev/link/react-devtools font-weight:bold @ http://localhost:3000/_next/static/chunks/node_modules_next_dist_1ybzpk2._.js:2489
[   35313ms] [LOG] [HMR] connected @ http://localhost:3000/_next/static/chunks/node_modules_next_dist_1ybzpk2._.js:2489
[   71009ms] [LOG] [Fast Refresh] rebuilding @ http://localhost:3000/_next/static/chunks/node_modules_next_dist_1ybzpk2._.js:2489
[   71037ms] [LOG] [Fast Refresh] done in 132ms @ http://localhost:3000/_next/static/chunks/node_modules_next_dist_1ybzpk2._.js:2489
[   71120ms] [INFO] %cDownload the React DevTools for a better development experience: https://react.dev/link/react-devtools font-weight:bold @ http://localhost:3000/_next/static/chunks/node_modules_next_dist_1ybzpk2._.js:2489
[   71132ms] [LOG] [HMR] connected @ http://localhost:3000/_next/static/chunks/node_modules_next_dist_1ybzpk2._.js:2489
[   71135ms] [ERROR] %c%s%c [db] MongoDB connection failed: background: #e6e6e6;background: light-dark(rgba(0,0,0,0.1), rgba(255,255,255,0.25));color: #000000;color: light-dark(#000000, #ffffff);border-radius: 2px  Server   querySrv ECONNREFUSED _mongodb._tcp.cluster0.xxxxx.mongodb.net @ http://localhost:3000/_next/static/chunks/node_modules_next_dist_1ybzpk2._.js:3330
[  159075ms] [LOG] [Fast Refresh] rebuilding @ http://localhost:3000/_next/static/chunks/node_modules_next_dist_1ybzpk2._.js:2489
[  159154ms] [LOG] [Fast Refresh] done in 152ms @ http://localhost:3000/_next/static/chunks/node_modules_next_dist_1ybzpk2._.js:2489
[  181372ms] [LOG] [Fast Refresh] rebuilding @ http://localhost:3000/_next/static/chunks/node_modules_next_dist_1ybzpk2._.js:2489
[  181758ms] [ERROR] ./src/components/Header.tsx
Reading source code for parsing failed
An unexpected error happened while trying to read the source code to parse: failed to convert rope into string

Caused by:
- invalid utf-8 sequence of 1 bytes from index 483

Import trace:
  Server Component:
    ./src/components/Header.tsx
    ./src/app/page.tsx @ http://localhost:3000/_next/static/chunks/node_modules_next_dist_1ybzpk2._.js:3330
[  181759ms] [ERROR] ./src/app/du-an/page.tsx
Reading source code for parsing failed
An unexpected error happened while trying to read the source code to parse: failed to convert rope into string

Caused by:
- invalid utf-8 sequence of 1 bytes from index 345

Import traces:
  Client Component Browser:
    ./src/app/du-an/page.tsx [Client Component Browser]
    ./src/app/du-an/page.tsx [Server Component]

  Client Component SSR:
    ./src/app/du-an/page.tsx [Client Component SSR]
    ./src/app/du-an/page.tsx [Server Component] @ http://localhost:3000/_next/static/chunks/node_modules_next_dist_1ybzpk2._.js:3330
[  181791ms] [ERROR] ./src/components/Header.tsx
Reading source code for parsing failed
An unexpected error happened while trying to read the source code to parse: failed to convert rope into string

Caused by:
- invalid utf-8 sequence of 1 bytes from index 483

Import trace:
  Server Component:
    ./src/components/Header.tsx
    ./src/app/page.tsx @ http://localhost:3000/_next/static/chunks/node_modules_next_dist_1ybzpk2._.js:3330
[  181791ms] [ERROR] ./src/app/du-an/page.tsx
Reading source code for parsing failed
An unexpected error happened while trying to read the source code to parse: failed to convert rope into string

Caused by:
- invalid utf-8 sequence of 1 bytes from index 345

Import traces:
  Client Component Browser:
    ./src/app/du-an/page.tsx [Client Component Browser]
    ./src/app/du-an/page.tsx [Server Component]

  Client Component SSR:
    ./src/app/du-an/page.tsx [Client Component SSR]
    ./src/app/du-an/page.tsx [Server Component] @ http://localhost:3000/_next/static/chunks/node_modules_next_dist_1ybzpk2._.js:3330
[  181899ms] [LOG] [Fast Refresh] rebuilding @ http://localhost:3000/_next/static/chunks/node_modules_next_dist_1ybzpk2._.js:2489
[  182220ms] [ERROR] ./src/components/Header.tsx
Reading source code for parsing failed
An unexpected error happened while trying to read the source code to parse: failed to convert rope into string

Caused by:
- invalid utf-8 sequence of 1 bytes from index 483

Import trace:
  Server Component:
    ./src/components/Header.tsx
    ./src/app/page.tsx @ http://localhost:3000/_next/static/chunks/node_modules_next_dist_1ybzpk2._.js:3330
[  182221ms] [ERROR] ./src/app/du-an/page.tsx
Reading source code for parsing failed
An unexpected error happened while trying to read the source code to parse: failed to convert rope into string

Caused by:
- invalid utf-8 sequence of 1 bytes from index 345

Import traces:
  Client Component Browser:
    ./src/app/du-an/page.tsx [Client Component Browser]
    ./src/app/du-an/page.tsx [Server Component]

  Client Component SSR:
    ./src/app/du-an/page.tsx [Client Component SSR]
    ./src/app/du-an/page.tsx [Server Component] @ http://localhost:3000/_next/static/chunks/node_modules_next_dist_1ybzpk2._.js:3330
[  182331ms] [LOG] [Fast Refresh] rebuilding @ http://localhost:3000/_next/static/chunks/node_modules_next_dist_1ybzpk2._.js:2489
[  182664ms] [ERROR] Failed to load resource: the server responded with a status of 500 (Internal Server Error) @ http://localhost:3000/?_rsc=q3mOO9BClNZHexY7:0
[  182667ms] [ERROR] ./src/components/Header.tsx
Reading source code for parsing failed
An unexpected error happened while trying to read the source code to parse: failed to convert rope into string

Caused by:
- invalid utf-8 sequence of 1 bytes from index 483

Import trace:
  Server Component:
    ./src/components/Header.tsx
    ./src/app/page.tsx @ http://localhost:3000/_next/static/chunks/node_modules_next_dist_1ybzpk2._.js:3330
[  182667ms] [ERROR] ./src/app/du-an/page.tsx
Reading source code for parsing failed
An unexpected error happened while trying to read the source code to parse: failed to convert rope into string

Caused by:
- invalid utf-8 sequence of 1 bytes from index 345

Import traces:
  Client Component Browser:
    ./src/app/du-an/page.tsx [Client Component Browser]
    ./src/app/du-an/page.tsx [Server Component]

  Client Component SSR:
    ./src/app/du-an/page.tsx [Client Component SSR]
    ./src/app/du-an/page.tsx [Server Component] @ http://localhost:3000/_next/static/chunks/node_modules_next_dist_1ybzpk2._.js:3330
[  182735ms] [ERROR] Failed to load resource: the server responded with a status of 500 (Internal Server Error) @ http://localhost:3000/?_rsc=q3mOO9BClNZHexY7:0
[  182769ms] [ERROR] Failed to load resource: the server responded with a status of 500 (Internal Server Error) @ http://localhost:3000/:0
[  182871ms] [INFO] %cDownload the React DevTools for a better development experience: https://react.dev/link/react-devtools font-weight:bold @ http://localhost:3000/_next/static/chunks/node_modules_react-dom_0kla17-._.js:15305
[  182921ms] Error: ./src/components/Header.tsx
Reading source code for parsing failed
An unexpected error happened while trying to read the source code to parse: failed to convert rope into string

Caused by:
- invalid utf-8 sequence of 1 bytes from index 483

Import trace:
  Server Component:
    ./src/components/Header.tsx
    ./src/app/page.tsx


    at Object.getCompilationErrors (file://F:\Nextjs\eurowindowhcm\node_modules\next\dist\server\dev\hot-reloader-turbopack.js:1186:59)
    at DevBundlerService.getCompilationError (file://F:\Nextjs\eurowindowhcm\node_modules\next\dist\server\lib\dev-bundler-service.js:44:55)
    at DevServer.getCompilationError (file://F:\Nextjs\eurowindowhcm\node_modules\next\dist\server\dev\next-dev-server.js:720:42)
    at DevServer.findPageComponents (file://F:\Nextjs\eurowindowhcm\node_modules\next\dist\server\dev\next-dev-server.js:690:43)
    at async DevServer.renderErrorToResponseImpl (file://F:\Nextjs\eurowindowhcm\node_modules\next\dist\server\base-server.js:1753:26)
[  182922ms] [LOG] [HMR] connected @ http://localhost:3000/_next/static/chunks/node_modules_next_dist_1gdrd03._.js:1226
[  182924ms] [ERROR] ./src/components/Header.tsx
Reading source code for parsing failed
An unexpected error happened while trying to read the source code to parse: failed to convert rope into string

Caused by:
- invalid utf-8 sequence of 1 bytes from index 483

Import trace:
  Server Component:
    ./src/components/Header.tsx
    ./src/app/page.tsx @ http://localhost:3000/_next/static/chunks/node_modules_next_dist_1gdrd03._.js:1945
[  182924ms] [ERROR] ./src/app/du-an/page.tsx
Reading source code for parsing failed
An unexpected error happened while trying to read the source code to parse: failed to convert rope into string

Caused by:
- invalid utf-8 sequence of 1 bytes from index 345

Import traces:
  Client Component Browser:
    ./src/app/du-an/page.tsx [Client Component Browser]
    ./src/app/du-an/page.tsx [Server Component]

  Client Component SSR:
    ./src/app/du-an/page.tsx [Client Component SSR]
    ./src/app/du-an/page.tsx [Server Component] @ http://localhost:3000/_next/static/chunks/node_modules_next_dist_1gdrd03._.js:1945
[  182924ms] [ERROR] ./src/components/Header.tsx
Reading source code for parsing failed
An unexpected error happened while trying to read the source code to parse: failed to convert rope into string

Caused by:
- invalid utf-8 sequence of 1 bytes from index 483

Import traces:
  Client Component Browser:
    ./src/components/Header.tsx [Client Component Browser]
    ./src/app/du-an/page.tsx [Client Component Browser]
    ./src/app/du-an/page.tsx [Server Component]

  Client Component SSR:
    ./src/components/Header.tsx [Client Component SSR]
    ./src/app/du-an/page.tsx [Client Component SSR]
    ./src/app/du-an/page.tsx [Server Component] @ http://localhost:3000/_next/static/chunks/node_modules_next_dist_1gdrd03._.js:1945
[  182924ms] [ERROR] ./src/components/Header.tsx
Reading source code for parsing failed
An unexpected error happened while trying to read the source code to parse: failed to convert rope into string

Caused by:
- invalid utf-8 sequence of 1 bytes from index 483

Import traces:
  Client Component Browser:
    ./src/components/Header.tsx [Client Component Browser]
    ./src/app/gioi-thieu/page.tsx [Client Component Browser]
    ./src/app/gioi-thieu/page.tsx [Server Component]

  Client Component SSR:
    ./src/components/Header.tsx [Client Component SSR]
    ./src/app/gioi-thieu/page.tsx [Client Component SSR]
    ./src/app/gioi-thieu/page.tsx [Server Component] @ http://localhost:3000/_next/static/chunks/node_modules_next_dist_1gdrd03._.js:1945
[  182924ms] [ERROR] ./src/components/Header.tsx
Reading source code for parsing failed
An unexpected error happened while trying to read the source code to parse: failed to convert rope into string

Caused by:
- invalid utf-8 sequence of 1 bytes from index 483

Import traces:
  Client Component Browser:
    ./src/components/Header.tsx [Client Component Browser]
    ./src/app/san-pham/page.tsx [Client Component Browser]
    ./src/app/san-pham/page.tsx [Server Component]

  Client Component SSR:
    ./src/components/Header.tsx [Client Component SSR]
    ./src/app/san-pham/page.tsx [Client Component SSR]
    ./src/app/san-pham/page.tsx [Server Component] @ http://localhost:3000/_next/static/chunks/node_modules_next_dist_1gdrd03._.js:1945
[  182925ms] [ERROR] ./src/components/Header.tsx
Reading source code for parsing failed
An unexpected error happened while trying to read the source code to parse: failed to convert rope into string

Caused by:
- invalid utf-8 sequence of 1 bytes from index 483

Import trace:
  Server Component:
    ./src/components/Header.tsx
    ./src/app/tin-tuc/page.tsx @ http://localhost:3000/_next/static/chunks/node_modules_next_dist_1gdrd03._.js:1945
[  182925ms] [ERROR] ./src/components/Header.tsx
Reading source code for parsing failed
An unexpected error happened while trying to read the source code to parse: failed to convert rope into string

Caused by:
- invalid utf-8 sequence of 1 bytes from index 483

Import trace:
  Server Component:
    ./src/components/Header.tsx
    ./src/app/tin-tuc/[slug]/page.tsx @ http://localhost:3000/_next/static/chunks/node_modules_next_dist_1gdrd03._.js:1945
[  182925ms] [ERROR] ./src/components/Header.tsx
Reading source code for parsing failed
An unexpected error happened while trying to read the source code to parse: failed to convert rope into string

Caused by:
- invalid utf-8 sequence of 1 bytes from index 483

Import trace:
  Server Component:
    ./src/components/Header.tsx
    ./src/app/page.tsx @ http://localhost:3000/_next/static/chunks/node_modules_next_dist_1gdrd03._.js:1945
[  182925ms] [ERROR] ./src/app/du-an/page.tsx
Reading source code for parsing failed
An unexpected error happened while trying to read the source code to parse: failed to convert rope into string

Caused by:
- invalid utf-8 sequence of 1 bytes from index 345

Import traces:
  Client Component Browser:
    ./src/app/du-an/page.tsx [Client Component Browser]
    ./src/app/du-an/page.tsx [Server Component]

  Client Component SSR:
    ./src/app/du-an/page.tsx [Client Component SSR]
    ./src/app/du-an/page.tsx [Server Component] @ http://localhost:3000/_next/static/chunks/node_modules_next_dist_1gdrd03._.js:1945
[  182988ms] [ERROR] ./src/components/Header.tsx
Reading source code for parsing failed
An unexpected error happened while trying to read the source code to parse: failed to convert rope into string

Caused by:
- invalid utf-8 sequence of 1 bytes from index 483

Import trace:
  Server Component:
    ./src/components/Header.tsx
    ./src/app/page.tsx @ http://localhost:3000/_next/static/chunks/node_modules_next_dist_1gdrd03._.js:1945
[  182988ms] [ERROR] ./src/app/du-an/page.tsx
Reading source code for parsing failed
An unexpected error happened while trying to read the source code to parse: failed to convert rope into string

Caused by:
- invalid utf-8 sequence of 1 bytes from index 345

Import traces:
  Client Component Browser:
    ./src/app/du-an/page.tsx [Client Component Browser]
    ./src/app/du-an/page.tsx [Server Component]

  Client Component SSR:
    ./src/app/du-an/page.tsx [Client Component SSR]
    ./src/app/du-an/page.tsx [Server Component] @ http://localhost:3000/_next/static/chunks/node_modules_next_dist_1gdrd03._.js:1945
[  183053ms] [ERROR] ./src/components/Header.tsx
Reading source code for parsing failed
An unexpected error happened while trying to read the source code to parse: failed to convert rope into string

Caused by:
- invalid utf-8 sequence of 1 bytes from index 483

Import trace:
  Server Component:
    ./src/components/Header.tsx
    ./src/app/page.tsx @ http://localhost:3000/_next/static/chunks/node_modules_next_dist_1gdrd03._.js:1945
[  183053ms] [ERROR] ./src/app/du-an/page.tsx
Reading source code for parsing failed
An unexpected error happened while trying to read the source code to parse: failed to convert rope into string

Caused by:
- invalid utf-8 sequence of 1 bytes from index 345

Import traces:
  Client Component Browser:
    ./src/app/du-an/page.tsx [Client Component Browser]
    ./src/app/du-an/page.tsx [Server Component]

  Client Component SSR:
    ./src/app/du-an/page.tsx [Client Component SSR]
    ./src/app/du-an/page.tsx [Server Component] @ http://localhost:3000/_next/static/chunks/node_modules_next_dist_1gdrd03._.js:1945
[  183117ms] [ERROR] ./src/components/Header.tsx
Reading source code for parsing failed
An unexpected error happened while trying to read the source code to parse: failed to convert rope into string

Caused by:
- invalid utf-8 sequence of 1 bytes from index 483

Import trace:
  Server Component:
    ./src/components/Header.tsx
    ./src/app/page.tsx @ http://localhost:3000/_next/static/chunks/node_modules_next_dist_1gdrd03._.js:1945
[  183118ms] [ERROR] ./src/app/du-an/page.tsx
Reading source code for parsing failed
An unexpected error happened while trying to read the source code to parse: failed to convert rope into string

Caused by:
- invalid utf-8 sequence of 1 bytes from index 345

Import traces:
  Client Component Browser:
    ./src/app/du-an/page.tsx [Client Component Browser]
    ./src/app/du-an/page.tsx [Server Component]

  Client Component SSR:
    ./src/app/du-an/page.tsx [Client Component SSR]
    ./src/app/du-an/page.tsx [Server Component] @ http://localhost:3000/_next/static/chunks/node_modules_next_dist_1gdrd03._.js:1945
[  183178ms] [ERROR] ./src/components/Header.tsx
Reading source code for parsing failed
An unexpected error happened while trying to read the source code to parse: failed to convert rope into string

Caused by:
- invalid utf-8 sequence of 1 bytes from index 483

Import trace:
  Server Component:
    ./src/components/Header.tsx
    ./src/app/page.tsx @ http://localhost:3000/_next/static/chunks/node_modules_next_dist_1gdrd03._.js:1945
[  183178ms] [ERROR] ./src/app/du-an/page.tsx
Reading source code for parsing failed
An unexpected error happened while trying to read the source code to parse: failed to convert rope into string

Caused by:
- invalid utf-8 sequence of 1 bytes from index 345

Import traces:
  Client Component Browser:
    ./src/app/du-an/page.tsx [Client Component Browser]
    ./src/app/du-an/page.tsx [Server Component]

  Client Component SSR:
    ./src/app/du-an/page.tsx [Client Component SSR]
    ./src/app/du-an/page.tsx [Server Component] @ http://localhost:3000/_next/static/chunks/node_modules_next_dist_1gdrd03._.js:1945
[  183242ms] [ERROR] ./src/components/Header.tsx
Reading source code for parsing failed
An unexpected error happened while trying to read the source code to parse: failed to convert rope into string

Caused by:
- invalid utf-8 sequence of 1 bytes from index 483

Import trace:
  Server Component:
    ./src/components/Header.tsx
    ./src/app/page.tsx @ http://localhost:3000/_next/static/chunks/node_modules_next_dist_1gdrd03._.js:1945
[  183243ms] [ERROR] ./src/app/du-an/page.tsx
Reading source code for parsing failed
An unexpected error happened while trying to read the source code to parse: failed to convert rope into string

Caused by:
- invalid utf-8 sequence of 1 bytes from index 345

Import traces:
  Client Component Browser:
    ./src/app/du-an/page.tsx [Client Component Browser]
    ./src/app/du-an/page.tsx [Server Component]

  Client Component SSR:
    ./src/app/du-an/page.tsx [Client Component SSR]
    ./src/app/du-an/page.tsx [Server Component] @ http://localhost:3000/_next/static/chunks/node_modules_next_dist_1gdrd03._.js:1945
[  183306ms] [ERROR] ./src/components/Header.tsx
Reading source code for parsing failed
An unexpected error happened while trying to read the source code to parse: failed to convert rope into string

Caused by:
- invalid utf-8 sequence of 1 bytes from index 483

Import trace:
  Server Component:
    ./src/components/Header.tsx
    ./src/app/page.tsx @ http://localhost:3000/_next/static/chunks/node_modules_next_dist_1gdrd03._.js:1945
[  183306ms] [ERROR] ./src/app/du-an/page.tsx
Reading source code for parsing failed
An unexpected error happened while trying to read the source code to parse: failed to convert rope into string

Caused by:
- invalid utf-8 sequence of 1 bytes from index 345

Import traces:
  Client Component Browser:
    ./src/app/du-an/page.tsx [Client Component Browser]
    ./src/app/du-an/page.tsx [Server Component]

  Client Component SSR:
    ./src/app/du-an/page.tsx [Client Component SSR]
    ./src/app/du-an/page.tsx [Server Component] @ http://localhost:3000/_next/static/chunks/node_modules_next_dist_1gdrd03._.js:1945
[  183369ms] [ERROR] ./src/components/Header.tsx
Reading source code for parsing failed
An unexpected error happened while trying to read the source code to parse: failed to convert rope into string

Caused by:
- invalid utf-8 sequence of 1 bytes from index 483

Import trace:
  Server Component:
    ./src/components/Header.tsx
    ./src/app/page.tsx @ http://localhost:3000/_next/static/chunks/node_modules_next_dist_1gdrd03._.js:1945
[  183369ms] [ERROR] ./src/app/du-an/page.tsx
Reading source code for parsing failed
An unexpected error happened while trying to read the source code to parse: failed to convert rope into string

Caused by:
- invalid utf-8 sequence of 1 bytes from index 345

Import traces:
  Client Component Browser:
    ./src/app/du-an/page.tsx [Client Component Browser]
    ./src/app/du-an/page.tsx [Server Component]

  Client Component SSR:
    ./src/app/du-an/page.tsx [Client Component SSR]
    ./src/app/du-an/page.tsx [Server Component] @ http://localhost:3000/_next/static/chunks/node_modules_next_dist_1gdrd03._.js:1945
[  183430ms] [ERROR] ./src/components/Header.tsx
Reading source code for parsing failed
An unexpected error happened while trying to read the source code to parse: failed to convert rope into string

Caused by:
- invalid utf-8 sequence of 1 bytes from index 483

Import trace:
  Server Component:
    ./src/components/Header.tsx
    ./src/app/page.tsx @ http://localhost:3000/_next/static/chunks/node_modules_next_dist_1gdrd03._.js:1945
[  183430ms] [ERROR] ./src/app/du-an/page.tsx
Reading source code for parsing failed
An unexpected error happened while trying to read the source code to parse: failed to convert rope into string

Caused by:
- invalid utf-8 sequence of 1 bytes from index 345

Import traces:
  Client Component Browser:
    ./src/app/du-an/page.tsx [Client Component Browser]
    ./src/app/du-an/page.tsx [Server Component]

  Client Component SSR:
    ./src/app/du-an/page.tsx [Client Component SSR]
    ./src/app/du-an/page.tsx [Server Component] @ http://localhost:3000/_next/static/chunks/node_modules_next_dist_1gdrd03._.js:1945
[  183538ms] [ERROR] ./src/components/Header.tsx
Reading source code for parsing failed
An unexpected error happened while trying to read the source code to parse: failed to convert rope into string

Caused by:
- invalid utf-8 sequence of 1 bytes from index 483

Import trace:
  Server Component:
    ./src/components/Header.tsx
    ./src/app/page.tsx @ http://localhost:3000/_next/static/chunks/node_modules_next_dist_1gdrd03._.js:1945
[  183538ms] [ERROR] ./src/app/du-an/page.tsx
Reading source code for parsing failed
An unexpected error happened while trying to read the source code to parse: failed to convert rope into string

Caused by:
- invalid utf-8 sequence of 1 bytes from index 345

Import traces:
  Client Component Browser:
    ./src/app/du-an/page.tsx [Client Component Browser]
    ./src/app/du-an/page.tsx [Server Component]

  Client Component SSR:
    ./src/app/du-an/page.tsx [Client Component SSR]
    ./src/app/du-an/page.tsx [Server Component] @ http://localhost:3000/_next/static/chunks/node_modules_next_dist_1gdrd03._.js:1945
[  183539ms] [LOG] [Fast Refresh] rebuilding @ http://localhost:3000/_next/static/chunks/node_modules_next_dist_1gdrd03._.js:1226
[  183610ms] [ERROR] ./src/components/Header.tsx
Reading source code for parsing failed
An unexpected error happened while trying to read the source code to parse: failed to convert rope into string

Caused by:
- invalid utf-8 sequence of 1 bytes from index 483

Import trace:
  Server Component:
    ./src/components/Header.tsx
    ./src/app/page.tsx @ http://localhost:3000/_next/static/chunks/node_modules_next_dist_1gdrd03._.js:1945
[  183610ms] [ERROR] ./src/app/du-an/page.tsx
Reading source code for parsing failed
An unexpected error happened while trying to read the source code to parse: failed to convert rope into string

Caused by:
- invalid utf-8 sequence of 1 bytes from index 345

Import traces:
  Client Component Browser:
    ./src/app/du-an/page.tsx [Client Component Browser]
    ./src/app/du-an/page.tsx [Server Component]

  Client Component SSR:
    ./src/app/du-an/page.tsx [Client Component SSR]
    ./src/app/du-an/page.tsx [Server Component] @ http://localhost:3000/_next/static/chunks/node_modules_next_dist_1gdrd03._.js:1945
[  183674ms] [ERROR] ./src/components/Header.tsx
Reading source code for parsing failed
An unexpected error happened while trying to read the source code to parse: failed to convert rope into string

Caused by:
- invalid utf-8 sequence of 1 bytes from index 483

Import trace:
  Server Component:
    ./src/components/Header.tsx
    ./src/app/page.tsx @ http://localhost:3000/_next/static/chunks/node_modules_next_dist_1gdrd03._.js:1945
[  183674ms] [ERROR] ./src/app/du-an/page.tsx
Reading source code for parsing failed
An unexpected error happened while trying to read the source code to parse: failed to convert rope into string

Caused by:
- invalid utf-8 sequence of 1 bytes from index 345

Import traces:
  Client Component Browser:
    ./src/app/du-an/page.tsx [Client Component Browser]
    ./src/app/du-an/page.tsx [Server Component]

  Client Component SSR:
    ./src/app/du-an/page.tsx [Client Component SSR]
    ./src/app/du-an/page.tsx [Server Component] @ http://localhost:3000/_next/static/chunks/node_modules_next_dist_1gdrd03._.js:1945
[  183783ms] [LOG] [Fast Refresh] rebuilding @ http://localhost:3000/_next/static/chunks/node_modules_next_dist_1gdrd03._.js:1226
[  183839ms] [ERROR] ./src/components/Header.tsx
Reading source code for parsing failed
An unexpected error happened while trying to read the source code to parse: failed to convert rope into string

Caused by:
- invalid utf-8 sequence of 1 bytes from index 483

Import trace:
  Server Component:
    ./src/components/Header.tsx
    ./src/app/page.tsx @ http://localhost:3000/_next/static/chunks/node_modules_next_dist_1gdrd03._.js:1945
[  183840ms] [ERROR] ./src/app/du-an/page.tsx
Reading source code for parsing failed
An unexpected error happened while trying to read the source code to parse: failed to convert rope into string

Caused by:
- invalid utf-8 sequence of 1 bytes from index 345

Import traces:
  Client Component Browser:
    ./src/app/du-an/page.tsx [Client Component Browser]
    ./src/app/du-an/page.tsx [Server Component]

  Client Component SSR:
    ./src/app/du-an/page.tsx [Client Component SSR]
    ./src/app/du-an/page.tsx [Server Component] @ http://localhost:3000/_next/static/chunks/node_modules_next_dist_1gdrd03._.js:1945
[  183940ms] [ERROR] ./src/components/Header.tsx
Reading source code for parsing failed
An unexpected error happened while trying to read the source code to parse: failed to convert rope into string

Caused by:
- invalid utf-8 sequence of 1 bytes from index 483

Import trace:
  Server Component:
    ./src/components/Header.tsx
    ./src/app/page.tsx @ http://localhost:3000/_next/static/chunks/node_modules_next_dist_1gdrd03._.js:1945
[  183940ms] [ERROR] ./src/app/du-an/page.tsx
Reading source code for parsing failed
An unexpected error happened while trying to read the source code to parse: failed to convert rope into string

Caused by:
- invalid utf-8 sequence of 1 bytes from index 345

Import traces:
  Client Component Browser:
    ./src/app/du-an/page.tsx [Client Component Browser]
    ./src/app/du-an/page.tsx [Server Component]

  Client Component SSR:
    ./src/app/du-an/page.tsx [Client Component SSR]
    ./src/app/du-an/page.tsx [Server Component] @ http://localhost:3000/_next/static/chunks/node_modules_next_dist_1gdrd03._.js:1945
[  183941ms] [LOG] [Fast Refresh] rebuilding @ http://localhost:3000/_next/static/chunks/node_modules_next_dist_1gdrd03._.js:1226
[  184000ms] [ERROR] ./src/components/Header.tsx
Reading source code for parsing failed
An unexpected error happened while trying to read the source code to parse: failed to convert rope into string

Caused by:
- invalid utf-8 sequence of 1 bytes from index 483

Import trace:
  Server Component:
    ./src/components/Header.tsx
    ./src/app/page.tsx @ http://localhost:3000/_next/static/chunks/node_modules_next_dist_1gdrd03._.js:1945
[  184000ms] [ERROR] ./src/app/du-an/page.tsx
Reading source code for parsing failed
An unexpected error happened while trying to read the source code to parse: failed to convert rope into string

Caused by:
- invalid utf-8 sequence of 1 bytes from index 345

Import traces:
  Client Component Browser:
    ./src/app/du-an/page.tsx [Client Component Browser]
    ./src/app/du-an/page.tsx [Server Component]

  Client Component SSR:
    ./src/app/du-an/page.tsx [Client Component SSR]
    ./src/app/du-an/page.tsx [Server Component] @ http://localhost:3000/_next/static/chunks/node_modules_next_dist_1gdrd03._.js:1945
[  184065ms] [ERROR] ./src/components/Header.tsx
Reading source code for parsing failed
An unexpected error happened while trying to read the source code to parse: failed to convert rope into string

Caused by:
- invalid utf-8 sequence of 1 bytes from index 483

Import trace:
  Server Component:
    ./src/components/Header.tsx
    ./src/app/page.tsx @ http://localhost:3000/_next/static/chunks/node_modules_next_dist_1gdrd03._.js:1945
[  184066ms] [ERROR] ./src/app/du-an/page.tsx
Reading source code for parsing failed
An unexpected error happened while trying to read the source code to parse: failed to convert rope into string

Caused by:
- invalid utf-8 sequence of 1 bytes from index 345

Import traces:
  Client Component Browser:
    ./src/app/du-an/page.tsx [Client Component Browser]
    ./src/app/du-an/page.tsx [Server Component]

  Client Component SSR:
    ./src/app/du-an/page.tsx [Client Component SSR]
    ./src/app/du-an/page.tsx [Server Component] @ http://localhost:3000/_next/static/chunks/node_modules_next_dist_1gdrd03._.js:1945
[  184126ms] [ERROR] ./src/components/Header.tsx
Reading source code for parsing failed
An unexpected error happened while trying to read the source code to parse: failed to convert rope into string

Caused by:
- invalid utf-8 sequence of 1 bytes from index 483

Import trace:
  Server Component:
    ./src/components/Header.tsx
    ./src/app/page.tsx @ http://localhost:3000/_next/static/chunks/node_modules_next_dist_1gdrd03._.js:1945
[  184127ms] [ERROR] ./src/app/du-an/page.tsx
Reading source code for parsing failed
An unexpected error happened while trying to read the source code to parse: failed to convert rope into string

Caused by:
- invalid utf-8 sequence of 1 bytes from index 345

Import traces:
  Client Component Browser:
    ./src/app/du-an/page.tsx [Client Component Browser]
    ./src/app/du-an/page.tsx [Server Component]

  Client Component SSR:
    ./src/app/du-an/page.tsx [Client Component SSR]
    ./src/app/du-an/page.tsx [Server Component] @ http://localhost:3000/_next/static/chunks/node_modules_next_dist_1gdrd03._.js:1945
[  184183ms] [ERROR] ./src/components/Header.tsx
Reading source code for parsing failed
An unexpected error happened while trying to read the source code to parse: failed to convert rope into string

Caused by:
- invalid utf-8 sequence of 1 bytes from index 483

Import trace:
  Server Component:
    ./src/components/Header.tsx
    ./src/app/page.tsx @ http://localhost:3000/_next/static/chunks/node_modules_next_dist_1gdrd03._.js:1945
[  184183ms] [ERROR] ./src/app/du-an/page.tsx
Reading source code for parsing failed
An unexpected error happened while trying to read the source code to parse: failed to convert rope into string

Caused by:
- invalid utf-8 sequence of 1 bytes from index 345

Import traces:
  Client Component Browser:
    ./src/app/du-an/page.tsx [Client Component Browser]
    ./src/app/du-an/page.tsx [Server Component]

  Client Component SSR:
    ./src/app/du-an/page.tsx [Client Component SSR]
    ./src/app/du-an/page.tsx [Server Component] @ http://localhost:3000/_next/static/chunks/node_modules_next_dist_1gdrd03._.js:1945
[  184249ms] [ERROR] ./src/components/Header.tsx
Reading source code for parsing failed
An unexpected error happened while trying to read the source code to parse: failed to convert rope into string

Caused by:
- invalid utf-8 sequence of 1 bytes from index 483

Import trace:
  Server Component:
    ./src/components/Header.tsx
    ./src/app/page.tsx @ http://localhost:3000/_next/static/chunks/node_modules_next_dist_1gdrd03._.js:1945
[  184250ms] [ERROR] ./src/app/du-an/page.tsx
Reading source code for parsing failed
An unexpected error happened while trying to read the source code to parse: failed to convert rope into string

Caused by:
- invalid utf-8 sequence of 1 bytes from index 345

Import traces:
  Client Component Browser:
    ./src/app/du-an/page.tsx [Client Component Browser]
    ./src/app/du-an/page.tsx [Server Component]

  Client Component SSR:
    ./src/app/du-an/page.tsx [Client Component SSR]
    ./src/app/du-an/page.tsx [Server Component] @ http://localhost:3000/_next/static/chunks/node_modules_next_dist_1gdrd03._.js:1945
[  184312ms] [ERROR] ./src/components/Header.tsx
Reading source code for parsing failed
An unexpected error happened while trying to read the source code to parse: failed to convert rope into string

Caused by:
- invalid utf-8 sequence of 1 bytes from index 483

Import trace:
  Server Component:
    ./src/components/Header.tsx
    ./src/app/page.tsx @ http://localhost:3000/_next/static/chunks/node_modules_next_dist_1gdrd03._.js:1945
[  184312ms] [ERROR] ./src/app/du-an/page.tsx
Reading source code for parsing failed
An unexpected error happened while trying to read the source code to parse: failed to convert rope into string

Caused by:
- invalid utf-8 sequence of 1 bytes from index 345

Import traces:
  Client Component Browser:
    ./src/app/du-an/page.tsx [Client Component Browser]
    ./src/app/du-an/page.tsx [Server Component]

  Client Component SSR:
    ./src/app/du-an/page.tsx [Client Component SSR]
    ./src/app/du-an/page.tsx [Server Component] @ http://localhost:3000/_next/static/chunks/node_modules_next_dist_1gdrd03._.js:1945
[  184373ms] [ERROR] ./src/components/Header.tsx
Reading source code for parsing failed
An unexpected error happened while trying to read the source code to parse: failed to convert rope into string

Caused by:
- invalid utf-8 sequence of 1 bytes from index 483

Import trace:
  Server Component:
    ./src/components/Header.tsx
    ./src/app/page.tsx @ http://localhost:3000/_next/static/chunks/node_modules_next_dist_1gdrd03._.js:1945
[  184373ms] [ERROR] ./src/app/du-an/page.tsx
Reading source code for parsing failed
An unexpected error happened while trying to read the source code to parse: failed to convert rope into string

Caused by:
- invalid utf-8 sequence of 1 bytes from index 345

Import traces:
  Client Component Browser:
    ./src/app/du-an/page.tsx [Client Component Browser]
    ./src/app/du-an/page.tsx [Server Component]

  Client Component SSR:
    ./src/app/du-an/page.tsx [Client Component SSR]
    ./src/app/du-an/page.tsx [Server Component] @ http://localhost:3000/_next/static/chunks/node_modules_next_dist_1gdrd03._.js:1945
[  184436ms] [ERROR] ./src/components/Header.tsx
Reading source code for parsing failed
An unexpected error happened while trying to read the source code to parse: failed to convert rope into string

Caused by:
- invalid utf-8 sequence of 1 bytes from index 483

Import trace:
  Server Component:
    ./src/components/Header.tsx
    ./src/app/page.tsx @ http://localhost:3000/_next/static/chunks/node_modules_next_dist_1gdrd03._.js:1945
[  184436ms] [ERROR] ./src/app/du-an/page.tsx
Reading source code for parsing failed
An unexpected error happened while trying to read the source code to parse: failed to convert rope into string

Caused by:
- invalid utf-8 sequence of 1 bytes from index 345

Import traces:
  Client Component Browser:
    ./src/app/du-an/page.tsx [Client Component Browser]
    ./src/app/du-an/page.tsx [Server Component]

  Client Component SSR:
    ./src/app/du-an/page.tsx [Client Component SSR]
    ./src/app/du-an/page.tsx [Server Component] @ http://localhost:3000/_next/static/chunks/node_modules_next_dist_1gdrd03._.js:1945
[  184499ms] [ERROR] ./src/components/Header.tsx
Reading source code for parsing failed
An unexpected error happened while trying to read the source code to parse: failed to convert rope into string

Caused by:
- invalid utf-8 sequence of 1 bytes from index 483

Import trace:
  Server Component:
    ./src/components/Header.tsx
    ./src/app/page.tsx @ http://localhost:3000/_next/static/chunks/node_modules_next_dist_1gdrd03._.js:1945
[  184500ms] [ERROR] ./src/app/du-an/page.tsx
Reading source code for parsing failed
An unexpected error happened while trying to read the source code to parse: failed to convert rope into string

Caused by:
- invalid utf-8 sequence of 1 bytes from index 345

Import traces:
  Client Component Browser:
    ./src/app/du-an/page.tsx [Client Component Browser]
    ./src/app/du-an/page.tsx [Server Component]

  Client Component SSR:
    ./src/app/du-an/page.tsx [Client Component SSR]
    ./src/app/du-an/page.tsx [Server Component] @ http://localhost:3000/_next/static/chunks/node_modules_next_dist_1gdrd03._.js:1945
[  184563ms] [ERROR] ./src/components/Header.tsx
Reading source code for parsing failed
An unexpected error happened while trying to read the source code to parse: failed to convert rope into string

Caused by:
- invalid utf-8 sequence of 1 bytes from index 483

Import trace:
  Server Component:
    ./src/components/Header.tsx
    ./src/app/page.tsx @ http://localhost:3000/_next/static/chunks/node_modules_next_dist_1gdrd03._.js:1945
[  184563ms] [ERROR] ./src/app/du-an/page.tsx
Reading source code for parsing failed
An unexpected error happened while trying to read the source code to parse: failed to convert rope into string

Caused by:
- invalid utf-8 sequence of 1 bytes from index 345

Import traces:
  Client Component Browser:
    ./src/app/du-an/page.tsx [Client Component Browser]
    ./src/app/du-an/page.tsx [Server Component]

  Client Component SSR:
    ./src/app/du-an/page.tsx [Client Component SSR]
    ./src/app/du-an/page.tsx [Server Component] @ http://localhost:3000/_next/static/chunks/node_modules_next_dist_1gdrd03._.js:1945
[  184625ms] [ERROR] ./src/components/Header.tsx
Reading source code for parsing failed
An unexpected error happened while trying to read the source code to parse: failed to convert rope into string

Caused by:
- invalid utf-8 sequence of 1 bytes from index 483

Import trace:
  Server Component:
    ./src/components/Header.tsx
    ./src/app/page.tsx @ http://localhost:3000/_next/static/chunks/node_modules_next_dist_1gdrd03._.js:1945
[  184625ms] [ERROR] ./src/app/du-an/page.tsx
Reading source code for parsing failed
An unexpected error happened while trying to read the source code to parse: failed to convert rope into string

Caused by:
- invalid utf-8 sequence of 1 bytes from index 345

Import traces:
  Client Component Browser:
    ./src/app/du-an/page.tsx [Client Component Browser]
    ./src/app/du-an/page.tsx [Server Component]

  Client Component SSR:
    ./src/app/du-an/page.tsx [Client Component SSR]
    ./src/app/du-an/page.tsx [Server Component] @ http://localhost:3000/_next/static/chunks/node_modules_next_dist_1gdrd03._.js:1945
[  184687ms] [ERROR] ./src/components/Header.tsx
Reading source code for parsing failed
An unexpected error happened while trying to read the source code to parse: failed to convert rope into string

Caused by:
- invalid utf-8 sequence of 1 bytes from index 483

Import trace:
  Server Component:
    ./src/components/Header.tsx
    ./src/app/page.tsx @ http://localhost:3000/_next/static/chunks/node_modules_next_dist_1gdrd03._.js:1945
[  184688ms] [ERROR] ./src/app/du-an/page.tsx
Reading source code for parsing failed
An unexpected error happened while trying to read the source code to parse: failed to convert rope into string

Caused by:
- invalid utf-8 sequence of 1 bytes from index 345

Import traces:
  Client Component Browser:
    ./src/app/du-an/page.tsx [Client Component Browser]
    ./src/app/du-an/page.tsx [Server Component]

  Client Component SSR:
    ./src/app/du-an/page.tsx [Client Component SSR]
    ./src/app/du-an/page.tsx [Server Component] @ http://localhost:3000/_next/static/chunks/node_modules_next_dist_1gdrd03._.js:1945
[  184751ms] [ERROR] ./src/components/Header.tsx
Reading source code for parsing failed
An unexpected error happened while trying to read the source code to parse: failed to convert rope into string

Caused by:
- invalid utf-8 sequence of 1 bytes from index 483

Import trace:
  Server Component:
    ./src/components/Header.tsx
    ./src/app/page.tsx @ http://localhost:3000/_next/static/chunks/node_modules_next_dist_1gdrd03._.js:1945
[  184751ms] [ERROR] ./src/app/du-an/page.tsx
Reading source code for parsing failed
An unexpected error happened while trying to read the source code to parse: failed to convert rope into string

Caused by:
- invalid utf-8 sequence of 1 bytes from index 345

Import traces:
  Client Component Browser:
    ./src/app/du-an/page.tsx [Client Component Browser]
    ./src/app/du-an/page.tsx [Server Component]

  Client Component SSR:
    ./src/app/du-an/page.tsx [Client Component SSR]
    ./src/app/du-an/page.tsx [Server Component] @ http://localhost:3000/_next/static/chunks/node_modules_next_dist_1gdrd03._.js:1945
[  184818ms] [ERROR] ./src/components/Header.tsx
Reading source code for parsing failed
An unexpected error happened while trying to read the source code to parse: failed to convert rope into string

Caused by:
- invalid utf-8 sequence of 1 bytes from index 483

Import trace:
  Server Component:
    ./src/components/Header.tsx
    ./src/app/page.tsx @ http://localhost:3000/_next/static/chunks/node_modules_next_dist_1gdrd03._.js:1945
[  184818ms] [ERROR] ./src/app/du-an/page.tsx
Reading source code for parsing failed
An unexpected error happened while trying to read the source code to parse: failed to convert rope into string

Caused by:
- invalid utf-8 sequence of 1 bytes from index 345

Import traces:
  Client Component Browser:
    ./src/app/du-an/page.tsx [Client Component Browser]
    ./src/app/du-an/page.tsx [Server Component]

  Client Component SSR:
    ./src/app/du-an/page.tsx [Client Component SSR]
    ./src/app/du-an/page.tsx [Server Component] @ http://localhost:3000/_next/static/chunks/node_modules_next_dist_1gdrd03._.js:1945
[  184879ms] [ERROR] ./src/components/Header.tsx
Reading source code for parsing failed
An unexpected error happened while trying to read the source code to parse: failed to convert rope into string

Caused by:
- invalid utf-8 sequence of 1 bytes from index 483

Import trace:
  Server Component:
    ./src/components/Header.tsx
    ./src/app/page.tsx @ http://localhost:3000/_next/static/chunks/node_modules_next_dist_1gdrd03._.js:1945
[  184880ms] [ERROR] ./src/app/du-an/page.tsx
Reading source code for parsing failed
An unexpected error happened while trying to read the source code to parse: failed to convert rope into string

Caused by:
- invalid utf-8 sequence of 1 bytes from index 345

Import traces:
  Client Component Browser:
    ./src/app/du-an/page.tsx [Client Component Browser]
    ./src/app/du-an/page.tsx [Server Component]

  Client Component SSR:
    ./src/app/du-an/page.tsx [Client Component SSR]
    ./src/app/du-an/page.tsx [Server Component] @ http://localhost:3000/_next/static/chunks/node_modules_next_dist_1gdrd03._.js:1945
[  184942ms] [ERROR] ./src/components/Header.tsx
Reading source code for parsing failed
An unexpected error happened while trying to read the source code to parse: failed to convert rope into string

Caused by:
- invalid utf-8 sequence of 1 bytes from index 483

Import trace:
  Server Component:
    ./src/components/Header.tsx
    ./src/app/page.tsx @ http://localhost:3000/_next/static/chunks/node_modules_next_dist_1gdrd03._.js:1945
[  184943ms] [ERROR] ./src/app/du-an/page.tsx
Reading source code for parsing failed
An unexpected error happened while trying to read the source code to parse: failed to convert rope into string

Caused by:
- invalid utf-8 sequence of 1 bytes from index 345

Import traces:
  Client Component Browser:
    ./src/app/du-an/page.tsx [Client Component Browser]
    ./src/app/du-an/page.tsx [Server Component]

  Client Component SSR:
    ./src/app/du-an/page.tsx [Client Component SSR]
    ./src/app/du-an/page.tsx [Server Component] @ http://localhost:3000/_next/static/chunks/node_modules_next_dist_1gdrd03._.js:1945
[  185004ms] [ERROR] ./src/components/Header.tsx
Reading source code for parsing failed
An unexpected error happened while trying to read the source code to parse: failed to convert rope into string

Caused by:
- invalid utf-8 sequence of 1 bytes from index 483

Import trace:
  Server Component:
    ./src/components/Header.tsx
    ./src/app/page.tsx @ http://localhost:3000/_next/static/chunks/node_modules_next_dist_1gdrd03._.js:1945
[  185005ms] [ERROR] ./src/app/du-an/page.tsx
Reading source code for parsing failed
An unexpected error happened while trying to read the source code to parse: failed to convert rope into string

Caused by:
- invalid utf-8 sequence of 1 bytes from index 345

Import traces:
  Client Component Browser:
    ./src/app/du-an/page.tsx [Client Component Browser]
    ./src/app/du-an/page.tsx [Server Component]

  Client Component SSR:
    ./src/app/du-an/page.tsx [Client Component SSR]
    ./src/app/du-an/page.tsx [Server Component] @ http://localhost:3000/_next/static/chunks/node_modules_next_dist_1gdrd03._.js:1945
[  185067ms] [ERROR] ./src/components/Header.tsx
Reading source code for parsing failed
An unexpected error happened while trying to read the source code to parse: failed to convert rope into string

Caused by:
- invalid utf-8 sequence of 1 bytes from index 483

Import trace:
  Server Component:
    ./src/components/Header.tsx
    ./src/app/page.tsx @ http://localhost:3000/_next/static/chunks/node_modules_next_dist_1gdrd03._.js:1945
[  185068ms] [ERROR] ./src/app/du-an/page.tsx
Reading source code for parsing failed
An unexpected error happened while trying to read the source code to parse: failed to convert rope into string

Caused by:
- invalid utf-8 sequence of 1 bytes from index 345

Import traces:
  Client Component Browser:
    ./src/app/du-an/page.tsx [Client Component Browser]
    ./src/app/du-an/page.tsx [Server Component]

  Client Component SSR:
    ./src/app/du-an/page.tsx [Client Component SSR]
    ./src/app/du-an/page.tsx [Server Component] @ http://localhost:3000/_next/static/chunks/node_modules_next_dist_1gdrd03._.js:1945
[  185133ms] [ERROR] ./src/components/Header.tsx
Reading source code for parsing failed
An unexpected error happened while trying to read the source code to parse: failed to convert rope into string

Caused by:
- invalid utf-8 sequence of 1 bytes from index 483

Import trace:
  Server Component:
    ./src/components/Header.tsx
    ./src/app/page.tsx @ http://localhost:3000/_next/static/chunks/node_modules_next_dist_1gdrd03._.js:1945
[  185133ms] [ERROR] ./src/app/du-an/page.tsx
Reading source code for parsing failed
An unexpected error happened while trying to read the source code to parse: failed to convert rope into string

Caused by:
- invalid utf-8 sequence of 1 bytes from index 345

Import traces:
  Client Component Browser:
    ./src/app/du-an/page.tsx [Client Component Browser]
    ./src/app/du-an/page.tsx [Server Component]

  Client Component SSR:
    ./src/app/du-an/page.tsx [Client Component SSR]
    ./src/app/du-an/page.tsx [Server Component] @ http://localhost:3000/_next/static/chunks/node_modules_next_dist_1gdrd03._.js:1945
[  185199ms] [ERROR] ./src/components/Header.tsx
Reading source code for parsing failed
An unexpected error happened while trying to read the source code to parse: failed to convert rope into string

Caused by:
- invalid utf-8 sequence of 1 bytes from index 483

Import trace:
  Server Component:
    ./src/components/Header.tsx
    ./src/app/page.tsx @ http://localhost:3000/_next/static/chunks/node_modules_next_dist_1gdrd03._.js:1945
[  185199ms] [ERROR] ./src/app/du-an/page.tsx
Reading source code for parsing failed
An unexpected error happened while trying to read the source code to parse: failed to convert rope into string

Caused by:
- invalid utf-8 sequence of 1 bytes from index 345

Import traces:
  Client Component Browser:
    ./src/app/du-an/page.tsx [Client Component Browser]
    ./src/app/du-an/page.tsx [Server Component]

  Client Component SSR:
    ./src/app/du-an/page.tsx [Client Component SSR]
    ./src/app/du-an/page.tsx [Server Component] @ http://localhost:3000/_next/static/chunks/node_modules_next_dist_1gdrd03._.js:1945
[  185260ms] [ERROR] ./src/components/Header.tsx
Reading source code for parsing failed
An unexpected error happened while trying to read the source code to parse: failed to convert rope into string

Caused by:
- invalid utf-8 sequence of 1 bytes from index 483

Import trace:
  Server Component:
    ./src/components/Header.tsx
    ./src/app/page.tsx @ http://localhost:3000/_next/static/chunks/node_modules_next_dist_1gdrd03._.js:1945
[  185260ms] [ERROR] ./src/app/du-an/page.tsx
Reading source code for parsing failed
An unexpected error happened while trying to read the source code to parse: failed to convert rope into string

Caused by:
- invalid utf-8 sequence of 1 bytes from index 345

Import traces:
  Client Component Browser:
    ./src/app/du-an/page.tsx [Client Component Browser]
    ./src/app/du-an/page.tsx [Server Component]

  Client Component SSR:
    ./src/app/du-an/page.tsx [Client Component SSR]
    ./src/app/du-an/page.tsx [Server Component] @ http://localhost:3000/_next/static/chunks/node_modules_next_dist_1gdrd03._.js:1945
[  185322ms] [ERROR] ./src/components/Header.tsx
Reading source code for parsing failed
An unexpected error happened while trying to read the source code to parse: failed to convert rope into string

Caused by:
- invalid utf-8 sequence of 1 bytes from index 483

Import trace:
  Server Component:
    ./src/components/Header.tsx
    ./src/app/page.tsx @ http://localhost:3000/_next/static/chunks/node_modules_next_dist_1gdrd03._.js:1945
[  185322ms] [ERROR] ./src/app/du-an/page.tsx
Reading source code for parsing failed
An unexpected error happened while trying to read the source code to parse: failed to convert rope into string

Caused by:
- invalid utf-8 sequence of 1 bytes from index 345

Import traces:
  Client Component Browser:
    ./src/app/du-an/page.tsx [Client Component Browser]
    ./src/app/du-an/page.tsx [Server Component]

  Client Component SSR:
    ./src/app/du-an/page.tsx [Client Component SSR]
    ./src/app/du-an/page.tsx [Server Component] @ http://localhost:3000/_next/static/chunks/node_modules_next_dist_1gdrd03._.js:1945
[  185385ms] [ERROR] ./src/components/Header.tsx
Reading source code for parsing failed
An unexpected error happened while trying to read the source code to parse: failed to convert rope into string

Caused by:
- invalid utf-8 sequence of 1 bytes from index 483

Import trace:
  Server Component:
    ./src/components/Header.tsx
    ./src/app/page.tsx @ http://localhost:3000/_next/static/chunks/node_modules_next_dist_1gdrd03._.js:1945
[  185386ms] [ERROR] ./src/app/du-an/page.tsx
Reading source code for parsing failed
An unexpected error happened while trying to read the source code to parse: failed to convert rope into string

Caused by:
- invalid utf-8 sequence of 1 bytes from index 345

Import traces:
  Client Component Browser:
    ./src/app/du-an/page.tsx [Client Component Browser]
    ./src/app/du-an/page.tsx [Server Component]

  Client Component SSR:
    ./src/app/du-an/page.tsx [Client Component SSR]
    ./src/app/du-an/page.tsx [Server Component] @ http://localhost:3000/_next/static/chunks/node_modules_next_dist_1gdrd03._.js:1945
[  185448ms] [ERROR] ./src/components/Header.tsx
Reading source code for parsing failed
An unexpected error happened while trying to read the source code to parse: failed to convert rope into string

Caused by:
- invalid utf-8 sequence of 1 bytes from index 483

Import trace:
  Server Component:
    ./src/components/Header.tsx
    ./src/app/page.tsx @ http://localhost:3000/_next/static/chunks/node_modules_next_dist_1gdrd03._.js:1945
[  185448ms] [ERROR] ./src/app/du-an/page.tsx
Reading source code for parsing failed
An unexpected error happened while trying to read the source code to parse: failed to convert rope into string

Caused by:
- invalid utf-8 sequence of 1 bytes from index 345

Import traces:
  Client Component Browser:
    ./src/app/du-an/page.tsx [Client Component Browser]
    ./src/app/du-an/page.tsx [Server Component]

  Client Component SSR:
    ./src/app/du-an/page.tsx [Client Component SSR]
    ./src/app/du-an/page.tsx [Server Component] @ http://localhost:3000/_next/static/chunks/node_modules_next_dist_1gdrd03._.js:1945
[  185515ms] [ERROR] ./src/components/Header.tsx
Reading source code for parsing failed
An unexpected error happened while trying to read the source code to parse: failed to convert rope into string

Caused by:
- invalid utf-8 sequence of 1 bytes from index 483

Import trace:
  Server Component:
    ./src/components/Header.tsx
    ./src/app/page.tsx @ http://localhost:3000/_next/static/chunks/node_modules_next_dist_1gdrd03._.js:1945
[  185515ms] [ERROR] ./src/app/du-an/page.tsx
Reading source code for parsing failed
An unexpected error happened while trying to read the source code to parse: failed to convert rope into string

Caused by:
- invalid utf-8 sequence of 1 bytes from index 345

Import traces:
  Client Component Browser:
    ./src/app/du-an/page.tsx [Client Component Browser]
    ./src/app/du-an/page.tsx [Server Component]

  Client Component SSR:
    ./src/app/du-an/page.tsx [Client Component SSR]
    ./src/app/du-an/page.tsx [Server Component] @ http://localhost:3000/_next/static/chunks/node_modules_next_dist_1gdrd03._.js:1945
[  185576ms] [ERROR] ./src/components/Header.tsx
Reading source code for parsing failed
An unexpected error happened while trying to read the source code to parse: failed to convert rope into string

Caused by:
- invalid utf-8 sequence of 1 bytes from index 483

Import trace:
  Server Component:
    ./src/components/Header.tsx
    ./src/app/page.tsx @ http://localhost:3000/_next/static/chunks/node_modules_next_dist_1gdrd03._.js:1945
[  185576ms] [ERROR] ./src/app/du-an/page.tsx
Reading source code for parsing failed
An unexpected error happened while trying to read the source code to parse: failed to convert rope into string

Caused by:
- invalid utf-8 sequence of 1 bytes from index 345

Import traces:
  Client Component Browser:
    ./src/app/du-an/page.tsx [Client Component Browser]
    ./src/app/du-an/page.tsx [Server Component]

  Client Component SSR:
    ./src/app/du-an/page.tsx [Client Component SSR]
    ./src/app/du-an/page.tsx [Server Component] @ http://localhost:3000/_next/static/chunks/node_modules_next_dist_1gdrd03._.js:1945
[  185638ms] [ERROR] ./src/components/Header.tsx
Reading source code for parsing failed
An unexpected error happened while trying to read the source code to parse: failed to convert rope into string

Caused by:
- invalid utf-8 sequence of 1 bytes from index 483

Import trace:
  Server Component:
    ./src/components/Header.tsx
    ./src/app/page.tsx @ http://localhost:3000/_next/static/chunks/node_modules_next_dist_1gdrd03._.js:1945
[  185639ms] [ERROR] ./src/app/du-an/page.tsx
Reading source code for parsing failed
An unexpected error happened while trying to read the source code to parse: failed to convert rope into string

Caused by:
- invalid utf-8 sequence of 1 bytes from index 345

Import traces:
  Client Component Browser:
    ./src/app/du-an/page.tsx [Client Component Browser]
    ./src/app/du-an/page.tsx [Server Component]

  Client Component SSR:
    ./src/app/du-an/page.tsx [Client Component SSR]
    ./src/app/du-an/page.tsx [Server Component] @ http://localhost:3000/_next/static/chunks/node_modules_next_dist_1gdrd03._.js:1945
[  185702ms] [ERROR] ./src/components/Header.tsx
Reading source code for parsing failed
An unexpected error happened while trying to read the source code to parse: failed to convert rope into string

Caused by:
- invalid utf-8 sequence of 1 bytes from index 483

Import trace:
  Server Component:
    ./src/components/Header.tsx
    ./src/app/page.tsx @ http://localhost:3000/_next/static/chunks/node_modules_next_dist_1gdrd03._.js:1945
[  185702ms] [ERROR] ./src/app/du-an/page.tsx
Reading source code for parsing failed
An unexpected error happened while trying to read the source code to parse: failed to convert rope into string

Caused by:
- invalid utf-8 sequence of 1 bytes from index 345

Import traces:
  Client Component Browser:
    ./src/app/du-an/page.tsx [Client Component Browser]
    ./src/app/du-an/page.tsx [Server Component]

  Client Component SSR:
    ./src/app/du-an/page.tsx [Client Component SSR]
    ./src/app/du-an/page.tsx [Server Component] @ http://localhost:3000/_next/static/chunks/node_modules_next_dist_1gdrd03._.js:1945
[  185764ms] [ERROR] ./src/components/Header.tsx
Reading source code for parsing failed
An unexpected error happened while trying to read the source code to parse: failed to convert rope into string

Caused by:
- invalid utf-8 sequence of 1 bytes from index 483

Import trace:
  Server Component:
    ./src/components/Header.tsx
    ./src/app/page.tsx @ http://localhost:3000/_next/static/chunks/node_modules_next_dist_1gdrd03._.js:1945
[  185764ms] [ERROR] ./src/app/du-an/page.tsx
Reading source code for parsing failed
An unexpected error happened while trying to read the source code to parse: failed to convert rope into string

Caused by:
- invalid utf-8 sequence of 1 bytes from index 345

Import traces:
  Client Component Browser:
    ./src/app/du-an/page.tsx [Client Component Browser]
    ./src/app/du-an/page.tsx [Server Component]

  Client Component SSR:
    ./src/app/du-an/page.tsx [Client Component SSR]
    ./src/app/du-an/page.tsx [Server Component] @ http://localhost:3000/_next/static/chunks/node_modules_next_dist_1gdrd03._.js:1945
[  185826ms] [ERROR] ./src/components/Header.tsx
Reading source code for parsing failed
An unexpected error happened while trying to read the source code to parse: failed to convert rope into string

Caused by:
- invalid utf-8 sequence of 1 bytes from index 483

Import trace:
  Server Component:
    ./src/components/Header.tsx
    ./src/app/page.tsx @ http://localhost:3000/_next/static/chunks/node_modules_next_dist_1gdrd03._.js:1945
[  185826ms] [ERROR] ./src/app/du-an/page.tsx
Reading source code for parsing failed
An unexpected error happened while trying to read the source code to parse: failed to convert rope into string

Caused by:
- invalid utf-8 sequence of 1 bytes from index 345

Import traces:
  Client Component Browser:
    ./src/app/du-an/page.tsx [Client Component Browser]
    ./src/app/du-an/page.tsx [Server Component]

  Client Component SSR:
    ./src/app/du-an/page.tsx [Client Component SSR]
    ./src/app/du-an/page.tsx [Server Component] @ http://localhost:3000/_next/static/chunks/node_modules_next_dist_1gdrd03._.js:1945
[  185887ms] [ERROR] ./src/components/Header.tsx
Reading source code for parsing failed
An unexpected error happened while trying to read the source code to parse: failed to convert rope into string

Caused by:
- invalid utf-8 sequence of 1 bytes from index 483

Import trace:
  Server Component:
    ./src/components/Header.tsx
    ./src/app/page.tsx @ http://localhost:3000/_next/static/chunks/node_modules_next_dist_1gdrd03._.js:1945
[  185887ms] [ERROR] ./src/app/du-an/page.tsx
Reading source code for parsing failed
An unexpected error happened while trying to read the source code to parse: failed to convert rope into string

Caused by:
- invalid utf-8 sequence of 1 bytes from index 345

Import traces:
  Client Component Browser:
    ./src/app/du-an/page.tsx [Client Component Browser]
    ./src/app/du-an/page.tsx [Server Component]

  Client Component SSR:
    ./src/app/du-an/page.tsx [Client Component SSR]
    ./src/app/du-an/page.tsx [Server Component] @ http://localhost:3000/_next/static/chunks/node_modules_next_dist_1gdrd03._.js:1945
[  185950ms] [ERROR] ./src/components/Header.tsx
Reading source code for parsing failed
An unexpected error happened while trying to read the source code to parse: failed to convert rope into string

Caused by:
- invalid utf-8 sequence of 1 bytes from index 483

Import trace:
  Server Component:
    ./src/components/Header.tsx
    ./src/app/page.tsx @ http://localhost:3000/_next/static/chunks/node_modules_next_dist_1gdrd03._.js:1945
[  185950ms] [ERROR] ./src/app/du-an/page.tsx
Reading source code for parsing failed
An unexpected error happened while trying to read the source code to parse: failed to convert rope into string

Caused by:
- invalid utf-8 sequence of 1 bytes from index 345

Import traces:
  Client Component Browser:
    ./src/app/du-an/page.tsx [Client Component Browser]
    ./src/app/du-an/page.tsx [Server Component]

  Client Component SSR:
    ./src/app/du-an/page.tsx [Client Component SSR]
    ./src/app/du-an/page.tsx [Server Component] @ http://localhost:3000/_next/static/chunks/node_modules_next_dist_1gdrd03._.js:1945
[  186013ms] [ERROR] ./src/components/Header.tsx
Reading source code for parsing failed
An unexpected error happened while trying to read the source code to parse: failed to convert rope into string

Caused by:
- invalid utf-8 sequence of 1 bytes from index 483

Import trace:
  Server Component:
    ./src/components/Header.tsx
    ./src/app/page.tsx @ http://localhost:3000/_next/static/chunks/node_modules_next_dist_1gdrd03._.js:1945
[  186014ms] [ERROR] ./src/app/du-an/page.tsx
Reading source code for parsing failed
An unexpected error happened while trying to read the source code to parse: failed to convert rope into string

Caused by:
- invalid utf-8 sequence of 1 bytes from index 345

Import traces:
  Client Component Browser:
    ./src/app/du-an/page.tsx [Client Component Browser]
    ./src/app/du-an/page.tsx [Server Component]

  Client Component SSR:
    ./src/app/du-an/page.tsx [Client Component SSR]
    ./src/app/du-an/page.tsx [Server Component] @ http://localhost:3000/_next/static/chunks/node_modules_next_dist_1gdrd03._.js:1945
[  186073ms] [ERROR] ./src/components/Header.tsx
Reading source code for parsing failed
An unexpected error happened while trying to read the source code to parse: failed to convert rope into string

Caused by:
- invalid utf-8 sequence of 1 bytes from index 483

Import trace:
  Server Component:
    ./src/components/Header.tsx
    ./src/app/page.tsx @ http://localhost:3000/_next/static/chunks/node_modules_next_dist_1gdrd03._.js:1945
[  186073ms] [ERROR] ./src/app/du-an/page.tsx
Reading source code for parsing failed
An unexpected error happened while trying to read the source code to parse: failed to convert rope into string

Caused by:
- invalid utf-8 sequence of 1 bytes from index 345

Import traces:
  Client Component Browser:
    ./src/app/du-an/page.tsx [Client Component Browser]
    ./src/app/du-an/page.tsx [Server Component]

  Client Component SSR:
    ./src/app/du-an/page.tsx [Client Component SSR]
    ./src/app/du-an/page.tsx [Server Component] @ http://localhost:3000/_next/static/chunks/node_modules_next_dist_1gdrd03._.js:1945
[  186137ms] [ERROR] ./src/components/Header.tsx
Reading source code for parsing failed
An unexpected error happened while trying to read the source code to parse: failed to convert rope into string

Caused by:
- invalid utf-8 sequence of 1 bytes from index 483

Import trace:
  Server Component:
    ./src/components/Header.tsx
    ./src/app/page.tsx @ http://localhost:3000/_next/static/chunks/node_modules_next_dist_1gdrd03._.js:1945
[  186137ms] [ERROR] ./src/app/du-an/page.tsx
Reading source code for parsing failed
An unexpected error happened while trying to read the source code to parse: failed to convert rope into string

Caused by:
- invalid utf-8 sequence of 1 bytes from index 345

Import traces:
  Client Component Browser:
    ./src/app/du-an/page.tsx [Client Component Browser]
    ./src/app/du-an/page.tsx [Server Component]

  Client Component SSR:
    ./src/app/du-an/page.tsx [Client Component SSR]
    ./src/app/du-an/page.tsx [Server Component] @ http://localhost:3000/_next/static/chunks/node_modules_next_dist_1gdrd03._.js:1945
[  186198ms] [ERROR] ./src/components/Header.tsx
Reading source code for parsing failed
An unexpected error happened while trying to read the source code to parse: failed to convert rope into string

Caused by:
- invalid utf-8 sequence of 1 bytes from index 483

Import trace:
  Server Component:
    ./src/components/Header.tsx
    ./src/app/page.tsx @ http://localhost:3000/_next/static/chunks/node_modules_next_dist_1gdrd03._.js:1945
[  186198ms] [ERROR] ./src/app/du-an/page.tsx
Reading source code for parsing failed
An unexpected error happened while trying to read the source code to parse: failed to convert rope into string

Caused by:
- invalid utf-8 sequence of 1 bytes from index 345

Import traces:
  Client Component Browser:
    ./src/app/du-an/page.tsx [Client Component Browser]
    ./src/app/du-an/page.tsx [Server Component]

  Client Component SSR:
    ./src/app/du-an/page.tsx [Client Component SSR]
    ./src/app/du-an/page.tsx [Server Component] @ http://localhost:3000/_next/static/chunks/node_modules_next_dist_1gdrd03._.js:1945
[  186265ms] [ERROR] ./src/components/Header.tsx
Reading source code for parsing failed
An unexpected error happened while trying to read the source code to parse: failed to convert rope into string

Caused by:
- invalid utf-8 sequence of 1 bytes from index 483

Import trace:
  Server Component:
    ./src/components/Header.tsx
    ./src/app/page.tsx @ http://localhost:3000/_next/static/chunks/node_modules_next_dist_1gdrd03._.js:1945
[  186265ms] [ERROR] ./src/app/du-an/page.tsx
Reading source code for parsing failed
An unexpected error happened while trying to read the source code to parse: failed to convert rope into string

Caused by:
- invalid utf-8 sequence of 1 bytes from index 345

Import traces:
  Client Component Browser:
    ./src/app/du-an/page.tsx [Client Component Browser]
    ./src/app/du-an/page.tsx [Server Component]

  Client Component SSR:
    ./src/app/du-an/page.tsx [Client Component SSR]
    ./src/app/du-an/page.tsx [Server Component] @ http://localhost:3000/_next/static/chunks/node_modules_next_dist_1gdrd03._.js:1945
[  186327ms] [ERROR] ./src/components/Header.tsx
Reading source code for parsing failed
An unexpected error happened while trying to read the source code to parse: failed to convert rope into string

Caused by:
- invalid utf-8 sequence of 1 bytes from index 483

Import trace:
  Server Component:
    ./src/components/Header.tsx
    ./src/app/page.tsx @ http://localhost:3000/_next/static/chunks/node_modules_next_dist_1gdrd03._.js:1945
[  186327ms] [ERROR] ./src/app/du-an/page.tsx
Reading source code for parsing failed
An unexpected error happened while trying to read the source code to parse: failed to convert rope into string

Caused by:
- invalid utf-8 sequence of 1 bytes from index 345

Import traces:
  Client Component Browser:
    ./src/app/du-an/page.tsx [Client Component Browser]
    ./src/app/du-an/page.tsx [Server Component]

  Client Component SSR:
    ./src/app/du-an/page.tsx [Client Component SSR]
    ./src/app/du-an/page.tsx [Server Component] @ http://localhost:3000/_next/static/chunks/node_modules_next_dist_1gdrd03._.js:1945
[  186388ms] [ERROR] ./src/components/Header.tsx
Reading source code for parsing failed
An unexpected error happened while trying to read the source code to parse: failed to convert rope into string

Caused by:
- invalid utf-8 sequence of 1 bytes from index 483

Import trace:
  Server Component:
    ./src/components/Header.tsx
    ./src/app/page.tsx @ http://localhost:3000/_next/static/chunks/node_modules_next_dist_1gdrd03._.js:1945
[  186388ms] [ERROR] ./src/app/du-an/page.tsx
Reading source code for parsing failed
An unexpected error happened while trying to read the source code to parse: failed to convert rope into string

Caused by:
- invalid utf-8 sequence of 1 bytes from index 345

Import traces:
  Client Component Browser:
    ./src/app/du-an/page.tsx [Client Component Browser]
    ./src/app/du-an/page.tsx [Server Component]

  Client Component SSR:
    ./src/app/du-an/page.tsx [Client Component SSR]
    ./src/app/du-an/page.tsx [Server Component] @ http://localhost:3000/_next/static/chunks/node_modules_next_dist_1gdrd03._.js:1945
[  186452ms] [ERROR] ./src/components/Header.tsx
Reading source code for parsing failed
An unexpected error happened while trying to read the source code to parse: failed to convert rope into string

Caused by:
- invalid utf-8 sequence of 1 bytes from index 483

Import trace:
  Server Component:
    ./src/components/Header.tsx
    ./src/app/page.tsx @ http://localhost:3000/_next/static/chunks/node_modules_next_dist_1gdrd03._.js:1945
[  186452ms] [ERROR] ./src/app/du-an/page.tsx
Reading source code for parsing failed
An unexpected error happened while trying to read the source code to parse: failed to convert rope into string

Caused by:
- invalid utf-8 sequence of 1 bytes from index 345

Import traces:
  Client Component Browser:
    ./src/app/du-an/page.tsx [Client Component Browser]
    ./src/app/du-an/page.tsx [Server Component]

  Client Component SSR:
    ./src/app/du-an/page.tsx [Client Component SSR]
    ./src/app/du-an/page.tsx [Server Component] @ http://localhost:3000/_next/static/chunks/node_modules_next_dist_1gdrd03._.js:1945
[  186513ms] [ERROR] ./src/components/Header.tsx
Reading source code for parsing failed
An unexpected error happened while trying to read the source code to parse: failed to convert rope into string

Caused by:
- invalid utf-8 sequence of 1 bytes from index 483

Import trace:
  Server Component:
    ./src/components/Header.tsx
    ./src/app/page.tsx @ http://localhost:3000/_next/static/chunks/node_modules_next_dist_1gdrd03._.js:1945
[  186513ms] [ERROR] ./src/app/du-an/page.tsx
Reading source code for parsing failed
An unexpected error happened while trying to read the source code to parse: failed to convert rope into string

Caused by:
- invalid utf-8 sequence of 1 bytes from index 345

Import traces:
  Client Component Browser:
    ./src/app/du-an/page.tsx [Client Component Browser]
    ./src/app/du-an/page.tsx [Server Component]

  Client Component SSR:
    ./src/app/du-an/page.tsx [Client Component SSR]
    ./src/app/du-an/page.tsx [Server Component] @ http://localhost:3000/_next/static/chunks/node_modules_next_dist_1gdrd03._.js:1945
[  186575ms] [ERROR] ./src/components/Header.tsx
Reading source code for parsing failed
An unexpected error happened while trying to read the source code to parse: failed to convert rope into string

Caused by:
- invalid utf-8 sequence of 1 bytes from index 483

Import trace:
  Server Component:
    ./src/components/Header.tsx
    ./src/app/page.tsx @ http://localhost:3000/_next/static/chunks/node_modules_next_dist_1gdrd03._.js:1945
[  186575ms] [ERROR] ./src/app/du-an/page.tsx
Reading source code for parsing failed
An unexpected error happened while trying to read the source code to parse: failed to convert rope into string

Caused by:
- invalid utf-8 sequence of 1 bytes from index 345

Import traces:
  Client Component Browser:
    ./src/app/du-an/page.tsx [Client Component Browser]
    ./src/app/du-an/page.tsx [Server Component]

  Client Component SSR:
    ./src/app/du-an/page.tsx [Client Component SSR]
    ./src/app/du-an/page.tsx [Server Component] @ http://localhost:3000/_next/static/chunks/node_modules_next_dist_1gdrd03._.js:1945
[  186637ms] [ERROR] ./src/components/Header.tsx
Reading source code for parsing failed
An unexpected error happened while trying to read the source code to parse: failed to convert rope into string

Caused by:
- invalid utf-8 sequence of 1 bytes from index 483

Import trace:
  Server Component:
    ./src/components/Header.tsx
    ./src/app/page.tsx @ http://localhost:3000/_next/static/chunks/node_modules_next_dist_1gdrd03._.js:1945
[  186637ms] [ERROR] ./src/app/du-an/page.tsx
Reading source code for parsing failed
An unexpected error happened while trying to read the source code to parse: failed to convert rope into string

Caused by:
- invalid utf-8 sequence of 1 bytes from index 345

Import traces:
  Client Component Browser:
    ./src/app/du-an/page.tsx [Client Component Browser]
    ./src/app/du-an/page.tsx [Server Component]

  Client Component SSR:
    ./src/app/du-an/page.tsx [Client Component SSR]
    ./src/app/du-an/page.tsx [Server Component] @ http://localhost:3000/_next/static/chunks/node_modules_next_dist_1gdrd03._.js:1945
[  186701ms] [ERROR] ./src/components/Header.tsx
Reading source code for parsing failed
An unexpected error happened while trying to read the source code to parse: failed to convert rope into string

Caused by:
- invalid utf-8 sequence of 1 bytes from index 483

Import trace:
  Server Component:
    ./src/components/Header.tsx
    ./src/app/page.tsx @ http://localhost:3000/_next/static/chunks/node_modules_next_dist_1gdrd03._.js:1945
[  186701ms] [ERROR] ./src/app/du-an/page.tsx
Reading source code for parsing failed
An unexpected error happened while trying to read the source code to parse: failed to convert rope into string

Caused by:
- invalid utf-8 sequence of 1 bytes from index 345

Import traces:
  Client Component Browser:
    ./src/app/du-an/page.tsx [Client Component Browser]
    ./src/app/du-an/page.tsx [Server Component]

  Client Component SSR:
    ./src/app/du-an/page.tsx [Client Component SSR]
    ./src/app/du-an/page.tsx [Server Component] @ http://localhost:3000/_next/static/chunks/node_modules_next_dist_1gdrd03._.js:1945
[  186762ms] [ERROR] ./src/components/Header.tsx
Reading source code for parsing failed
An unexpected error happened while trying to read the source code to parse: failed to convert rope into string

Caused by:
- invalid utf-8 sequence of 1 bytes from index 483

Import trace:
  Server Component:
    ./src/components/Header.tsx
    ./src/app/page.tsx @ http://localhost:3000/_next/static/chunks/node_modules_next_dist_1gdrd03._.js:1945
[  186762ms] [ERROR] ./src/app/du-an/page.tsx
Reading source code for parsing failed
An unexpected error happened while trying to read the source code to parse: failed to convert rope into string

Caused by:
- invalid utf-8 sequence of 1 bytes from index 345

Import traces:
  Client Component Browser:
    ./src/app/du-an/page.tsx [Client Component Browser]
    ./src/app/du-an/page.tsx [Server Component]

  Client Component SSR:
    ./src/app/du-an/page.tsx [Client Component SSR]
    ./src/app/du-an/page.tsx [Server Component] @ http://localhost:3000/_next/static/chunks/node_modules_next_dist_1gdrd03._.js:1945
[  186823ms] [ERROR] ./src/components/Header.tsx
Reading source code for parsing failed
An unexpected error happened while trying to read the source code to parse: failed to convert rope into string

Caused by:
- invalid utf-8 sequence of 1 bytes from index 483

Import trace:
  Server Component:
    ./src/components/Header.tsx
    ./src/app/page.tsx @ http://localhost:3000/_next/static/chunks/node_modules_next_dist_1gdrd03._.js:1945
[  186824ms] [ERROR] ./src/app/du-an/page.tsx
Reading source code for parsing failed
An unexpected error happened while trying to read the source code to parse: failed to convert rope into string

Caused by:
- invalid utf-8 sequence of 1 bytes from index 345

Import traces:
  Client Component Browser:
    ./src/app/du-an/page.tsx [Client Component Browser]
    ./src/app/du-an/page.tsx [Server Component]

  Client Component SSR:
    ./src/app/du-an/page.tsx [Client Component SSR]
    ./src/app/du-an/page.tsx [Server Component] @ http://localhost:3000/_next/static/chunks/node_modules_next_dist_1gdrd03._.js:1945
[  186886ms] [ERROR] ./src/components/Header.tsx
Reading source code for parsing failed
An unexpected error happened while trying to read the source code to parse: failed to convert rope into string

Caused by:
- invalid utf-8 sequence of 1 bytes from index 483

Import trace:
  Server Component:
    ./src/components/Header.tsx
    ./src/app/page.tsx @ http://localhost:3000/_next/static/chunks/node_modules_next_dist_1gdrd03._.js:1945
[  186887ms] [ERROR] ./src/app/du-an/page.tsx
Reading source code for parsing failed
An unexpected error happened while trying to read the source code to parse: failed to convert rope into string

Caused by:
- invalid utf-8 sequence of 1 bytes from index 345

Import traces:
  Client Component Browser:
    ./src/app/du-an/page.tsx [Client Component Browser]
    ./src/app/du-an/page.tsx [Server Component]

  Client Component SSR:
    ./src/app/du-an/page.tsx [Client Component SSR]
    ./src/app/du-an/page.tsx [Server Component] @ http://localhost:3000/_next/static/chunks/node_modules_next_dist_1gdrd03._.js:1945
[  186949ms] [ERROR] ./src/components/Header.tsx
Reading source code for parsing failed
An unexpected error happened while trying to read the source code to parse: failed to convert rope into string

Caused by:
- invalid utf-8 sequence of 1 bytes from index 483

Import trace:
  Server Component:
    ./src/components/Header.tsx
    ./src/app/page.tsx @ http://localhost:3000/_next/static/chunks/node_modules_next_dist_1gdrd03._.js:1945
[  186950ms] [ERROR] ./src/app/du-an/page.tsx
Reading source code for parsing failed
An unexpected error happened while trying to read the source code to parse: failed to convert rope into string

Caused by:
- invalid utf-8 sequence of 1 bytes from index 345

Import traces:
  Client Component Browser:
    ./src/app/du-an/page.tsx [Client Component Browser]
    ./src/app/du-an/page.tsx [Server Component]

  Client Component SSR:
    ./src/app/du-an/page.tsx [Client Component SSR]
    ./src/app/du-an/page.tsx [Server Component] @ http://localhost:3000/_next/static/chunks/node_modules_next_dist_1gdrd03._.js:1945
[  187012ms] [ERROR] ./src/components/Header.tsx
Reading source code for parsing failed
An unexpected error happened while trying to read the source code to parse: failed to convert rope into string

Caused by:
- invalid utf-8 sequence of 1 bytes from index 483

Import trace:
  Server Component:
    ./src/components/Header.tsx
    ./src/app/page.tsx @ http://localhost:3000/_next/static/chunks/node_modules_next_dist_1gdrd03._.js:1945
[  187012ms] [ERROR] ./src/app/du-an/page.tsx
Reading source code for parsing failed
An unexpected error happened while trying to read the source code to parse: failed to convert rope into string

Caused by:
- invalid utf-8 sequence of 1 bytes from index 345

Import traces:
  Client Component Browser:
    ./src/app/du-an/page.tsx [Client Component Browser]
    ./src/app/du-an/page.tsx [Server Component]

  Client Component SSR:
    ./src/app/du-an/page.tsx [Client Component SSR]
    ./src/app/du-an/page.tsx [Server Component] @ http://localhost:3000/_next/static/chunks/node_modules_next_dist_1gdrd03._.js:1945
[  187074ms] [ERROR] ./src/components/Header.tsx
Reading source code for parsing failed
An unexpected error happened while trying to read the source code to parse: failed to convert rope into string

Caused by:
- invalid utf-8 sequence of 1 bytes from index 483

Import trace:
  Server Component:
    ./src/components/Header.tsx
    ./src/app/page.tsx @ http://localhost:3000/_next/static/chunks/node_modules_next_dist_1gdrd03._.js:1945
[  187074ms] [ERROR] ./src/app/du-an/page.tsx
Reading source code for parsing failed
An unexpected error happened while trying to read the source code to parse: failed to convert rope into string

Caused by:
- invalid utf-8 sequence of 1 bytes from index 345

Import traces:
  Client Component Browser:
    ./src/app/du-an/page.tsx [Client Component Browser]
    ./src/app/du-an/page.tsx [Server Component]

  Client Component SSR:
    ./src/app/du-an/page.tsx [Client Component SSR]
    ./src/app/du-an/page.tsx [Server Component] @ http://localhost:3000/_next/static/chunks/node_modules_next_dist_1gdrd03._.js:1945
[  187133ms] [ERROR] ./src/components/Header.tsx
Reading source code for parsing failed
An unexpected error happened while trying to read the source code to parse: failed to convert rope into string

Caused by:
- invalid utf-8 sequence of 1 bytes from index 483

Import trace:
  Server Component:
    ./src/components/Header.tsx
    ./src/app/page.tsx @ http://localhost:3000/_next/static/chunks/node_modules_next_dist_1gdrd03._.js:1945
[  187133ms] [ERROR] ./src/app/du-an/page.tsx
Reading source code for parsing failed
An unexpected error happened while trying to read the source code to parse: failed to convert rope into string

Caused by:
- invalid utf-8 sequence of 1 bytes from index 345

Import traces:
  Client Component Browser:
    ./src/app/du-an/page.tsx [Client Component Browser]
    ./src/app/du-an/page.tsx [Server Component]

  Client Component SSR:
    ./src/app/du-an/page.tsx [Client Component SSR]
    ./src/app/du-an/page.tsx [Server Component] @ http://localhost:3000/_next/static/chunks/node_modules_next_dist_1gdrd03._.js:1945
[  187199ms] [ERROR] ./src/components/Header.tsx
Reading source code for parsing failed
An unexpected error happened while trying to read the source code to parse: failed to convert rope into string

Caused by:
- invalid utf-8 sequence of 1 bytes from index 483

Import trace:
  Server Component:
    ./src/components/Header.tsx
    ./src/app/page.tsx @ http://localhost:3000/_next/static/chunks/node_modules_next_dist_1gdrd03._.js:1945
[  187199ms] [ERROR] ./src/app/du-an/page.tsx
Reading source code for parsing failed
An unexpected error happened while trying to read the source code to parse: failed to convert rope into string

Caused by:
- invalid utf-8 sequence of 1 bytes from index 345

Import traces:
  Client Component Browser:
    ./src/app/du-an/page.tsx [Client Component Browser]
    ./src/app/du-an/page.tsx [Server Component]

  Client Component SSR:
    ./src/app/du-an/page.tsx [Client Component SSR]
    ./src/app/du-an/page.tsx [Server Component] @ http://localhost:3000/_next/static/chunks/node_modules_next_dist_1gdrd03._.js:1945
[  187260ms] [ERROR] ./src/components/Header.tsx
Reading source code for parsing failed
An unexpected error happened while trying to read the source code to parse: failed to convert rope into string

Caused by:
- invalid utf-8 sequence of 1 bytes from index 483

Import trace:
  Server Component:
    ./src/components/Header.tsx
    ./src/app/page.tsx @ http://localhost:3000/_next/static/chunks/node_modules_next_dist_1gdrd03._.js:1945
[  187260ms] [ERROR] ./src/app/du-an/page.tsx
Reading source code for parsing failed
An unexpected error happened while trying to read the source code to parse: failed to convert rope into string

Caused by:
- invalid utf-8 sequence of 1 bytes from index 345

Import traces:
  Client Component Browser:
    ./src/app/du-an/page.tsx [Client Component Browser]
    ./src/app/du-an/page.tsx [Server Component]

  Client Component SSR:
    ./src/app/du-an/page.tsx [Client Component SSR]
    ./src/app/du-an/page.tsx [Server Component] @ http://localhost:3000/_next/static/chunks/node_modules_next_dist_1gdrd03._.js:1945
[  187322ms] [ERROR] ./src/components/Header.tsx
Reading source code for parsing failed
An unexpected error happened while trying to read the source code to parse: failed to convert rope into string

Caused by:
- invalid utf-8 sequence of 1 bytes from index 483

Import trace:
  Server Component:
    ./src/components/Header.tsx
    ./src/app/page.tsx @ http://localhost:3000/_next/static/chunks/node_modules_next_dist_1gdrd03._.js:1945
[  187322ms] [ERROR] ./src/app/du-an/page.tsx
Reading source code for parsing failed
An unexpected error happened while trying to read the source code to parse: failed to convert rope into string

Caused by:
- invalid utf-8 sequence of 1 bytes from index 345

Import traces:
  Client Component Browser:
    ./src/app/du-an/page.tsx [Client Component Browser]
    ./src/app/du-an/page.tsx [Server Component]

  Client Component SSR:
    ./src/app/du-an/page.tsx [Client Component SSR]
    ./src/app/du-an/page.tsx [Server Component] @ http://localhost:3000/_next/static/chunks/node_modules_next_dist_1gdrd03._.js:1945
[  187385ms] [ERROR] ./src/components/Header.tsx
Reading source code for parsing failed
An unexpected error happened while trying to read the source code to parse: failed to convert rope into string

Caused by:
- invalid utf-8 sequence of 1 bytes from index 483

Import trace:
  Server Component:
    ./src/components/Header.tsx
    ./src/app/page.tsx @ http://localhost:3000/_next/static/chunks/node_modules_next_dist_1gdrd03._.js:1945
[  187385ms] [ERROR] ./src/app/du-an/page.tsx
Reading source code for parsing failed
An unexpected error happened while trying to read the source code to parse: failed to convert rope into string

Caused by:
- invalid utf-8 sequence of 1 bytes from index 345

Import traces:
  Client Component Browser:
    ./src/app/du-an/page.tsx [Client Component Browser]
    ./src/app/du-an/page.tsx [Server Component]

  Client Component SSR:
    ./src/app/du-an/page.tsx [Client Component SSR]
    ./src/app/du-an/page.tsx [Server Component] @ http://localhost:3000/_next/static/chunks/node_modules_next_dist_1gdrd03._.js:1945
[  187448ms] [ERROR] ./src/components/Header.tsx
Reading source code for parsing failed
An unexpected error happened while trying to read the source code to parse: failed to convert rope into string

Caused by:
- invalid utf-8 sequence of 1 bytes from index 483

Import trace:
  Server Component:
    ./src/components/Header.tsx
    ./src/app/page.tsx @ http://localhost:3000/_next/static/chunks/node_modules_next_dist_1gdrd03._.js:1945
[  187448ms] [ERROR] ./src/app/du-an/page.tsx
Reading source code for parsing failed
An unexpected error happened while trying to read the source code to parse: failed to convert rope into string

Caused by:
- invalid utf-8 sequence of 1 bytes from index 345

Import traces:
  Client Component Browser:
    ./src/app/du-an/page.tsx [Client Component Browser]
    ./src/app/du-an/page.tsx [Server Component]

  Client Component SSR:
    ./src/app/du-an/page.tsx [Client Component SSR]
    ./src/app/du-an/page.tsx [Server Component] @ http://localhost:3000/_next/static/chunks/node_modules_next_dist_1gdrd03._.js:1945
[  187509ms] [ERROR] ./src/components/Header.tsx
Reading source code for parsing failed
An unexpected error happened while trying to read the source code to parse: failed to convert rope into string

Caused by:
- invalid utf-8 sequence of 1 bytes from index 483

Import trace:
  Server Component:
    ./src/components/Header.tsx
    ./src/app/page.tsx @ http://localhost:3000/_next/static/chunks/node_modules_next_dist_1gdrd03._.js:1945
[  187510ms] [ERROR] ./src/app/du-an/page.tsx
Reading source code for parsing failed
An unexpected error happened while trying to read the source code to parse: failed to convert rope into string

Caused by:
- invalid utf-8 sequence of 1 bytes from index 345

Import traces:
  Client Component Browser:
    ./src/app/du-an/page.tsx [Client Component Browser]
    ./src/app/du-an/page.tsx [Server Component]

  Client Component SSR:
    ./src/app/du-an/page.tsx [Client Component SSR]
    ./src/app/du-an/page.tsx [Server Component] @ http://localhost:3000/_next/static/chunks/node_modules_next_dist_1gdrd03._.js:1945
[  187571ms] [ERROR] ./src/components/Header.tsx
Reading source code for parsing failed
An unexpected error happened while trying to read the source code to parse: failed to convert rope into string

Caused by:
- invalid utf-8 sequence of 1 bytes from index 483

Import trace:
  Server Component:
    ./src/components/Header.tsx
    ./src/app/page.tsx @ http://localhost:3000/_next/static/chunks/node_modules_next_dist_1gdrd03._.js:1945
[  187571ms] [ERROR] ./src/app/du-an/page.tsx
Reading source code for parsing failed
An unexpected error happened while trying to read the source code to parse: failed to convert rope into string

Caused by:
- invalid utf-8 sequence of 1 bytes from index 345

Import traces:
  Client Component Browser:
    ./src/app/du-an/page.tsx [Client Component Browser]
    ./src/app/du-an/page.tsx [Server Component]

  Client Component SSR:
    ./src/app/du-an/page.tsx [Client Component SSR]
    ./src/app/du-an/page.tsx [Server Component] @ http://localhost:3000/_next/static/chunks/node_modules_next_dist_1gdrd03._.js:1945
[  187635ms] [ERROR] ./src/components/Header.tsx
Reading source code for parsing failed
An unexpected error happened while trying to read the source code to parse: failed to convert rope into string

Caused by:
- invalid utf-8 sequence of 1 bytes from index 483

Import trace:
  Server Component:
    ./src/components/Header.tsx
    ./src/app/page.tsx @ http://localhost:3000/_next/static/chunks/node_modules_next_dist_1gdrd03._.js:1945
[  187635ms] [ERROR] ./src/app/du-an/page.tsx
Reading source code for parsing failed
An unexpected error happened while trying to read the source code to parse: failed to convert rope into string

Caused by:
- invalid utf-8 sequence of 1 bytes from index 345

Import traces:
  Client Component Browser:
    ./src/app/du-an/page.tsx [Client Component Browser]
    ./src/app/du-an/page.tsx [Server Component]

  Client Component SSR:
    ./src/app/du-an/page.tsx [Client Component SSR]
    ./src/app/du-an/page.tsx [Server Component] @ http://localhost:3000/_next/static/chunks/node_modules_next_dist_1gdrd03._.js:1945
[  187698ms] [ERROR] ./src/components/Header.tsx
Reading source code for parsing failed
An unexpected error happened while trying to read the source code to parse: failed to convert rope into string

Caused by:
- invalid utf-8 sequence of 1 bytes from index 483

Import trace:
  Server Component:
    ./src/components/Header.tsx
    ./src/app/page.tsx @ http://localhost:3000/_next/static/chunks/node_modules_next_dist_1gdrd03._.js:1945
[  187699ms] [ERROR] ./src/app/du-an/page.tsx
Reading source code for parsing failed
An unexpected error happened while trying to read the source code to parse: failed to convert rope into string

Caused by:
- invalid utf-8 sequence of 1 bytes from index 345

Import traces:
  Client Component Browser:
    ./src/app/du-an/page.tsx [Client Component Browser]
    ./src/app/du-an/page.tsx [Server Component]

  Client Component SSR:
    ./src/app/du-an/page.tsx [Client Component SSR]
    ./src/app/du-an/page.tsx [Server Component] @ http://localhost:3000/_next/static/chunks/node_modules_next_dist_1gdrd03._.js:1945
[  187758ms] [ERROR] ./src/components/Header.tsx
Reading source code for parsing failed
An unexpected error happened while trying to read the source code to parse: failed to convert rope into string

Caused by:
- invalid utf-8 sequence of 1 bytes from index 483

Import trace:
  Server Component:
    ./src/components/Header.tsx
    ./src/app/page.tsx @ http://localhost:3000/_next/static/chunks/node_modules_next_dist_1gdrd03._.js:1945
[  187759ms] [ERROR] ./src/app/du-an/page.tsx
Reading source code for parsing failed
An unexpected error happened while trying to read the source code to parse: failed to convert rope into string

Caused by:
- invalid utf-8 sequence of 1 bytes from index 345

Import traces:
  Client Component Browser:
    ./src/app/du-an/page.tsx [Client Component Browser]
    ./src/app/du-an/page.tsx [Server Component]

  Client Component SSR:
    ./src/app/du-an/page.tsx [Client Component SSR]
    ./src/app/du-an/page.tsx [Server Component] @ http://localhost:3000/_next/static/chunks/node_modules_next_dist_1gdrd03._.js:1945
[  187821ms] [ERROR] ./src/components/Header.tsx
Reading source code for parsing failed
An unexpected error happened while trying to read the source code to parse: failed to convert rope into string

Caused by:
- invalid utf-8 sequence of 1 bytes from index 483

Import trace:
  Server Component:
    ./src/components/Header.tsx
    ./src/app/page.tsx @ http://localhost:3000/_next/static/chunks/node_modules_next_dist_1gdrd03._.js:1945
[  187821ms] [ERROR] ./src/app/du-an/page.tsx
Reading source code for parsing failed
An unexpected error happened while trying to read the source code to parse: failed to convert rope into string

Caused by:
- invalid utf-8 sequence of 1 bytes from index 345

Import traces:
  Client Component Browser:
    ./src/app/du-an/page.tsx [Client Component Browser]
    ./src/app/du-an/page.tsx [Server Component]

  Client Component SSR:
    ./src/app/du-an/page.tsx [Client Component SSR]
    ./src/app/du-an/page.tsx [Server Component] @ http://localhost:3000/_next/static/chunks/node_modules_next_dist_1gdrd03._.js:1945
[  187882ms] [ERROR] ./src/components/Header.tsx
Reading source code for parsing failed
An unexpected error happened while trying to read the source code to parse: failed to convert rope into string

Caused by:
- invalid utf-8 sequence of 1 bytes from index 483

Import trace:
  Server Component:
    ./src/components/Header.tsx
    ./src/app/page.tsx @ http://localhost:3000/_next/static/chunks/node_modules_next_dist_1gdrd03._.js:1945
[  187883ms] [ERROR] ./src/app/du-an/page.tsx
Reading source code for parsing failed
An unexpected error happened while trying to read the source code to parse: failed to convert rope into string

Caused by:
- invalid utf-8 sequence of 1 bytes from index 345

Import traces:
  Client Component Browser:
    ./src/app/du-an/page.tsx [Client Component Browser]
    ./src/app/du-an/page.tsx [Server Component]

  Client Component SSR:
    ./src/app/du-an/page.tsx [Client Component SSR]
    ./src/app/du-an/page.tsx [Server Component] @ http://localhost:3000/_next/static/chunks/node_modules_next_dist_1gdrd03._.js:1945
[  187945ms] [ERROR] ./src/components/Header.tsx
Reading source code for parsing failed
An unexpected error happened while trying to read the source code to parse: failed to convert rope into string

Caused by:
- invalid utf-8 sequence of 1 bytes from index 483

Import trace:
  Server Component:
    ./src/components/Header.tsx
    ./src/app/page.tsx @ http://localhost:3000/_next/static/chunks/node_modules_next_dist_1gdrd03._.js:1945
[  187945ms] [ERROR] ./src/app/du-an/page.tsx
Reading source code for parsing failed
An unexpected error happened while trying to read the source code to parse: failed to convert rope into string

Caused by:
- invalid utf-8 sequence of 1 bytes from index 345

Import traces:
  Client Component Browser:
    ./src/app/du-an/page.tsx [Client Component Browser]
    ./src/app/du-an/page.tsx [Server Component]

  Client Component SSR:
    ./src/app/du-an/page.tsx [Client Component SSR]
    ./src/app/du-an/page.tsx [Server Component] @ http://localhost:3000/_next/static/chunks/node_modules_next_dist_1gdrd03._.js:1945
[  188007ms] [ERROR] ./src/components/Header.tsx
Reading source code for parsing failed
An unexpected error happened while trying to read the source code to parse: failed to convert rope into string

Caused by:
- invalid utf-8 sequence of 1 bytes from index 483

Import trace:
  Server Component:
    ./src/components/Header.tsx
    ./src/app/page.tsx @ http://localhost:3000/_next/static/chunks/node_modules_next_dist_1gdrd03._.js:1945
[  188008ms] [ERROR] ./src/app/du-an/page.tsx
Reading source code for parsing failed
An unexpected error happened while trying to read the source code to parse: failed to convert rope into string

Caused by:
- invalid utf-8 sequence of 1 bytes from index 345

Import traces:
  Client Component Browser:
    ./src/app/du-an/page.tsx [Client Component Browser]
    ./src/app/du-an/page.tsx [Server Component]

  Client Component SSR:
    ./src/app/du-an/page.tsx [Client Component SSR]
    ./src/app/du-an/page.tsx [Server Component] @ http://localhost:3000/_next/static/chunks/node_modules_next_dist_1gdrd03._.js:1945
[  188070ms] [ERROR] ./src/components/Header.tsx
Reading source code for parsing failed
An unexpected error happened while trying to read the source code to parse: failed to convert rope into string

Caused by:
- invalid utf-8 sequence of 1 bytes from index 483

Import trace:
  Server Component:
    ./src/components/Header.tsx
    ./src/app/page.tsx @ http://localhost:3000/_next/static/chunks/node_modules_next_dist_1gdrd03._.js:1945
[  188071ms] [ERROR] ./src/app/du-an/page.tsx
Reading source code for parsing failed
An unexpected error happened while trying to read the source code to parse: failed to convert rope into string

Caused by:
- invalid utf-8 sequence of 1 bytes from index 345

Import traces:
  Client Component Browser:
    ./src/app/du-an/page.tsx [Client Component Browser]
    ./src/app/du-an/page.tsx [Server Component]

  Client Component SSR:
    ./src/app/du-an/page.tsx [Client Component SSR]
    ./src/app/du-an/page.tsx [Server Component] @ http://localhost:3000/_next/static/chunks/node_modules_next_dist_1gdrd03._.js:1945
[  188133ms] [ERROR] ./src/components/Header.tsx
Reading source code for parsing failed
An unexpected error happened while trying to read the source code to parse: failed to convert rope into string

Caused by:
- invalid utf-8 sequence of 1 bytes from index 483

Import trace:
  Server Component:
    ./src/components/Header.tsx
    ./src/app/page.tsx @ http://localhost:3000/_next/static/chunks/node_modules_next_dist_1gdrd03._.js:1945
[  188133ms] [ERROR] ./src/app/du-an/page.tsx
Reading source code for parsing failed
An unexpected error happened while trying to read the source code to parse: failed to convert rope into string

Caused by:
- invalid utf-8 sequence of 1 bytes from index 345

Import traces:
  Client Component Browser:
    ./src/app/du-an/page.tsx [Client Component Browser]
    ./src/app/du-an/page.tsx [Server Component]

  Client Component SSR:
    ./src/app/du-an/page.tsx [Client Component SSR]
    ./src/app/du-an/page.tsx [Server Component] @ http://localhost:3000/_next/static/chunks/node_modules_next_dist_1gdrd03._.js:1945
[  188193ms] [ERROR] ./src/components/Header.tsx
Reading source code for parsing failed
An unexpected error happened while trying to read the source code to parse: failed to convert rope into string

Caused by:
- invalid utf-8 sequence of 1 bytes from index 483

Import trace:
  Server Component:
    ./src/components/Header.tsx
    ./src/app/page.tsx @ http://localhost:3000/_next/static/chunks/node_modules_next_dist_1gdrd03._.js:1945
[  188193ms] [ERROR] ./src/app/du-an/page.tsx
Reading source code for parsing failed
An unexpected error happened while trying to read the source code to parse: failed to convert rope into string

Caused by:
- invalid utf-8 sequence of 1 bytes from index 345

Import traces:
  Client Component Browser:
    ./src/app/du-an/page.tsx [Client Component Browser]
    ./src/app/du-an/page.tsx [Server Component]

  Client Component SSR:
    ./src/app/du-an/page.tsx [Client Component SSR]
    ./src/app/du-an/page.tsx [Server Component] @ http://localhost:3000/_next/static/chunks/node_modules_next_dist_1gdrd03._.js:1945
[  188256ms] [ERROR] ./src/components/Header.tsx
Reading source code for parsing failed
An unexpected error happened while trying to read the source code to parse: failed to convert rope into string

Caused by:
- invalid utf-8 sequence of 1 bytes from index 483

Import trace:
  Server Component:
    ./src/components/Header.tsx
    ./src/app/page.tsx @ http://localhost:3000/_next/static/chunks/node_modules_next_dist_1gdrd03._.js:1945
[  188256ms] [ERROR] ./src/app/du-an/page.tsx
Reading source code for parsing failed
An unexpected error happened while trying to read the source code to parse: failed to convert rope into string

Caused by:
- invalid utf-8 sequence of 1 bytes from index 345

Import traces:
  Client Component Browser:
    ./src/app/du-an/page.tsx [Client Component Browser]
    ./src/app/du-an/page.tsx [Server Component]

  Client Component SSR:
    ./src/app/du-an/page.tsx [Client Component SSR]
    ./src/app/du-an/page.tsx [Server Component] @ http://localhost:3000/_next/static/chunks/node_modules_next_dist_1gdrd03._.js:1945
[  188319ms] [ERROR] ./src/components/Header.tsx
Reading source code for parsing failed
An unexpected error happened while trying to read the source code to parse: failed to convert rope into string

Caused by:
- invalid utf-8 sequence of 1 bytes from index 483

Import trace:
  Server Component:
    ./src/components/Header.tsx
    ./src/app/page.tsx @ http://localhost:3000/_next/static/chunks/node_modules_next_dist_1gdrd03._.js:1945
[  188319ms] [ERROR] ./src/app/du-an/page.tsx
Reading source code for parsing failed
An unexpected error happened while trying to read the source code to parse: failed to convert rope into string

Caused by:
- invalid utf-8 sequence of 1 bytes from index 345

Import traces:
  Client Component Browser:
    ./src/app/du-an/page.tsx [Client Component Browser]
    ./src/app/du-an/page.tsx [Server Component]

  Client Component SSR:
    ./src/app/du-an/page.tsx [Client Component SSR]
    ./src/app/du-an/page.tsx [Server Component] @ http://localhost:3000/_next/static/chunks/node_modules_next_dist_1gdrd03._.js:1945
[  188381ms] [ERROR] ./src/components/Header.tsx
Reading source code for parsing failed
An unexpected error happened while trying to read the source code to parse: failed to convert rope into string

Caused by:
- invalid utf-8 sequence of 1 bytes from index 483

Import trace:
  Server Component:
    ./src/components/Header.tsx
    ./src/app/page.tsx @ http://localhost:3000/_next/static/chunks/node_modules_next_dist_1gdrd03._.js:1945
[  188381ms] [ERROR] ./src/app/du-an/page.tsx
Reading source code for parsing failed
An unexpected error happened while trying to read the source code to parse: failed to convert rope into string

Caused by:
- invalid utf-8 sequence of 1 bytes from index 345

Import traces:
  Client Component Browser:
    ./src/app/du-an/page.tsx [Client Component Browser]
    ./src/app/du-an/page.tsx [Server Component]

  Client Component SSR:
    ./src/app/du-an/page.tsx [Client Component SSR]
    ./src/app/du-an/page.tsx [Server Component] @ http://localhost:3000/_next/static/chunks/node_modules_next_dist_1gdrd03._.js:1945
[  188443ms] [ERROR] ./src/components/Header.tsx
Reading source code for parsing failed
An unexpected error happened while trying to read the source code to parse: failed to convert rope into string

Caused by:
- invalid utf-8 sequence of 1 bytes from index 483

Import trace:
  Server Component:
    ./src/components/Header.tsx
    ./src/app/page.tsx @ http://localhost:3000/_next/static/chunks/node_modules_next_dist_1gdrd03._.js:1945
[  188443ms] [ERROR] ./src/app/du-an/page.tsx
Reading source code for parsing failed
An unexpected error happened while trying to read the source code to parse: failed to convert rope into string

Caused by:
- invalid utf-8 sequence of 1 bytes from index 345

Import traces:
  Client Component Browser:
    ./src/app/du-an/page.tsx [Client Component Browser]
    ./src/app/du-an/page.tsx [Server Component]

  Client Component SSR:
    ./src/app/du-an/page.tsx [Client Component SSR]
    ./src/app/du-an/page.tsx [Server Component] @ http://localhost:3000/_next/static/chunks/node_modules_next_dist_1gdrd03._.js:1945
[  188505ms] [ERROR] ./src/components/Header.tsx
Reading source code for parsing failed
An unexpected error happened while trying to read the source code to parse: failed to convert rope into string

Caused by:
- invalid utf-8 sequence of 1 bytes from index 483

Import trace:
  Server Component:
    ./src/components/Header.tsx
    ./src/app/page.tsx @ http://localhost:3000/_next/static/chunks/node_modules_next_dist_1gdrd03._.js:1945
[  188505ms] [ERROR] ./src/app/du-an/page.tsx
Reading source code for parsing failed
An unexpected error happened while trying to read the source code to parse: failed to convert rope into string

Caused by:
- invalid utf-8 sequence of 1 bytes from index 345

Import traces:
  Client Component Browser:
    ./src/app/du-an/page.tsx [Client Component Browser]
    ./src/app/du-an/page.tsx [Server Component]

  Client Component SSR:
    ./src/app/du-an/page.tsx [Client Component SSR]
    ./src/app/du-an/page.tsx [Server Component] @ http://localhost:3000/_next/static/chunks/node_modules_next_dist_1gdrd03._.js:1945
[  188567ms] [ERROR] ./src/components/Header.tsx
Reading source code for parsing failed
An unexpected error happened while trying to read the source code to parse: failed to convert rope into string

Caused by:
- invalid utf-8 sequence of 1 bytes from index 483

Import trace:
  Server Component:
    ./src/components/Header.tsx
    ./src/app/page.tsx @ http://localhost:3000/_next/static/chunks/node_modules_next_dist_1gdrd03._.js:1945
[  188567ms] [ERROR] ./src/app/du-an/page.tsx
Reading source code for parsing failed
An unexpected error happened while trying to read the source code to parse: failed to convert rope into string

Caused by:
- invalid utf-8 sequence of 1 bytes from index 345

Import traces:
  Client Component Browser:
    ./src/app/du-an/page.tsx [Client Component Browser]
    ./src/app/du-an/page.tsx [Server Component]

  Client Component SSR:
    ./src/app/du-an/page.tsx [Client Component SSR]
    ./src/app/du-an/page.tsx [Server Component] @ http://localhost:3000/_next/static/chunks/node_modules_next_dist_1gdrd03._.js:1945
[  188629ms] [ERROR] ./src/components/Header.tsx
Reading source code for parsing failed
An unexpected error happened while trying to read the source code to parse: failed to convert rope into string

Caused by:
- invalid utf-8 sequence of 1 bytes from index 483

Import trace:
  Server Component:
    ./src/components/Header.tsx
    ./src/app/page.tsx @ http://localhost:3000/_next/static/chunks/node_modules_next_dist_1gdrd03._.js:1945
[  188629ms] [ERROR] ./src/app/du-an/page.tsx
Reading source code for parsing failed
An unexpected error happened while trying to read the source code to parse: failed to convert rope into string

Caused by:
- invalid utf-8 sequence of 1 bytes from index 345

Import traces:
  Client Component Browser:
    ./src/app/du-an/page.tsx [Client Component Browser]
    ./src/app/du-an/page.tsx [Server Component]

  Client Component SSR:
    ./src/app/du-an/page.tsx [Client Component SSR]
    ./src/app/du-an/page.tsx [Server Component] @ http://localhost:3000/_next/static/chunks/node_modules_next_dist_1gdrd03._.js:1945
[  188694ms] [ERROR] ./src/components/Header.tsx
Reading source code for parsing failed
An unexpected error happened while trying to read the source code to parse: failed to convert rope into string

Caused by:
- invalid utf-8 sequence of 1 bytes from index 483

Import trace:
  Server Component:
    ./src/components/Header.tsx
    ./src/app/page.tsx @ http://localhost:3000/_next/static/chunks/node_modules_next_dist_1gdrd03._.js:1945
[  188694ms] [ERROR] ./src/app/du-an/page.tsx
Reading source code for parsing failed
An unexpected error happened while trying to read the source code to parse: failed to convert rope into string

Caused by:
- invalid utf-8 sequence of 1 bytes from index 345

Import traces:
  Client Component Browser:
    ./src/app/du-an/page.tsx [Client Component Browser]
    ./src/app/du-an/page.tsx [Server Component]

  Client Component SSR:
    ./src/app/du-an/page.tsx [Client Component SSR]
    ./src/app/du-an/page.tsx [Server Component] @ http://localhost:3000/_next/static/chunks/node_modules_next_dist_1gdrd03._.js:1945
[  188756ms] [ERROR] ./src/components/Header.tsx
Reading source code for parsing failed
An unexpected error happened while trying to read the source code to parse: failed to convert rope into string

Caused by:
- invalid utf-8 sequence of 1 bytes from index 483

Import trace:
  Server Component:
    ./src/components/Header.tsx
    ./src/app/page.tsx @ http://localhost:3000/_next/static/chunks/node_modules_next_dist_1gdrd03._.js:1945
[  188757ms] [ERROR] ./src/app/du-an/page.tsx
Reading source code for parsing failed
An unexpected error happened while trying to read the source code to parse: failed to convert rope into string

Caused by:
- invalid utf-8 sequence of 1 bytes from index 345

Import traces:
  Client Component Browser:
    ./src/app/du-an/page.tsx [Client Component Browser]
    ./src/app/du-an/page.tsx [Server Component]

  Client Component SSR:
    ./src/app/du-an/page.tsx [Client Component SSR]
    ./src/app/du-an/page.tsx [Server Component] @ http://localhost:3000/_next/static/chunks/node_modules_next_dist_1gdrd03._.js:1945
[  188817ms] [ERROR] ./src/components/Header.tsx
Reading source code for parsing failed
An unexpected error happened while trying to read the source code to parse: failed to convert rope into string

Caused by:
- invalid utf-8 sequence of 1 bytes from index 483

Import trace:
  Server Component:
    ./src/components/Header.tsx
    ./src/app/page.tsx @ http://localhost:3000/_next/static/chunks/node_modules_next_dist_1gdrd03._.js:1945
[  188817ms] [ERROR] ./src/app/du-an/page.tsx
Reading source code for parsing failed
An unexpected error happened while trying to read the source code to parse: failed to convert rope into string

Caused by:
- invalid utf-8 sequence of 1 bytes from index 345

Import traces:
  Client Component Browser:
    ./src/app/du-an/page.tsx [Client Component Browser]
    ./src/app/du-an/page.tsx [Server Component]

  Client Component SSR:
    ./src/app/du-an/page.tsx [Client Component SSR]
    ./src/app/du-an/page.tsx [Server Component] @ http://localhost:3000/_next/static/chunks/node_modules_next_dist_1gdrd03._.js:1945
[  188878ms] [ERROR] ./src/components/Header.tsx
Reading source code for parsing failed
An unexpected error happened while trying to read the source code to parse: failed to convert rope into string

Caused by:
- invalid utf-8 sequence of 1 bytes from index 483

Import trace:
  Server Component:
    ./src/components/Header.tsx
    ./src/app/page.tsx @ http://localhost:3000/_next/static/chunks/node_modules_next_dist_1gdrd03._.js:1945
[  188878ms] [ERROR] ./src/app/du-an/page.tsx
Reading source code for parsing failed
An unexpected error happened while trying to read the source code to parse: failed to convert rope into string

Caused by:
- invalid utf-8 sequence of 1 bytes from index 345

Import traces:
  Client Component Browser:
    ./src/app/du-an/page.tsx [Client Component Browser]
    ./src/app/du-an/page.tsx [Server Component]

  Client Component SSR:
    ./src/app/du-an/page.tsx [Client Component SSR]
    ./src/app/du-an/page.tsx [Server Component] @ http://localhost:3000/_next/static/chunks/node_modules_next_dist_1gdrd03._.js:1945
[  188940ms] [ERROR] ./src/components/Header.tsx
Reading source code for parsing failed
An unexpected error happened while trying to read the source code to parse: failed to convert rope into string

Caused by:
- invalid utf-8 sequence of 1 bytes from index 483

Import trace:
  Server Component:
    ./src/components/Header.tsx
    ./src/app/page.tsx @ http://localhost:3000/_next/static/chunks/node_modules_next_dist_1gdrd03._.js:1945
[  188940ms] [ERROR] ./src/app/du-an/page.tsx
Reading source code for parsing failed
An unexpected error happened while trying to read the source code to parse: failed to convert rope into string

Caused by:
- invalid utf-8 sequence of 1 bytes from index 345

Import traces:
  Client Component Browser:
    ./src/app/du-an/page.tsx [Client Component Browser]
    ./src/app/du-an/page.tsx [Server Component]

  Client Component SSR:
    ./src/app/du-an/page.tsx [Client Component SSR]
    ./src/app/du-an/page.tsx [Server Component] @ http://localhost:3000/_next/static/chunks/node_modules_next_dist_1gdrd03._.js:1945
[  189004ms] [ERROR] ./src/components/Header.tsx
Reading source code for parsing failed
An unexpected error happened while trying to read the source code to parse: failed to convert rope into string

Caused by:
- invalid utf-8 sequence of 1 bytes from index 483

Import trace:
  Server Component:
    ./src/components/Header.tsx
    ./src/app/page.tsx @ http://localhost:3000/_next/static/chunks/node_modules_next_dist_1gdrd03._.js:1945
[  189004ms] [ERROR] ./src/app/du-an/page.tsx
Reading source code for parsing failed
An unexpected error happened while trying to read the source code to parse: failed to convert rope into string

Caused by:
- invalid utf-8 sequence of 1 bytes from index 345

Import traces:
  Client Component Browser:
    ./src/app/du-an/page.tsx [Client Component Browser]
    ./src/app/du-an/page.tsx [Server Component]

  Client Component SSR:
    ./src/app/du-an/page.tsx [Client Component SSR]
    ./src/app/du-an/page.tsx [Server Component] @ http://localhost:3000/_next/static/chunks/node_modules_next_dist_1gdrd03._.js:1945
[  189067ms] [ERROR] ./src/components/Header.tsx
Reading source code for parsing failed
An unexpected error happened while trying to read the source code to parse: failed to convert rope into string

Caused by:
- invalid utf-8 sequence of 1 bytes from index 483

Import trace:
  Server Component:
    ./src/components/Header.tsx
    ./src/app/page.tsx @ http://localhost:3000/_next/static/chunks/node_modules_next_dist_1gdrd03._.js:1945
[  189067ms] [ERROR] ./src/app/du-an/page.tsx
Reading source code for parsing failed
An unexpected error happened while trying to read the source code to parse: failed to convert rope into string

Caused by:
- invalid utf-8 sequence of 1 bytes from index 345

Import traces:
  Client Component Browser:
    ./src/app/du-an/page.tsx [Client Component Browser]
    ./src/app/du-an/page.tsx [Server Component]

  Client Component SSR:
    ./src/app/du-an/page.tsx [Client Component SSR]
    ./src/app/du-an/page.tsx [Server Component] @ http://localhost:3000/_next/static/chunks/node_modules_next_dist_1gdrd03._.js:1945
[  189131ms] [ERROR] ./src/components/Header.tsx
Reading source code for parsing failed
An unexpected error happened while trying to read the source code to parse: failed to convert rope into string

Caused by:
- invalid utf-8 sequence of 1 bytes from index 483

Import trace:
  Server Component:
    ./src/components/Header.tsx
    ./src/app/page.tsx @ http://localhost:3000/_next/static/chunks/node_modules_next_dist_1gdrd03._.js:1945
[  189131ms] [ERROR] ./src/app/du-an/page.tsx
Reading source code for parsing failed
An unexpected error happened while trying to read the source code to parse: failed to convert rope into string

Caused by:
- invalid utf-8 sequence of 1 bytes from index 345

Import traces:
  Client Component Browser:
    ./src/app/du-an/page.tsx [Client Component Browser]
    ./src/app/du-an/page.tsx [Server Component]

  Client Component SSR:
    ./src/app/du-an/page.tsx [Client Component SSR]
    ./src/app/du-an/page.tsx [Server Component] @ http://localhost:3000/_next/static/chunks/node_modules_next_dist_1gdrd03._.js:1945
[  189194ms] [ERROR] ./src/components/Header.tsx
Reading source code for parsing failed
An unexpected error happened while trying to read the source code to parse: failed to convert rope into string

Caused by:
- invalid utf-8 sequence of 1 bytes from index 483

Import trace:
  Server Component:
    ./src/components/Header.tsx
    ./src/app/page.tsx @ http://localhost:3000/_next/static/chunks/node_modules_next_dist_1gdrd03._.js:1945
[  189194ms] [ERROR] ./src/app/du-an/page.tsx
Reading source code for parsing failed
An unexpected error happened while trying to read the source code to parse: failed to convert rope into string

Caused by:
- invalid utf-8 sequence of 1 bytes from index 345

Import traces:
  Client Component Browser:
    ./src/app/du-an/page.tsx [Client Component Browser]
    ./src/app/du-an/page.tsx [Server Component]

  Client Component SSR:
    ./src/app/du-an/page.tsx [Client Component SSR]
    ./src/app/du-an/page.tsx [Server Component] @ http://localhost:3000/_next/static/chunks/node_modules_next_dist_1gdrd03._.js:1945
[  189247ms] [ERROR] ./src/components/Header.tsx
Reading source code for parsing failed
An unexpected error happened while trying to read the source code to parse: failed to convert rope into string

Caused by:
- invalid utf-8 sequence of 1 bytes from index 483

Import trace:
  Server Component:
    ./src/components/Header.tsx
    ./src/app/page.tsx @ http://localhost:3000/_next/static/chunks/node_modules_next_dist_1gdrd03._.js:1945
[  189247ms] [ERROR] ./src/app/du-an/page.tsx
Reading source code for parsing failed
An unexpected error happened while trying to read the source code to parse: failed to convert rope into string

Caused by:
- invalid utf-8 sequence of 1 bytes from index 345

Import traces:
  Client Component Browser:
    ./src/app/du-an/page.tsx [Client Component Browser]
    ./src/app/du-an/page.tsx [Server Component]

  Client Component SSR:
    ./src/app/du-an/page.tsx [Client Component SSR]
    ./src/app/du-an/page.tsx [Server Component] @ http://localhost:3000/_next/static/chunks/node_modules_next_dist_1gdrd03._.js:1945
[  189298ms] [ERROR] ./src/components/Header.tsx
Reading source code for parsing failed
An unexpected error happened while trying to read the source code to parse: failed to convert rope into string

Caused by:
- invalid utf-8 sequence of 1 bytes from index 483

Import trace:
  Server Component:
    ./src/components/Header.tsx
    ./src/app/page.tsx @ http://localhost:3000/_next/static/chunks/node_modules_next_dist_1gdrd03._.js:1945
[  189298ms] [ERROR] ./src/app/du-an/page.tsx
Reading source code for parsing failed
An unexpected error happened while trying to read the source code to parse: failed to convert rope into string

Caused by:
- invalid utf-8 sequence of 1 bytes from index 345

Import traces:
  Client Component Browser:
    ./src/app/du-an/page.tsx [Client Component Browser]
    ./src/app/du-an/page.tsx [Server Component]

  Client Component SSR:
    ./src/app/du-an/page.tsx [Client Component SSR]
    ./src/app/du-an/page.tsx [Server Component] @ http://localhost:3000/_next/static/chunks/node_modules_next_dist_1gdrd03._.js:1945
[  189360ms] [ERROR] ./src/components/Header.tsx
Reading source code for parsing failed
An unexpected error happened while trying to read the source code to parse: failed to convert rope into string

Caused by:
- invalid utf-8 sequence of 1 bytes from index 483

Import trace:
  Server Component:
    ./src/components/Header.tsx
    ./src/app/page.tsx @ http://localhost:3000/_next/static/chunks/node_modules_next_dist_1gdrd03._.js:1945
[  189360ms] [ERROR] ./src/app/du-an/page.tsx
Reading source code for parsing failed
An unexpected error happened while trying to read the source code to parse: failed to convert rope into string

Caused by:
- invalid utf-8 sequence of 1 bytes from index 345

Import traces:
  Client Component Browser:
    ./src/app/du-an/page.tsx [Client Component Browser]
    ./src/app/du-an/page.tsx [Server Component]

  Client Component SSR:
    ./src/app/du-an/page.tsx [Client Component SSR]
    ./src/app/du-an/page.tsx [Server Component] @ http://localhost:3000/_next/static/chunks/node_modules_next_dist_1gdrd03._.js:1945
[  189422ms] [ERROR] ./src/components/Header.tsx
Reading source code for parsing failed
An unexpected error happened while trying to read the source code to parse: failed to convert rope into string

Caused by:
- invalid utf-8 sequence of 1 bytes from index 483

Import trace:
  Server Component:
    ./src/components/Header.tsx
    ./src/app/page.tsx @ http://localhost:3000/_next/static/chunks/node_modules_next_dist_1gdrd03._.js:1945
[  189423ms] [ERROR] ./src/app/du-an/page.tsx
Reading source code for parsing failed
An unexpected error happened while trying to read the source code to parse: failed to convert rope into string

Caused by:
- invalid utf-8 sequence of 1 bytes from index 345

Import traces:
  Client Component Browser:
    ./src/app/du-an/page.tsx [Client Component Browser]
    ./src/app/du-an/page.tsx [Server Component]

  Client Component SSR:
    ./src/app/du-an/page.tsx [Client Component SSR]
    ./src/app/du-an/page.tsx [Server Component] @ http://localhost:3000/_next/static/chunks/node_modules_next_dist_1gdrd03._.js:1945
[  189485ms] [ERROR] ./src/components/Header.tsx
Reading source code for parsing failed
An unexpected error happened while trying to read the source code to parse: failed to convert rope into string

Caused by:
- invalid utf-8 sequence of 1 bytes from index 483

Import trace:
  Server Component:
    ./src/components/Header.tsx
    ./src/app/page.tsx @ http://localhost:3000/_next/static/chunks/node_modules_next_dist_1gdrd03._.js:1945
[  189485ms] [ERROR] ./src/app/du-an/page.tsx
Reading source code for parsing failed
An unexpected error happened while trying to read the source code to parse: failed to convert rope into string

Caused by:
- invalid utf-8 sequence of 1 bytes from index 345

Import traces:
  Client Component Browser:
    ./src/app/du-an/page.tsx [Client Component Browser]
    ./src/app/du-an/page.tsx [Server Component]

  Client Component SSR:
    ./src/app/du-an/page.tsx [Client Component SSR]
    ./src/app/du-an/page.tsx [Server Component] @ http://localhost:3000/_next/static/chunks/node_modules_next_dist_1gdrd03._.js:1945
[  189548ms] [ERROR] ./src/components/Header.tsx
Reading source code for parsing failed
An unexpected error happened while trying to read the source code to parse: failed to convert rope into string

Caused by:
- invalid utf-8 sequence of 1 bytes from index 483

Import trace:
  Server Component:
    ./src/components/Header.tsx
    ./src/app/page.tsx @ http://localhost:3000/_next/static/chunks/node_modules_next_dist_1gdrd03._.js:1945
[  189548ms] [ERROR] ./src/app/du-an/page.tsx
Reading source code for parsing failed
An unexpected error happened while trying to read the source code to parse: failed to convert rope into string

Caused by:
- invalid utf-8 sequence of 1 bytes from index 345

Import traces:
  Client Component Browser:
    ./src/app/du-an/page.tsx [Client Component Browser]
    ./src/app/du-an/page.tsx [Server Component]

  Client Component SSR:
    ./src/app/du-an/page.tsx [Client Component SSR]
    ./src/app/du-an/page.tsx [Server Component] @ http://localhost:3000/_next/static/chunks/node_modules_next_dist_1gdrd03._.js:1945
[  189611ms] [ERROR] ./src/components/Header.tsx
Reading source code for parsing failed
An unexpected error happened while trying to read the source code to parse: failed to convert rope into string

Caused by:
- invalid utf-8 sequence of 1 bytes from index 483

Import trace:
  Server Component:
    ./src/components/Header.tsx
    ./src/app/page.tsx @ http://localhost:3000/_next/static/chunks/node_modules_next_dist_1gdrd03._.js:1945
[  189611ms] [ERROR] ./src/app/du-an/page.tsx
Reading source code for parsing failed
An unexpected error happened while trying to read the source code to parse: failed to convert rope into string

Caused by:
- invalid utf-8 sequence of 1 bytes from index 345

Import traces:
  Client Component Browser:
    ./src/app/du-an/page.tsx [Client Component Browser]
    ./src/app/du-an/page.tsx [Server Component]

  Client Component SSR:
    ./src/app/du-an/page.tsx [Client Component SSR]
    ./src/app/du-an/page.tsx [Server Component] @ http://localhost:3000/_next/static/chunks/node_modules_next_dist_1gdrd03._.js:1945
[  189673ms] [ERROR] ./src/components/Header.tsx
Reading source code for parsing failed
An unexpected error happened while trying to read the source code to parse: failed to convert rope into string

Caused by:
- invalid utf-8 sequence of 1 bytes from index 483

Import trace:
  Server Component:
    ./src/components/Header.tsx
    ./src/app/page.tsx @ http://localhost:3000/_next/static/chunks/node_modules_next_dist_1gdrd03._.js:1945
[  189673ms] [ERROR] ./src/app/du-an/page.tsx
Reading source code for parsing failed
An unexpected error happened while trying to read the source code to parse: failed to convert rope into string

Caused by:
- invalid utf-8 sequence of 1 bytes from index 345

Import traces:
  Client Component Browser:
    ./src/app/du-an/page.tsx [Client Component Browser]
    ./src/app/du-an/page.tsx [Server Component]

  Client Component SSR:
    ./src/app/du-an/page.tsx [Client Component SSR]
    ./src/app/du-an/page.tsx [Server Component] @ http://localhost:3000/_next/static/chunks/node_modules_next_dist_1gdrd03._.js:1945
[  189737ms] [ERROR] ./src/components/Header.tsx
Reading source code for parsing failed
An unexpected error happened while trying to read the source code to parse: failed to convert rope into string

Caused by:
- invalid utf-8 sequence of 1 bytes from index 483

Import trace:
  Server Component:
    ./src/components/Header.tsx
    ./src/app/page.tsx @ http://localhost:3000/_next/static/chunks/node_modules_next_dist_1gdrd03._.js:1945
[  189737ms] [ERROR] ./src/app/du-an/page.tsx
Reading source code for parsing failed
An unexpected error happened while trying to read the source code to parse: failed to convert rope into string

Caused by:
- invalid utf-8 sequence of 1 bytes from index 345

Import traces:
  Client Component Browser:
    ./src/app/du-an/page.tsx [Client Component Browser]
    ./src/app/du-an/page.tsx [Server Component]

  Client Component SSR:
    ./src/app/du-an/page.tsx [Client Component SSR]
    ./src/app/du-an/page.tsx [Server Component] @ http://localhost:3000/_next/static/chunks/node_modules_next_dist_1gdrd03._.js:1945
[  189800ms] [ERROR] ./src/components/Header.tsx
Reading source code for parsing failed
An unexpected error happened while trying to read the source code to parse: failed to convert rope into string

Caused by:
- invalid utf-8 sequence of 1 bytes from index 483

Import trace:
  Server Component:
    ./src/components/Header.tsx
    ./src/app/page.tsx @ http://localhost:3000/_next/static/chunks/node_modules_next_dist_1gdrd03._.js:1945
[  189800ms] [ERROR] ./src/app/du-an/page.tsx
Reading source code for parsing failed
An unexpected error happened while trying to read the source code to parse: failed to convert rope into string

Caused by:
- invalid utf-8 sequence of 1 bytes from index 345

Import traces:
  Client Component Browser:
    ./src/app/du-an/page.tsx [Client Component Browser]
    ./src/app/du-an/page.tsx [Server Component]

  Client Component SSR:
    ./src/app/du-an/page.tsx [Client Component SSR]
    ./src/app/du-an/page.tsx [Server Component] @ http://localhost:3000/_next/static/chunks/node_modules_next_dist_1gdrd03._.js:1945
[  189864ms] [ERROR] ./src/components/Header.tsx
Reading source code for parsing failed
An unexpected error happened while trying to read the source code to parse: failed to convert rope into string

Caused by:
- invalid utf-8 sequence of 1 bytes from index 483

Import trace:
  Server Component:
    ./src/components/Header.tsx
    ./src/app/page.tsx @ http://localhost:3000/_next/static/chunks/node_modules_next_dist_1gdrd03._.js:1945
[  189864ms] [ERROR] ./src/app/du-an/page.tsx
Reading source code for parsing failed
An unexpected error happened while trying to read the source code to parse: failed to convert rope into string

Caused by:
- invalid utf-8 sequence of 1 bytes from index 345

Import traces:
  Client Component Browser:
    ./src/app/du-an/page.tsx [Client Component Browser]
    ./src/app/du-an/page.tsx [Server Component]

  Client Component SSR:
    ./src/app/du-an/page.tsx [Client Component SSR]
    ./src/app/du-an/page.tsx [Server Component] @ http://localhost:3000/_next/static/chunks/node_modules_next_dist_1gdrd03._.js:1945
[  189927ms] [ERROR] ./src/components/Header.tsx
Reading source code for parsing failed
An unexpected error happened while trying to read the source code to parse: failed to convert rope into string

Caused by:
- invalid utf-8 sequence of 1 bytes from index 483

Import trace:
  Server Component:
    ./src/components/Header.tsx
    ./src/app/page.tsx @ http://localhost:3000/_next/static/chunks/node_modules_next_dist_1gdrd03._.js:1945
[  189927ms] [ERROR] ./src/app/du-an/page.tsx
Reading source code for parsing failed
An unexpected error happened while trying to read the source code to parse: failed to convert rope into string

Caused by:
- invalid utf-8 sequence of 1 bytes from index 345

Import traces:
  Client Component Browser:
    ./src/app/du-an/page.tsx [Client Component Browser]
    ./src/app/du-an/page.tsx [Server Component]

  Client Component SSR:
    ./src/app/du-an/page.tsx [Client Component SSR]
    ./src/app/du-an/page.tsx [Server Component] @ http://localhost:3000/_next/static/chunks/node_modules_next_dist_1gdrd03._.js:1945
[  189979ms] [ERROR] ./src/components/Header.tsx
Reading source code for parsing failed
An unexpected error happened while trying to read the source code to parse: failed to convert rope into string

Caused by:
- invalid utf-8 sequence of 1 bytes from index 483

Import trace:
  Server Component:
    ./src/components/Header.tsx
    ./src/app/page.tsx @ http://localhost:3000/_next/static/chunks/node_modules_next_dist_1gdrd03._.js:1945
[  189979ms] [ERROR] ./src/app/du-an/page.tsx
Reading source code for parsing failed
An unexpected error happened while trying to read the source code to parse: failed to convert rope into string

Caused by:
- invalid utf-8 sequence of 1 bytes from index 345

Import traces:
  Client Component Browser:
    ./src/app/du-an/page.tsx [Client Component Browser]
    ./src/app/du-an/page.tsx [Server Component]

  Client Component SSR:
    ./src/app/du-an/page.tsx [Client Component SSR]
    ./src/app/du-an/page.tsx [Server Component] @ http://localhost:3000/_next/static/chunks/node_modules_next_dist_1gdrd03._.js:1945
[  190042ms] [ERROR] ./src/components/Header.tsx
Reading source code for parsing failed
An unexpected error happened while trying to read the source code to parse: failed to convert rope into string

Caused by:
- invalid utf-8 sequence of 1 bytes from index 483

Import trace:
  Server Component:
    ./src/components/Header.tsx
    ./src/app/page.tsx @ http://localhost:3000/_next/static/chunks/node_modules_next_dist_1gdrd03._.js:1945
[  190042ms] [ERROR] ./src/app/du-an/page.tsx
Reading source code for parsing failed
An unexpected error happened while trying to read the source code to parse: failed to convert rope into string

Caused by:
- invalid utf-8 sequence of 1 bytes from index 345

Import traces:
  Client Component Browser:
    ./src/app/du-an/page.tsx [Client Component Browser]
    ./src/app/du-an/page.tsx [Server Component]

  Client Component SSR:
    ./src/app/du-an/page.tsx [Client Component SSR]
    ./src/app/du-an/page.tsx [Server Component] @ http://localhost:3000/_next/static/chunks/node_modules_next_dist_1gdrd03._.js:1945
[  190104ms] [ERROR] ./src/components/Header.tsx
Reading source code for parsing failed
An unexpected error happened while trying to read the source code to parse: failed to convert rope into string

Caused by:
- invalid utf-8 sequence of 1 bytes from index 483

Import trace:
  Server Component:
    ./src/components/Header.tsx
    ./src/app/page.tsx @ http://localhost:3000/_next/static/chunks/node_modules_next_dist_1gdrd03._.js:1945
[  190104ms] [ERROR] ./src/app/du-an/page.tsx
Reading source code for parsing failed
An unexpected error happened while trying to read the source code to parse: failed to convert rope into string

Caused by:
- invalid utf-8 sequence of 1 bytes from index 345

Import traces:
  Client Component Browser:
    ./src/app/du-an/page.tsx [Client Component Browser]
    ./src/app/du-an/page.tsx [Server Component]

  Client Component SSR:
    ./src/app/du-an/page.tsx [Client Component SSR]
    ./src/app/du-an/page.tsx [Server Component] @ http://localhost:3000/_next/static/chunks/node_modules_next_dist_1gdrd03._.js:1945
[  190168ms] [ERROR] ./src/components/Header.tsx
Reading source code for parsing failed
An unexpected error happened while trying to read the source code to parse: failed to convert rope into string

Caused by:
- invalid utf-8 sequence of 1 bytes from index 483

Import trace:
  Server Component:
    ./src/components/Header.tsx
    ./src/app/page.tsx @ http://localhost:3000/_next/static/chunks/node_modules_next_dist_1gdrd03._.js:1945
[  190168ms] [ERROR] ./src/app/du-an/page.tsx
Reading source code for parsing failed
An unexpected error happened while trying to read the source code to parse: failed to convert rope into string

Caused by:
- invalid utf-8 sequence of 1 bytes from index 345

Import traces:
  Client Component Browser:
    ./src/app/du-an/page.tsx [Client Component Browser]
    ./src/app/du-an/page.tsx [Server Component]

  Client Component SSR:
    ./src/app/du-an/page.tsx [Client Component SSR]
    ./src/app/du-an/page.tsx [Server Component] @ http://localhost:3000/_next/static/chunks/node_modules_next_dist_1gdrd03._.js:1945
[  190231ms] [ERROR] ./src/components/Header.tsx
Reading source code for parsing failed
An unexpected error happened while trying to read the source code to parse: failed to convert rope into string

Caused by:
- invalid utf-8 sequence of 1 bytes from index 483

Import trace:
  Server Component:
    ./src/components/Header.tsx
    ./src/app/page.tsx @ http://localhost:3000/_next/static/chunks/node_modules_next_dist_1gdrd03._.js:1945
[  190231ms] [ERROR] ./src/app/du-an/page.tsx
Reading source code for parsing failed
An unexpected error happened while trying to read the source code to parse: failed to convert rope into string

Caused by:
- invalid utf-8 sequence of 1 bytes from index 345

Import traces:
  Client Component Browser:
    ./src/app/du-an/page.tsx [Client Component Browser]
    ./src/app/du-an/page.tsx [Server Component]

  Client Component SSR:
    ./src/app/du-an/page.tsx [Client Component SSR]
    ./src/app/du-an/page.tsx [Server Component] @ http://localhost:3000/_next/static/chunks/node_modules_next_dist_1gdrd03._.js:1945
[  190296ms] [ERROR] ./src/components/Header.tsx
Reading source code for parsing failed
An unexpected error happened while trying to read the source code to parse: failed to convert rope into string

Caused by:
- invalid utf-8 sequence of 1 bytes from index 483

Import trace:
  Server Component:
    ./src/components/Header.tsx
    ./src/app/page.tsx @ http://localhost:3000/_next/static/chunks/node_modules_next_dist_1gdrd03._.js:1945
[  190297ms] [ERROR] ./src/app/du-an/page.tsx
Reading source code for parsing failed
An unexpected error happened while trying to read the source code to parse: failed to convert rope into string

Caused by:
- invalid utf-8 sequence of 1 bytes from index 345

Import traces:
  Client Component Browser:
    ./src/app/du-an/page.tsx [Client Component Browser]
    ./src/app/du-an/page.tsx [Server Component]

  Client Component SSR:
    ./src/app/du-an/page.tsx [Client Component SSR]
    ./src/app/du-an/page.tsx [Server Component] @ http://localhost:3000/_next/static/chunks/node_modules_next_dist_1gdrd03._.js:1945
[  190358ms] [ERROR] ./src/components/Header.tsx
Reading source code for parsing failed
An unexpected error happened while trying to read the source code to parse: failed to convert rope into string

Caused by:
- invalid utf-8 sequence of 1 bytes from index 483

Import trace:
  Server Component:
    ./src/components/Header.tsx
    ./src/app/page.tsx @ http://localhost:3000/_next/static/chunks/node_modules_next_dist_1gdrd03._.js:1945
[  190358ms] [ERROR] ./src/app/du-an/page.tsx
Reading source code for parsing failed
An unexpected error happened while trying to read the source code to parse: failed to convert rope into string

Caused by:
- invalid utf-8 sequence of 1 bytes from index 345

Import traces:
  Client Component Browser:
    ./src/app/du-an/page.tsx [Client Component Browser]
    ./src/app/du-an/page.tsx [Server Component]

  Client Component SSR:
    ./src/app/du-an/page.tsx [Client Component SSR]
    ./src/app/du-an/page.tsx [Server Component] @ http://localhost:3000/_next/static/chunks/node_modules_next_dist_1gdrd03._.js:1945
[  190420ms] [ERROR] ./src/components/Header.tsx
Reading source code for parsing failed
An unexpected error happened while trying to read the source code to parse: failed to convert rope into string

Caused by:
- invalid utf-8 sequence of 1 bytes from index 483

Import trace:
  Server Component:
    ./src/components/Header.tsx
    ./src/app/page.tsx @ http://localhost:3000/_next/static/chunks/node_modules_next_dist_1gdrd03._.js:1945
[  190421ms] [ERROR] ./src/app/du-an/page.tsx
Reading source code for parsing failed
An unexpected error happened while trying to read the source code to parse: failed to convert rope into string

Caused by:
- invalid utf-8 sequence of 1 bytes from index 345

Import traces:
  Client Component Browser:
    ./src/app/du-an/page.tsx [Client Component Browser]
    ./src/app/du-an/page.tsx [Server Component]

  Client Component SSR:
    ./src/app/du-an/page.tsx [Client Component SSR]
    ./src/app/du-an/page.tsx [Server Component] @ http://localhost:3000/_next/static/chunks/node_modules_next_dist_1gdrd03._.js:1945
[  190484ms] [ERROR] ./src/components/Header.tsx
Reading source code for parsing failed
An unexpected error happened while trying to read the source code to parse: failed to convert rope into string

Caused by:
- invalid utf-8 sequence of 1 bytes from index 483

Import trace:
  Server Component:
    ./src/components/Header.tsx
    ./src/app/page.tsx @ http://localhost:3000/_next/static/chunks/node_modules_next_dist_1gdrd03._.js:1945
[  190485ms] [ERROR] ./src/app/du-an/page.tsx
Reading source code for parsing failed
An unexpected error happened while trying to read the source code to parse: failed to convert rope into string

Caused by:
- invalid utf-8 sequence of 1 bytes from index 345

Import traces:
  Client Component Browser:
    ./src/app/du-an/page.tsx [Client Component Browser]
    ./src/app/du-an/page.tsx [Server Component]

  Client Component SSR:
    ./src/app/du-an/page.tsx [Client Component SSR]
    ./src/app/du-an/page.tsx [Server Component] @ http://localhost:3000/_next/static/chunks/node_modules_next_dist_1gdrd03._.js:1945
[  190546ms] [ERROR] ./src/components/Header.tsx
Reading source code for parsing failed
An unexpected error happened while trying to read the source code to parse: failed to convert rope into string

Caused by:
- invalid utf-8 sequence of 1 bytes from index 483

Import trace:
  Server Component:
    ./src/components/Header.tsx
    ./src/app/page.tsx @ http://localhost:3000/_next/static/chunks/node_modules_next_dist_1gdrd03._.js:1945
[  190547ms] [ERROR] ./src/app/du-an/page.tsx
Reading source code for parsing failed
An unexpected error happened while trying to read the source code to parse: failed to convert rope into string

Caused by:
- invalid utf-8 sequence of 1 bytes from index 345

Import traces:
  Client Component Browser:
    ./src/app/du-an/page.tsx [Client Component Browser]
    ./src/app/du-an/page.tsx [Server Component]

  Client Component SSR:
    ./src/app/du-an/page.tsx [Client Component SSR]
    ./src/app/du-an/page.tsx [Server Component] @ http://localhost:3000/_next/static/chunks/node_modules_next_dist_1gdrd03._.js:1945
[  190609ms] [ERROR] ./src/components/Header.tsx
Reading source code for parsing failed
An unexpected error happened while trying to read the source code to parse: failed to convert rope into string

Caused by:
- invalid utf-8 sequence of 1 bytes from index 483

Import trace:
  Server Component:
    ./src/components/Header.tsx
    ./src/app/page.tsx @ http://localhost:3000/_next/static/chunks/node_modules_next_dist_1gdrd03._.js:1945
[  190609ms] [ERROR] ./src/app/du-an/page.tsx
Reading source code for parsing failed
An unexpected error happened while trying to read the source code to parse: failed to convert rope into string

Caused by:
- invalid utf-8 sequence of 1 bytes from index 345

Import traces:
  Client Component Browser:
    ./src/app/du-an/page.tsx [Client Component Browser]
    ./src/app/du-an/page.tsx [Server Component]

  Client Component SSR:
    ./src/app/du-an/page.tsx [Client Component SSR]
    ./src/app/du-an/page.tsx [Server Component] @ http://localhost:3000/_next/static/chunks/node_modules_next_dist_1gdrd03._.js:1945
[  190671ms] [ERROR] ./src/components/Header.tsx
Reading source code for parsing failed
An unexpected error happened while trying to read the source code to parse: failed to convert rope into string

Caused by:
- invalid utf-8 sequence of 1 bytes from index 483

Import trace:
  Server Component:
    ./src/components/Header.tsx
    ./src/app/page.tsx @ http://localhost:3000/_next/static/chunks/node_modules_next_dist_1gdrd03._.js:1945
[  190671ms] [ERROR] ./src/app/du-an/page.tsx
Reading source code for parsing failed
An unexpected error happened while trying to read the source code to parse: failed to convert rope into string

Caused by:
- invalid utf-8 sequence of 1 bytes from index 345

Import traces:
  Client Component Browser:
    ./src/app/du-an/page.tsx [Client Component Browser]
    ./src/app/du-an/page.tsx [Server Component]

  Client Component SSR:
    ./src/app/du-an/page.tsx [Client Component SSR]
    ./src/app/du-an/page.tsx [Server Component] @ http://localhost:3000/_next/static/chunks/node_modules_next_dist_1gdrd03._.js:1945
[  190734ms] [ERROR] ./src/components/Header.tsx
Reading source code for parsing failed
An unexpected error happened while trying to read the source code to parse: failed to convert rope into string

Caused by:
- invalid utf-8 sequence of 1 bytes from index 483

Import trace:
  Server Component:
    ./src/components/Header.tsx
    ./src/app/page.tsx @ http://localhost:3000/_next/static/chunks/node_modules_next_dist_1gdrd03._.js:1945
[  190734ms] [ERROR] ./src/app/du-an/page.tsx
Reading source code for parsing failed
An unexpected error happened while trying to read the source code to parse: failed to convert rope into string

Caused by:
- invalid utf-8 sequence of 1 bytes from index 345

Import traces:
  Client Component Browser:
    ./src/app/du-an/page.tsx [Client Component Browser]
    ./src/app/du-an/page.tsx [Server Component]

  Client Component SSR:
    ./src/app/du-an/page.tsx [Client Component SSR]
    ./src/app/du-an/page.tsx [Server Component] @ http://localhost:3000/_next/static/chunks/node_modules_next_dist_1gdrd03._.js:1945
[  190796ms] [ERROR] ./src/components/Header.tsx
Reading source code for parsing failed
An unexpected error happened while trying to read the source code to parse: failed to convert rope into string

Caused by:
- invalid utf-8 sequence of 1 bytes from index 483

Import trace:
  Server Component:
    ./src/components/Header.tsx
    ./src/app/page.tsx @ http://localhost:3000/_next/static/chunks/node_modules_next_dist_1gdrd03._.js:1945
[  190796ms] [ERROR] ./src/app/du-an/page.tsx
Reading source code for parsing failed
An unexpected error happened while trying to read the source code to parse: failed to convert rope into string

Caused by:
- invalid utf-8 sequence of 1 bytes from index 345

Import traces:
  Client Component Browser:
    ./src/app/du-an/page.tsx [Client Component Browser]
    ./src/app/du-an/page.tsx [Server Component]

  Client Component SSR:
    ./src/app/du-an/page.tsx [Client Component SSR]
    ./src/app/du-an/page.tsx [Server Component] @ http://localhost:3000/_next/static/chunks/node_modules_next_dist_1gdrd03._.js:1945
[  190861ms] [ERROR] ./src/components/Header.tsx
Reading source code for parsing failed
An unexpected error happened while trying to read the source code to parse: failed to convert rope into string

Caused by:
- invalid utf-8 sequence of 1 bytes from index 483

Import trace:
  Server Component:
    ./src/components/Header.tsx
    ./src/app/page.tsx @ http://localhost:3000/_next/static/chunks/node_modules_next_dist_1gdrd03._.js:1945
[  190861ms] [ERROR] ./src/app/du-an/page.tsx
Reading source code for parsing failed
An unexpected error happened while trying to read the source code to parse: failed to convert rope into string

Caused by:
- invalid utf-8 sequence of 1 bytes from index 345

Import traces:
  Client Component Browser:
    ./src/app/du-an/page.tsx [Client Component Browser]
    ./src/app/du-an/page.tsx [Server Component]

  Client Component SSR:
    ./src/app/du-an/page.tsx [Client Component SSR]
    ./src/app/du-an/page.tsx [Server Component] @ http://localhost:3000/_next/static/chunks/node_modules_next_dist_1gdrd03._.js:1945
[  190922ms] [ERROR] ./src/components/Header.tsx
Reading source code for parsing failed
An unexpected error happened while trying to read the source code to parse: failed to convert rope into string

Caused by:
- invalid utf-8 sequence of 1 bytes from index 483

Import trace:
  Server Component:
    ./src/components/Header.tsx
    ./src/app/page.tsx @ http://localhost:3000/_next/static/chunks/node_modules_next_dist_1gdrd03._.js:1945
[  190922ms] [ERROR] ./src/app/du-an/page.tsx
Reading source code for parsing failed
An unexpected error happened while trying to read the source code to parse: failed to convert rope into string

Caused by:
- invalid utf-8 sequence of 1 bytes from index 345

Import traces:
  Client Component Browser:
    ./src/app/du-an/page.tsx [Client Component Browser]
    ./src/app/du-an/page.tsx [Server Component]

  Client Component SSR:
    ./src/app/du-an/page.tsx [Client Component SSR]
    ./src/app/du-an/page.tsx [Server Component] @ http://localhost:3000/_next/static/chunks/node_modules_next_dist_1gdrd03._.js:1945
[  190986ms] [ERROR] ./src/components/Header.tsx
Reading source code for parsing failed
An unexpected error happened while trying to read the source code to parse: failed to convert rope into string

Caused by:
- invalid utf-8 sequence of 1 bytes from index 483

Import trace:
  Server Component:
    ./src/components/Header.tsx
    ./src/app/page.tsx @ http://localhost:3000/_next/static/chunks/node_modules_next_dist_1gdrd03._.js:1945
[  190986ms] [ERROR] ./src/app/du-an/page.tsx
Reading source code for parsing failed
An unexpected error happened while trying to read the source code to parse: failed to convert rope into string

Caused by:
- invalid utf-8 sequence of 1 bytes from index 345

Import traces:
  Client Component Browser:
    ./src/app/du-an/page.tsx [Client Component Browser]
    ./src/app/du-an/page.tsx [Server Component]

  Client Component SSR:
    ./src/app/du-an/page.tsx [Client Component SSR]
    ./src/app/du-an/page.tsx [Server Component] @ http://localhost:3000/_next/static/chunks/node_modules_next_dist_1gdrd03._.js:1945
[  191050ms] [ERROR] ./src/components/Header.tsx
Reading source code for parsing failed
An unexpected error happened while trying to read the source code to parse: failed to convert rope into string

Caused by:
- invalid utf-8 sequence of 1 bytes from index 483

Import trace:
  Server Component:
    ./src/components/Header.tsx
    ./src/app/page.tsx @ http://localhost:3000/_next/static/chunks/node_modules_next_dist_1gdrd03._.js:1945
[  191050ms] [ERROR] ./src/app/du-an/page.tsx
Reading source code for parsing failed
An unexpected error happened while trying to read the source code to parse: failed to convert rope into string

Caused by:
- invalid utf-8 sequence of 1 bytes from index 345

Import traces:
  Client Component Browser:
    ./src/app/du-an/page.tsx [Client Component Browser]
    ./src/app/du-an/page.tsx [Server Component]

  Client Component SSR:
    ./src/app/du-an/page.tsx [Client Component SSR]
    ./src/app/du-an/page.tsx [Server Component] @ http://localhost:3000/_next/static/chunks/node_modules_next_dist_1gdrd03._.js:1945
[  191113ms] [ERROR] ./src/components/Header.tsx
Reading source code for parsing failed
An unexpected error happened while trying to read the source code to parse: failed to convert rope into string

Caused by:
- invalid utf-8 sequence of 1 bytes from index 483

Import trace:
  Server Component:
    ./src/components/Header.tsx
    ./src/app/page.tsx @ http://localhost:3000/_next/static/chunks/node_modules_next_dist_1gdrd03._.js:1945
[  191113ms] [ERROR] ./src/app/du-an/page.tsx
Reading source code for parsing failed
An unexpected error happened while trying to read the source code to parse: failed to convert rope into string

Caused by:
- invalid utf-8 sequence of 1 bytes from index 345

Import traces:
  Client Component Browser:
    ./src/app/du-an/page.tsx [Client Component Browser]
    ./src/app/du-an/page.tsx [Server Component]

  Client Component SSR:
    ./src/app/du-an/page.tsx [Client Component SSR]
    ./src/app/du-an/page.tsx [Server Component] @ http://localhost:3000/_next/static/chunks/node_modules_next_dist_1gdrd03._.js:1945
[  191180ms] [ERROR] ./src/components/Header.tsx
Reading source code for parsing failed
An unexpected error happened while trying to read the source code to parse: failed to convert rope into string

Caused by:
- invalid utf-8 sequence of 1 bytes from index 483

Import trace:
  Server Component:
    ./src/components/Header.tsx
    ./src/app/page.tsx @ http://localhost:3000/_next/static/chunks/node_modules_next_dist_1gdrd03._.js:1945
[  191180ms] [ERROR] ./src/app/du-an/page.tsx
Reading source code for parsing failed
An unexpected error happened while trying to read the source code to parse: failed to convert rope into string

Caused by:
- invalid utf-8 sequence of 1 bytes from index 345

Import traces:
  Client Component Browser:
    ./src/app/du-an/page.tsx [Client Component Browser]
    ./src/app/du-an/page.tsx [Server Component]

  Client Component SSR:
    ./src/app/du-an/page.tsx [Client Component SSR]
    ./src/app/du-an/page.tsx [Server Component] @ http://localhost:3000/_next/static/chunks/node_modules_next_dist_1gdrd03._.js:1945
[  191231ms] [ERROR] ./src/components/Header.tsx
Reading source code for parsing failed
An unexpected error happened while trying to read the source code to parse: failed to convert rope into string

Caused by:
- invalid utf-8 sequence of 1 bytes from index 483

Import trace:
  Server Component:
    ./src/components/Header.tsx
    ./src/app/page.tsx @ http://localhost:3000/_next/static/chunks/node_modules_next_dist_1gdrd03._.js:1945
[  191231ms] [ERROR] ./src/app/du-an/page.tsx
Reading source code for parsing failed
An unexpected error happened while trying to read the source code to parse: failed to convert rope into string

Caused by:
- invalid utf-8 sequence of 1 bytes from index 345

Import traces:
  Client Component Browser:
    ./src/app/du-an/page.tsx [Client Component Browser]
    ./src/app/du-an/page.tsx [Server Component]

  Client Component SSR:
    ./src/app/du-an/page.tsx [Client Component SSR]
    ./src/app/du-an/page.tsx [Server Component] @ http://localhost:3000/_next/static/chunks/node_modules_next_dist_1gdrd03._.js:1945
[  191295ms] [ERROR] ./src/components/Header.tsx
Reading source code for parsing failed
An unexpected error happened while trying to read the source code to parse: failed to convert rope into string

Caused by:
- invalid utf-8 sequence of 1 bytes from index 483

Import trace:
  Server Component:
    ./src/components/Header.tsx
    ./src/app/page.tsx @ http://localhost:3000/_next/static/chunks/node_modules_next_dist_1gdrd03._.js:1945
[  191295ms] [ERROR] ./src/app/du-an/page.tsx
Reading source code for parsing failed
An unexpected error happened while trying to read the source code to parse: failed to convert rope into string

Caused by:
- invalid utf-8 sequence of 1 bytes from index 345

Import traces:
  Client Component Browser:
    ./src/app/du-an/page.tsx [Client Component Browser]
    ./src/app/du-an/page.tsx [Server Component]

  Client Component SSR:
    ./src/app/du-an/page.tsx [Client Component SSR]
    ./src/app/du-an/page.tsx [Server Component] @ http://localhost:3000/_next/static/chunks/node_modules_next_dist_1gdrd03._.js:1945
[  191358ms] [ERROR] ./src/components/Header.tsx
Reading source code for parsing failed
An unexpected error happened while trying to read the source code to parse: failed to convert rope into string

Caused by:
- invalid utf-8 sequence of 1 bytes from index 483

Import trace:
  Server Component:
    ./src/components/Header.tsx
    ./src/app/page.tsx @ http://localhost:3000/_next/static/chunks/node_modules_next_dist_1gdrd03._.js:1945
[  191358ms] [ERROR] ./src/app/du-an/page.tsx
Reading source code for parsing failed
An unexpected error happened while trying to read the source code to parse: failed to convert rope into string

Caused by:
- invalid utf-8 sequence of 1 bytes from index 345

Import traces:
  Client Component Browser:
    ./src/app/du-an/page.tsx [Client Component Browser]
    ./src/app/du-an/page.tsx [Server Component]

  Client Component SSR:
    ./src/app/du-an/page.tsx [Client Component SSR]
    ./src/app/du-an/page.tsx [Server Component] @ http://localhost:3000/_next/static/chunks/node_modules_next_dist_1gdrd03._.js:1945
[  191414ms] [ERROR] ./src/components/Header.tsx
Reading source code for parsing failed
An unexpected error happened while trying to read the source code to parse: failed to convert rope into string

Caused by:
- invalid utf-8 sequence of 1 bytes from index 483

Import trace:
  Server Component:
    ./src/components/Header.tsx
    ./src/app/page.tsx @ http://localhost:3000/_next/static/chunks/node_modules_next_dist_1gdrd03._.js:1945
[  191414ms] [ERROR] ./src/app/du-an/page.tsx
Reading source code for parsing failed
An unexpected error happened while trying to read the source code to parse: failed to convert rope into string

Caused by:
- invalid utf-8 sequence of 1 bytes from index 345

Import traces:
  Client Component Browser:
    ./src/app/du-an/page.tsx [Client Component Browser]
    ./src/app/du-an/page.tsx [Server Component]

  Client Component SSR:
    ./src/app/du-an/page.tsx [Client Component SSR]
    ./src/app/du-an/page.tsx [Server Component] @ http://localhost:3000/_next/static/chunks/node_modules_next_dist_1gdrd03._.js:1945
[  191478ms] [ERROR] ./src/components/Header.tsx
Reading source code for parsing failed
An unexpected error happened while trying to read the source code to parse: failed to convert rope into string

Caused by:
- invalid utf-8 sequence of 1 bytes from index 483

Import trace:
  Server Component:
    ./src/components/Header.tsx
    ./src/app/page.tsx @ http://localhost:3000/_next/static/chunks/node_modules_next_dist_1gdrd03._.js:1945
[  191478ms] [ERROR] ./src/app/du-an/page.tsx
Reading source code for parsing failed
An unexpected error happened while trying to read the source code to parse: failed to convert rope into string

Caused by:
- invalid utf-8 sequence of 1 bytes from index 345

Import traces:
  Client Component Browser:
    ./src/app/du-an/page.tsx [Client Component Browser]
    ./src/app/du-an/page.tsx [Server Component]

  Client Component SSR:
    ./src/app/du-an/page.tsx [Client Component SSR]
    ./src/app/du-an/page.tsx [Server Component] @ http://localhost:3000/_next/static/chunks/node_modules_next_dist_1gdrd03._.js:1945
[  191542ms] [ERROR] ./src/components/Header.tsx
Reading source code for parsing failed
An unexpected error happened while trying to read the source code to parse: failed to convert rope into string

Caused by:
- invalid utf-8 sequence of 1 bytes from index 483

Import trace:
  Server Component:
    ./src/components/Header.tsx
    ./src/app/page.tsx @ http://localhost:3000/_next/static/chunks/node_modules_next_dist_1gdrd03._.js:1945
[  191542ms] [ERROR] ./src/app/du-an/page.tsx
Reading source code for parsing failed
An unexpected error happened while trying to read the source code to parse: failed to convert rope into string

Caused by:
- invalid utf-8 sequence of 1 bytes from index 345

Import traces:
  Client Component Browser:
    ./src/app/du-an/page.tsx [Client Component Browser]
    ./src/app/du-an/page.tsx [Server Component]

  Client Component SSR:
    ./src/app/du-an/page.tsx [Client Component SSR]
    ./src/app/du-an/page.tsx [Server Component] @ http://localhost:3000/_next/static/chunks/node_modules_next_dist_1gdrd03._.js:1945
[  191595ms] [ERROR] ./src/components/Header.tsx
Reading source code for parsing failed
An unexpected error happened while trying to read the source code to parse: failed to convert rope into string

Caused by:
- invalid utf-8 sequence of 1 bytes from index 483

Import trace:
  Server Component:
    ./src/components/Header.tsx
    ./src/app/page.tsx @ http://localhost:3000/_next/static/chunks/node_modules_next_dist_1gdrd03._.js:1945
[  191595ms] [ERROR] ./src/app/du-an/page.tsx
Reading source code for parsing failed
An unexpected error happened while trying to read the source code to parse: failed to convert rope into string

Caused by:
- invalid utf-8 sequence of 1 bytes from index 345

Import traces:
  Client Component Browser:
    ./src/app/du-an/page.tsx [Client Component Browser]
    ./src/app/du-an/page.tsx [Server Component]

  Client Component SSR:
    ./src/app/du-an/page.tsx [Client Component SSR]
    ./src/app/du-an/page.tsx [Server Component] @ http://localhost:3000/_next/static/chunks/node_modules_next_dist_1gdrd03._.js:1945
[  191658ms] [ERROR] ./src/components/Header.tsx
Reading source code for parsing failed
An unexpected error happened while trying to read the source code to parse: failed to convert rope into string

Caused by:
- invalid utf-8 sequence of 1 bytes from index 483

Import trace:
  Server Component:
    ./src/components/Header.tsx
    ./src/app/page.tsx @ http://localhost:3000/_next/static/chunks/node_modules_next_dist_1gdrd03._.js:1945
[  191658ms] [ERROR] ./src/app/du-an/page.tsx
Reading source code for parsing failed
An unexpected error happened while trying to read the source code to parse: failed to convert rope into string

Caused by:
- invalid utf-8 sequence of 1 bytes from index 345

Import traces:
  Client Component Browser:
    ./src/app/du-an/page.tsx [Client Component Browser]
    ./src/app/du-an/page.tsx [Server Component]

  Client Component SSR:
    ./src/app/du-an/page.tsx [Client Component SSR]
    ./src/app/du-an/page.tsx [Server Component] @ http://localhost:3000/_next/static/chunks/node_modules_next_dist_1gdrd03._.js:1945
[  191721ms] [ERROR] ./src/components/Header.tsx
Reading source code for parsing failed
An unexpected error happened while trying to read the source code to parse: failed to convert rope into string

Caused by:
- invalid utf-8 sequence of 1 bytes from index 483

Import trace:
  Server Component:
    ./src/components/Header.tsx
    ./src/app/page.tsx @ http://localhost:3000/_next/static/chunks/node_modules_next_dist_1gdrd03._.js:1945
[  191721ms] [ERROR] ./src/app/du-an/page.tsx
Reading source code for parsing failed
An unexpected error happened while trying to read the source code to parse: failed to convert rope into string

Caused by:
- invalid utf-8 sequence of 1 bytes from index 345

Import traces:
  Client Component Browser:
    ./src/app/du-an/page.tsx [Client Component Browser]
    ./src/app/du-an/page.tsx [Server Component]

  Client Component SSR:
    ./src/app/du-an/page.tsx [Client Component SSR]
    ./src/app/du-an/page.tsx [Server Component] @ http://localhost:3000/_next/static/chunks/node_modules_next_dist_1gdrd03._.js:1945
[  191784ms] [ERROR] ./src/components/Header.tsx
Reading source code for parsing failed
An unexpected error happened while trying to read the source code to parse: failed to convert rope into string

Caused by:
- invalid utf-8 sequence of 1 bytes from index 483

Import trace:
  Server Component:
    ./src/components/Header.tsx
    ./src/app/page.tsx @ http://localhost:3000/_next/static/chunks/node_modules_next_dist_1gdrd03._.js:1945
[  191784ms] [ERROR] ./src/app/du-an/page.tsx
Reading source code for parsing failed
An unexpected error happened while trying to read the source code to parse: failed to convert rope into string

Caused by:
- invalid utf-8 sequence of 1 bytes from index 345

Import traces:
  Client Component Browser:
    ./src/app/du-an/page.tsx [Client Component Browser]
    ./src/app/du-an/page.tsx [Server Component]

  Client Component SSR:
    ./src/app/du-an/page.tsx [Client Component SSR]
    ./src/app/du-an/page.tsx [Server Component] @ http://localhost:3000/_next/static/chunks/node_modules_next_dist_1gdrd03._.js:1945
[  191846ms] [ERROR] ./src/components/Header.tsx
Reading source code for parsing failed
An unexpected error happened while trying to read the source code to parse: failed to convert rope into string

Caused by:
- invalid utf-8 sequence of 1 bytes from index 483

Import trace:
  Server Component:
    ./src/components/Header.tsx
    ./src/app/page.tsx @ http://localhost:3000/_next/static/chunks/node_modules_next_dist_1gdrd03._.js:1945
[  191846ms] [ERROR] ./src/app/du-an/page.tsx
Reading source code for parsing failed
An unexpected error happened while trying to read the source code to parse: failed to convert rope into string

Caused by:
- invalid utf-8 sequence of 1 bytes from index 345

Import traces:
  Client Component Browser:
    ./src/app/du-an/page.tsx [Client Component Browser]
    ./src/app/du-an/page.tsx [Server Component]

  Client Component SSR:
    ./src/app/du-an/page.tsx [Client Component SSR]
    ./src/app/du-an/page.tsx [Server Component] @ http://localhost:3000/_next/static/chunks/node_modules_next_dist_1gdrd03._.js:1945
[  191913ms] [ERROR] ./src/components/Header.tsx
Reading source code for parsing failed
An unexpected error happened while trying to read the source code to parse: failed to convert rope into string

Caused by:
- invalid utf-8 sequence of 1 bytes from index 483

Import trace:
  Server Component:
    ./src/components/Header.tsx
    ./src/app/page.tsx @ http://localhost:3000/_next/static/chunks/node_modules_next_dist_1gdrd03._.js:1945
[  191913ms] [ERROR] ./src/app/du-an/page.tsx
Reading source code for parsing failed
An unexpected error happened while trying to read the source code to parse: failed to convert rope into string

Caused by:
- invalid utf-8 sequence of 1 bytes from index 345

Import traces:
  Client Component Browser:
    ./src/app/du-an/page.tsx [Client Component Browser]
    ./src/app/du-an/page.tsx [Server Component]

  Client Component SSR:
    ./src/app/du-an/page.tsx [Client Component SSR]
    ./src/app/du-an/page.tsx [Server Component] @ http://localhost:3000/_next/static/chunks/node_modules_next_dist_1gdrd03._.js:1945
[  191975ms] [ERROR] ./src/components/Header.tsx
Reading source code for parsing failed
An unexpected error happened while trying to read the source code to parse: failed to convert rope into string

Caused by:
- invalid utf-8 sequence of 1 bytes from index 483

Import trace:
  Server Component:
    ./src/components/Header.tsx
    ./src/app/page.tsx @ http://localhost:3000/_next/static/chunks/node_modules_next_dist_1gdrd03._.js:1945
[  191976ms] [ERROR] ./src/app/du-an/page.tsx
Reading source code for parsing failed
An unexpected error happened while trying to read the source code to parse: failed to convert rope into string

Caused by:
- invalid utf-8 sequence of 1 bytes from index 345

Import traces:
  Client Component Browser:
    ./src/app/du-an/page.tsx [Client Component Browser]
    ./src/app/du-an/page.tsx [Server Component]

  Client Component SSR:
    ./src/app/du-an/page.tsx [Client Component SSR]
    ./src/app/du-an/page.tsx [Server Component] @ http://localhost:3000/_next/static/chunks/node_modules_next_dist_1gdrd03._.js:1945
[  192037ms] [ERROR] ./src/components/Header.tsx
Reading source code for parsing failed
An unexpected error happened while trying to read the source code to parse: failed to convert rope into string

Caused by:
- invalid utf-8 sequence of 1 bytes from index 483

Import trace:
  Server Component:
    ./src/components/Header.tsx
    ./src/app/page.tsx @ http://localhost:3000/_next/static/chunks/node_modules_next_dist_1gdrd03._.js:1945
[  192037ms] [ERROR] ./src/app/du-an/page.tsx
Reading source code for parsing failed
An unexpected error happened while trying to read the source code to parse: failed to convert rope into string

Caused by:
- invalid utf-8 sequence of 1 bytes from index 345

Import traces:
  Client Component Browser:
    ./src/app/du-an/page.tsx [Client Component Browser]
    ./src/app/du-an/page.tsx [Server Component]

  Client Component SSR:
    ./src/app/du-an/page.tsx [Client Component SSR]
    ./src/app/du-an/page.tsx [Server Component] @ http://localhost:3000/_next/static/chunks/node_modules_next_dist_1gdrd03._.js:1945
[  192100ms] [ERROR] ./src/components/Header.tsx
Reading source code for parsing failed
An unexpected error happened while trying to read the source code to parse: failed to convert rope into string

Caused by:
- invalid utf-8 sequence of 1 bytes from index 483

Import trace:
  Server Component:
    ./src/components/Header.tsx
    ./src/app/page.tsx @ http://localhost:3000/_next/static/chunks/node_modules_next_dist_1gdrd03._.js:1945
[  192101ms] [ERROR] ./src/app/du-an/page.tsx
Reading source code for parsing failed
An unexpected error happened while trying to read the source code to parse: failed to convert rope into string

Caused by:
- invalid utf-8 sequence of 1 bytes from index 345

Import traces:
  Client Component Browser:
    ./src/app/du-an/page.tsx [Client Component Browser]
    ./src/app/du-an/page.tsx [Server Component]

  Client Component SSR:
    ./src/app/du-an/page.tsx [Client Component SSR]
    ./src/app/du-an/page.tsx [Server Component] @ http://localhost:3000/_next/static/chunks/node_modules_next_dist_1gdrd03._.js:1945
[  192161ms] [ERROR] ./src/components/Header.tsx
Reading source code for parsing failed
An unexpected error happened while trying to read the source code to parse: failed to convert rope into string

Caused by:
- invalid utf-8 sequence of 1 bytes from index 483

Import trace:
  Server Component:
    ./src/components/Header.tsx
    ./src/app/page.tsx @ http://localhost:3000/_next/static/chunks/node_modules_next_dist_1gdrd03._.js:1945
[  192161ms] [ERROR] ./src/app/du-an/page.tsx
Reading source code for parsing failed
An unexpected error happened while trying to read the source code to parse: failed to convert rope into string

Caused by:
- invalid utf-8 sequence of 1 bytes from index 345

Import traces:
  Client Component Browser:
    ./src/app/du-an/page.tsx [Client Component Browser]
    ./src/app/du-an/page.tsx [Server Component]

  Client Component SSR:
    ./src/app/du-an/page.tsx [Client Component SSR]
    ./src/app/du-an/page.tsx [Server Component] @ http://localhost:3000/_next/static/chunks/node_modules_next_dist_1gdrd03._.js:1945
[  192223ms] [ERROR] ./src/components/Header.tsx
Reading source code for parsing failed
An unexpected error happened while trying to read the source code to parse: failed to convert rope into string

Caused by:
- invalid utf-8 sequence of 1 bytes from index 483

Import trace:
  Server Component:
    ./src/components/Header.tsx
    ./src/app/page.tsx @ http://localhost:3000/_next/static/chunks/node_modules_next_dist_1gdrd03._.js:1945
[  192223ms] [ERROR] ./src/app/du-an/page.tsx
Reading source code for parsing failed
An unexpected error happened while trying to read the source code to parse: failed to convert rope into string

Caused by:
- invalid utf-8 sequence of 1 bytes from index 345

Import traces:
  Client Component Browser:
    ./src/app/du-an/page.tsx [Client Component Browser]
    ./src/app/du-an/page.tsx [Server Component]

  Client Component SSR:
    ./src/app/du-an/page.tsx [Client Component SSR]
    ./src/app/du-an/page.tsx [Server Component] @ http://localhost:3000/_next/static/chunks/node_modules_next_dist_1gdrd03._.js:1945
[  192286ms] [ERROR] ./src/components/Header.tsx
Reading source code for parsing failed
An unexpected error happened while trying to read the source code to parse: failed to convert rope into string

Caused by:
- invalid utf-8 sequence of 1 bytes from index 483

Import trace:
  Server Component:
    ./src/components/Header.tsx
    ./src/app/page.tsx @ http://localhost:3000/_next/static/chunks/node_modules_next_dist_1gdrd03._.js:1945
[  192286ms] [ERROR] ./src/app/du-an/page.tsx
Reading source code for parsing failed
An unexpected error happened while trying to read the source code to parse: failed to convert rope into string

Caused by:
- invalid utf-8 sequence of 1 bytes from index 345

Import traces:
  Client Component Browser:
    ./src/app/du-an/page.tsx [Client Component Browser]
    ./src/app/du-an/page.tsx [Server Component]

  Client Component SSR:
    ./src/app/du-an/page.tsx [Client Component SSR]
    ./src/app/du-an/page.tsx [Server Component] @ http://localhost:3000/_next/static/chunks/node_modules_next_dist_1gdrd03._.js:1945
[  192349ms] [ERROR] ./src/components/Header.tsx
Reading source code for parsing failed
An unexpected error happened while trying to read the source code to parse: failed to convert rope into string

Caused by:
- invalid utf-8 sequence of 1 bytes from index 483

Import trace:
  Server Component:
    ./src/components/Header.tsx
    ./src/app/page.tsx @ http://localhost:3000/_next/static/chunks/node_modules_next_dist_1gdrd03._.js:1945
[  192349ms] [ERROR] ./src/app/du-an/page.tsx
Reading source code for parsing failed
An unexpected error happened while trying to read the source code to parse: failed to convert rope into string

Caused by:
- invalid utf-8 sequence of 1 bytes from index 345

Import traces:
  Client Component Browser:
    ./src/app/du-an/page.tsx [Client Component Browser]
    ./src/app/du-an/page.tsx [Server Component]

  Client Component SSR:
    ./src/app/du-an/page.tsx [Client Component SSR]
    ./src/app/du-an/page.tsx [Server Component] @ http://localhost:3000/_next/static/chunks/node_modules_next_dist_1gdrd03._.js:1945
[  192412ms] [ERROR] ./src/components/Header.tsx
Reading source code for parsing failed
An unexpected error happened while trying to read the source code to parse: failed to convert rope into string

Caused by:
- invalid utf-8 sequence of 1 bytes from index 483

Import trace:
  Server Component:
    ./src/components/Header.tsx
    ./src/app/page.tsx @ http://localhost:3000/_next/static/chunks/node_modules_next_dist_1gdrd03._.js:1945
[  192412ms] [ERROR] ./src/app/du-an/page.tsx
Reading source code for parsing failed
An unexpected error happened while trying to read the source code to parse: failed to convert rope into string

Caused by:
- invalid utf-8 sequence of 1 bytes from index 345

Import traces:
  Client Component Browser:
    ./src/app/du-an/page.tsx [Client Component Browser]
    ./src/app/du-an/page.tsx [Server Component]

  Client Component SSR:
    ./src/app/du-an/page.tsx [Client Component SSR]
    ./src/app/du-an/page.tsx [Server Component] @ http://localhost:3000/_next/static/chunks/node_modules_next_dist_1gdrd03._.js:1945
[  192473ms] [ERROR] ./src/components/Header.tsx
Reading source code for parsing failed
An unexpected error happened while trying to read the source code to parse: failed to convert rope into string

Caused by:
- invalid utf-8 sequence of 1 bytes from index 483

Import trace:
  Server Component:
    ./src/components/Header.tsx
    ./src/app/page.tsx @ http://localhost:3000/_next/static/chunks/node_modules_next_dist_1gdrd03._.js:1945
[  192473ms] [ERROR] ./src/app/du-an/page.tsx
Reading source code for parsing failed
An unexpected error happened while trying to read the source code to parse: failed to convert rope into string

Caused by:
- invalid utf-8 sequence of 1 bytes from index 345

Import traces:
  Client Component Browser:
    ./src/app/du-an/page.tsx [Client Component Browser]
    ./src/app/du-an/page.tsx [Server Component]

  Client Component SSR:
    ./src/app/du-an/page.tsx [Client Component SSR]
    ./src/app/du-an/page.tsx [Server Component] @ http://localhost:3000/_next/static/chunks/node_modules_next_dist_1gdrd03._.js:1945
[  192536ms] [ERROR] ./src/components/Header.tsx
Reading source code for parsing failed
An unexpected error happened while trying to read the source code to parse: failed to convert rope into string

Caused by:
- invalid utf-8 sequence of 1 bytes from index 483

Import trace:
  Server Component:
    ./src/components/Header.tsx
    ./src/app/page.tsx @ http://localhost:3000/_next/static/chunks/node_modules_next_dist_1gdrd03._.js:1945
[  192536ms] [ERROR] ./src/app/du-an/page.tsx
Reading source code for parsing failed
An unexpected error happened while trying to read the source code to parse: failed to convert rope into string

Caused by:
- invalid utf-8 sequence of 1 bytes from index 345

Import traces:
  Client Component Browser:
    ./src/app/du-an/page.tsx [Client Component Browser]
    ./src/app/du-an/page.tsx [Server Component]

  Client Component SSR:
    ./src/app/du-an/page.tsx [Client Component SSR]
    ./src/app/du-an/page.tsx [Server Component] @ http://localhost:3000/_next/static/chunks/node_modules_next_dist_1gdrd03._.js:1945
[  192601ms] [ERROR] ./src/components/Header.tsx
Reading source code for parsing failed
An unexpected error happened while trying to read the source code to parse: failed to convert rope into string

Caused by:
- invalid utf-8 sequence of 1 bytes from index 483

Import trace:
  Server Component:
    ./src/components/Header.tsx
    ./src/app/page.tsx @ http://localhost:3000/_next/static/chunks/node_modules_next_dist_1gdrd03._.js:1945
[  192601ms] [ERROR] ./src/app/du-an/page.tsx
Reading source code for parsing failed
An unexpected error happened while trying to read the source code to parse: failed to convert rope into string

Caused by:
- invalid utf-8 sequence of 1 bytes from index 345

Import traces:
  Client Component Browser:
    ./src/app/du-an/page.tsx [Client Component Browser]
    ./src/app/du-an/page.tsx [Server Component]

  Client Component SSR:
    ./src/app/du-an/page.tsx [Client Component SSR]
    ./src/app/du-an/page.tsx [Server Component] @ http://localhost:3000/_next/static/chunks/node_modules_next_dist_1gdrd03._.js:1945
[  192659ms] [ERROR] ./src/components/Header.tsx
Reading source code for parsing failed
An unexpected error happened while trying to read the source code to parse: failed to convert rope into string

Caused by:
- invalid utf-8 sequence of 1 bytes from index 483

Import trace:
  Server Component:
    ./src/components/Header.tsx
    ./src/app/page.tsx @ http://localhost:3000/_next/static/chunks/node_modules_next_dist_1gdrd03._.js:1945
[  192660ms] [ERROR] ./src/app/du-an/page.tsx
Reading source code for parsing failed
An unexpected error happened while trying to read the source code to parse: failed to convert rope into string

Caused by:
- invalid utf-8 sequence of 1 bytes from index 345

Import traces:
  Client Component Browser:
    ./src/app/du-an/page.tsx [Client Component Browser]
    ./src/app/du-an/page.tsx [Server Component]

  Client Component SSR:
    ./src/app/du-an/page.tsx [Client Component SSR]
    ./src/app/du-an/page.tsx [Server Component] @ http://localhost:3000/_next/static/chunks/node_modules_next_dist_1gdrd03._.js:1945
[  192720ms] [ERROR] ./src/components/Header.tsx
Reading source code for parsing failed
An unexpected error happened while trying to read the source code to parse: failed to convert rope into string

Caused by:
- invalid utf-8 sequence of 1 bytes from index 483

Import trace:
  Server Component:
    ./src/components/Header.tsx
    ./src/app/page.tsx @ http://localhost:3000/_next/static/chunks/node_modules_next_dist_1gdrd03._.js:1945
[  192720ms] [ERROR] ./src/app/du-an/page.tsx
Reading source code for parsing failed
An unexpected error happened while trying to read the source code to parse: failed to convert rope into string

Caused by:
- invalid utf-8 sequence of 1 bytes from index 345

Import traces:
  Client Component Browser:
    ./src/app/du-an/page.tsx [Client Component Browser]
    ./src/app/du-an/page.tsx [Server Component]

  Client Component SSR:
    ./src/app/du-an/page.tsx [Client Component SSR]
    ./src/app/du-an/page.tsx [Server Component] @ http://localhost:3000/_next/static/chunks/node_modules_next_dist_1gdrd03._.js:1945
[  192781ms] [ERROR] ./src/components/Header.tsx
Reading source code for parsing failed
An unexpected error happened while trying to read the source code to parse: failed to convert rope into string

Caused by:
- invalid utf-8 sequence of 1 bytes from index 483

Import trace:
  Server Component:
    ./src/components/Header.tsx
    ./src/app/page.tsx @ http://localhost:3000/_next/static/chunks/node_modules_next_dist_1gdrd03._.js:1945
[  192781ms] [ERROR] ./src/app/du-an/page.tsx
Reading source code for parsing failed
An unexpected error happened while trying to read the source code to parse: failed to convert rope into string

Caused by:
- invalid utf-8 sequence of 1 bytes from index 345

Import traces:
  Client Component Browser:
    ./src/app/du-an/page.tsx [Client Component Browser]
    ./src/app/du-an/page.tsx [Server Component]

  Client Component SSR:
    ./src/app/du-an/page.tsx [Client Component SSR]
    ./src/app/du-an/page.tsx [Server Component] @ http://localhost:3000/_next/static/chunks/node_modules_next_dist_1gdrd03._.js:1945
[  192841ms] [ERROR] ./src/components/Header.tsx
Reading source code for parsing failed
An unexpected error happened while trying to read the source code to parse: failed to convert rope into string

Caused by:
- invalid utf-8 sequence of 1 bytes from index 483

Import trace:
  Server Component:
    ./src/components/Header.tsx
    ./src/app/page.tsx @ http://localhost:3000/_next/static/chunks/node_modules_next_dist_1gdrd03._.js:1945
[  192842ms] [ERROR] ./src/app/du-an/page.tsx
Reading source code for parsing failed
An unexpected error happened while trying to read the source code to parse: failed to convert rope into string

Caused by:
- invalid utf-8 sequence of 1 bytes from index 345

Import traces:
  Client Component Browser:
    ./src/app/du-an/page.tsx [Client Component Browser]
    ./src/app/du-an/page.tsx [Server Component]

  Client Component SSR:
    ./src/app/du-an/page.tsx [Client Component SSR]
    ./src/app/du-an/page.tsx [Server Component] @ http://localhost:3000/_next/static/chunks/node_modules_next_dist_1gdrd03._.js:1945
[  192904ms] [ERROR] ./src/components/Header.tsx
Reading source code for parsing failed
An unexpected error happened while trying to read the source code to parse: failed to convert rope into string

Caused by:
- invalid utf-8 sequence of 1 bytes from index 483

Import trace:
  Server Component:
    ./src/components/Header.tsx
    ./src/app/page.tsx @ http://localhost:3000/_next/static/chunks/node_modules_next_dist_1gdrd03._.js:1945
[  192904ms] [ERROR] ./src/app/du-an/page.tsx
Reading source code for parsing failed
An unexpected error happened while trying to read the source code to parse: failed to convert rope into string

Caused by:
- invalid utf-8 sequence of 1 bytes from index 345

Import traces:
  Client Component Browser:
    ./src/app/du-an/page.tsx [Client Component Browser]
    ./src/app/du-an/page.tsx [Server Component]

  Client Component SSR:
    ./src/app/du-an/page.tsx [Client Component SSR]
    ./src/app/du-an/page.tsx [Server Component] @ http://localhost:3000/_next/static/chunks/node_modules_next_dist_1gdrd03._.js:1945
[  192967ms] [ERROR] ./src/components/Header.tsx
Reading source code for parsing failed
An unexpected error happened while trying to read the source code to parse: failed to convert rope into string

Caused by:
- invalid utf-8 sequence of 1 bytes from index 483

Import trace:
  Server Component:
    ./src/components/Header.tsx
    ./src/app/page.tsx @ http://localhost:3000/_next/static/chunks/node_modules_next_dist_1gdrd03._.js:1945
[  192967ms] [ERROR] ./src/app/du-an/page.tsx
Reading source code for parsing failed
An unexpected error happened while trying to read the source code to parse: failed to convert rope into string

Caused by:
- invalid utf-8 sequence of 1 bytes from index 345

Import traces:
  Client Component Browser:
    ./src/app/du-an/page.tsx [Client Component Browser]
    ./src/app/du-an/page.tsx [Server Component]

  Client Component SSR:
    ./src/app/du-an/page.tsx [Client Component SSR]
    ./src/app/du-an/page.tsx [Server Component] @ http://localhost:3000/_next/static/chunks/node_modules_next_dist_1gdrd03._.js:1945
[  193024ms] [ERROR] ./src/components/Header.tsx
Reading source code for parsing failed
An unexpected error happened while trying to read the source code to parse: failed to convert rope into string

Caused by:
- invalid utf-8 sequence of 1 bytes from index 483

Import trace:
  Server Component:
    ./src/components/Header.tsx
    ./src/app/page.tsx @ http://localhost:3000/_next/static/chunks/node_modules_next_dist_1gdrd03._.js:1945
[  193024ms] [ERROR] ./src/app/du-an/page.tsx
Reading source code for parsing failed
An unexpected error happened while trying to read the source code to parse: failed to convert rope into string

Caused by:
- invalid utf-8 sequence of 1 bytes from index 345

Import traces:
  Client Component Browser:
    ./src/app/du-an/page.tsx [Client Component Browser]
    ./src/app/du-an/page.tsx [Server Component]

  Client Component SSR:
    ./src/app/du-an/page.tsx [Client Component SSR]
    ./src/app/du-an/page.tsx [Server Component] @ http://localhost:3000/_next/static/chunks/node_modules_next_dist_1gdrd03._.js:1945
[  193084ms] [ERROR] ./src/components/Header.tsx
Reading source code for parsing failed
An unexpected error happened while trying to read the source code to parse: failed to convert rope into string

Caused by:
- invalid utf-8 sequence of 1 bytes from index 483

Import trace:
  Server Component:
    ./src/components/Header.tsx
    ./src/app/page.tsx @ http://localhost:3000/_next/static/chunks/node_modules_next_dist_1gdrd03._.js:1945
[  193084ms] [ERROR] ./src/app/du-an/page.tsx
Reading source code for parsing failed
An unexpected error happened while trying to read the source code to parse: failed to convert rope into string

Caused by:
- invalid utf-8 sequence of 1 bytes from index 345

Import traces:
  Client Component Browser:
    ./src/app/du-an/page.tsx [Client Component Browser]
    ./src/app/du-an/page.tsx [Server Component]

  Client Component SSR:
    ./src/app/du-an/page.tsx [Client Component SSR]
    ./src/app/du-an/page.tsx [Server Component] @ http://localhost:3000/_next/static/chunks/node_modules_next_dist_1gdrd03._.js:1945
[  193144ms] [ERROR] ./src/components/Header.tsx
Reading source code for parsing failed
An unexpected error happened while trying to read the source code to parse: failed to convert rope into string

Caused by:
- invalid utf-8 sequence of 1 bytes from index 483

Import trace:
  Server Component:
    ./src/components/Header.tsx
    ./src/app/page.tsx @ http://localhost:3000/_next/static/chunks/node_modules_next_dist_1gdrd03._.js:1945
[  193144ms] [ERROR] ./src/app/du-an/page.tsx
Reading source code for parsing failed
An unexpected error happened while trying to read the source code to parse: failed to convert rope into string

Caused by:
- invalid utf-8 sequence of 1 bytes from index 345

Import traces:
  Client Component Browser:
    ./src/app/du-an/page.tsx [Client Component Browser]
    ./src/app/du-an/page.tsx [Server Component]

  Client Component SSR:
    ./src/app/du-an/page.tsx [Client Component SSR]
    ./src/app/du-an/page.tsx [Server Component] @ http://localhost:3000/_next/static/chunks/node_modules_next_dist_1gdrd03._.js:1945
[  193205ms] [ERROR] ./src/components/Header.tsx
Reading source code for parsing failed
An unexpected error happened while trying to read the source code to parse: failed to convert rope into string

Caused by:
- invalid utf-8 sequence of 1 bytes from index 483

Import trace:
  Server Component:
    ./src/components/Header.tsx
    ./src/app/page.tsx @ http://localhost:3000/_next/static/chunks/node_modules_next_dist_1gdrd03._.js:1945
[  193205ms] [ERROR] ./src/app/du-an/page.tsx
Reading source code for parsing failed
An unexpected error happened while trying to read the source code to parse: failed to convert rope into string

Caused by:
- invalid utf-8 sequence of 1 bytes from index 345

Import traces:
  Client Component Browser:
    ./src/app/du-an/page.tsx [Client Component Browser]
    ./src/app/du-an/page.tsx [Server Component]

  Client Component SSR:
    ./src/app/du-an/page.tsx [Client Component SSR]
    ./src/app/du-an/page.tsx [Server Component] @ http://localhost:3000/_next/static/chunks/node_modules_next_dist_1gdrd03._.js:1945
[  193261ms] [ERROR] ./src/components/Header.tsx
Reading source code for parsing failed
An unexpected error happened while trying to read the source code to parse: failed to convert rope into string

Caused by:
- invalid utf-8 sequence of 1 bytes from index 483

Import trace:
  Server Component:
    ./src/components/Header.tsx
    ./src/app/page.tsx @ http://localhost:3000/_next/static/chunks/node_modules_next_dist_1gdrd03._.js:1945
[  193261ms] [ERROR] ./src/app/du-an/page.tsx
Reading source code for parsing failed
An unexpected error happened while trying to read the source code to parse: failed to convert rope into string

Caused by:
- invalid utf-8 sequence of 1 bytes from index 345

Import traces:
  Client Component Browser:
    ./src/app/du-an/page.tsx [Client Component Browser]
    ./src/app/du-an/page.tsx [Server Component]

  Client Component SSR:
    ./src/app/du-an/page.tsx [Client Component SSR]
    ./src/app/du-an/page.tsx [Server Component] @ http://localhost:3000/_next/static/chunks/node_modules_next_dist_1gdrd03._.js:1945
[  193320ms] [ERROR] ./src/components/Header.tsx
Reading source code for parsing failed
An unexpected error happened while trying to read the source code to parse: failed to convert rope into string

Caused by:
- invalid utf-8 sequence of 1 bytes from index 483

Import trace:
  Server Component:
    ./src/components/Header.tsx
    ./src/app/page.tsx @ http://localhost:3000/_next/static/chunks/node_modules_next_dist_1gdrd03._.js:1945
[  193320ms] [ERROR] ./src/app/du-an/page.tsx
Reading source code for parsing failed
An unexpected error happened while trying to read the source code to parse: failed to convert rope into string

Caused by:
- invalid utf-8 sequence of 1 bytes from index 345

Import traces:
  Client Component Browser:
    ./src/app/du-an/page.tsx [Client Component Browser]
    ./src/app/du-an/page.tsx [Server Component]

  Client Component SSR:
    ./src/app/du-an/page.tsx [Client Component SSR]
    ./src/app/du-an/page.tsx [Server Component] @ http://localhost:3000/_next/static/chunks/node_modules_next_dist_1gdrd03._.js:1945
[  193381ms] [ERROR] ./src/components/Header.tsx
Reading source code for parsing failed
An unexpected error happened while trying to read the source code to parse: failed to convert rope into string

Caused by:
- invalid utf-8 sequence of 1 bytes from index 483

Import trace:
  Server Component:
    ./src/components/Header.tsx
    ./src/app/page.tsx @ http://localhost:3000/_next/static/chunks/node_modules_next_dist_1gdrd03._.js:1945
[  193381ms] [ERROR] ./src/app/du-an/page.tsx
Reading source code for parsing failed
An unexpected error happened while trying to read the source code to parse: failed to convert rope into string

Caused by:
- invalid utf-8 sequence of 1 bytes from index 345

Import traces:
  Client Component Browser:
    ./src/app/du-an/page.tsx [Client Component Browser]
    ./src/app/du-an/page.tsx [Server Component]

  Client Component SSR:
    ./src/app/du-an/page.tsx [Client Component SSR]
    ./src/app/du-an/page.tsx [Server Component] @ http://localhost:3000/_next/static/chunks/node_modules_next_dist_1gdrd03._.js:1945
[  193440ms] [ERROR] ./src/components/Header.tsx
Reading source code for parsing failed
An unexpected error happened while trying to read the source code to parse: failed to convert rope into string

Caused by:
- invalid utf-8 sequence of 1 bytes from index 483

Import trace:
  Server Component:
    ./src/components/Header.tsx
    ./src/app/page.tsx @ http://localhost:3000/_next/static/chunks/node_modules_next_dist_1gdrd03._.js:1945
[  193440ms] [ERROR] ./src/app/du-an/page.tsx
Reading source code for parsing failed
An unexpected error happened while trying to read the source code to parse: failed to convert rope into string

Caused by:
- invalid utf-8 sequence of 1 bytes from index 345

Import traces:
  Client Component Browser:
    ./src/app/du-an/page.tsx [Client Component Browser]
    ./src/app/du-an/page.tsx [Server Component]

  Client Component SSR:
    ./src/app/du-an/page.tsx [Client Component SSR]
    ./src/app/du-an/page.tsx [Server Component] @ http://localhost:3000/_next/static/chunks/node_modules_next_dist_1gdrd03._.js:1945
[  193501ms] [ERROR] ./src/components/Header.tsx
Reading source code for parsing failed
An unexpected error happened while trying to read the source code to parse: failed to convert rope into string

Caused by:
- invalid utf-8 sequence of 1 bytes from index 483

Import trace:
  Server Component:
    ./src/components/Header.tsx
    ./src/app/page.tsx @ http://localhost:3000/_next/static/chunks/node_modules_next_dist_1gdrd03._.js:1945
[  193501ms] [ERROR] ./src/app/du-an/page.tsx
Reading source code for parsing failed
An unexpected error happened while trying to read the source code to parse: failed to convert rope into string

Caused by:
- invalid utf-8 sequence of 1 bytes from index 345

Import traces:
  Client Component Browser:
    ./src/app/du-an/page.tsx [Client Component Browser]
    ./src/app/du-an/page.tsx [Server Component]

  Client Component SSR:
    ./src/app/du-an/page.tsx [Client Component SSR]
    ./src/app/du-an/page.tsx [Server Component] @ http://localhost:3000/_next/static/chunks/node_modules_next_dist_1gdrd03._.js:1945
[  193560ms] [ERROR] ./src/components/Header.tsx
Reading source code for parsing failed
An unexpected error happened while trying to read the source code to parse: failed to convert rope into string

Caused by:
- invalid utf-8 sequence of 1 bytes from index 483

Import trace:
  Server Component:
    ./src/components/Header.tsx
    ./src/app/page.tsx @ http://localhost:3000/_next/static/chunks/node_modules_next_dist_1gdrd03._.js:1945
[  193560ms] [ERROR] ./src/app/du-an/page.tsx
Reading source code for parsing failed
An unexpected error happened while trying to read the source code to parse: failed to convert rope into string

Caused by:
- invalid utf-8 sequence of 1 bytes from index 345

Import traces:
  Client Component Browser:
    ./src/app/du-an/page.tsx [Client Component Browser]
    ./src/app/du-an/page.tsx [Server Component]

  Client Component SSR:
    ./src/app/du-an/page.tsx [Client Component SSR]
    ./src/app/du-an/page.tsx [Server Component] @ http://localhost:3000/_next/static/chunks/node_modules_next_dist_1gdrd03._.js:1945
[  193618ms] [ERROR] ./src/components/Header.tsx
Reading source code for parsing failed
An unexpected error happened while trying to read the source code to parse: failed to convert rope into string

Caused by:
- invalid utf-8 sequence of 1 bytes from index 483

Import trace:
  Server Component:
    ./src/components/Header.tsx
    ./src/app/page.tsx @ http://localhost:3000/_next/static/chunks/node_modules_next_dist_1gdrd03._.js:1945
[  193619ms] [ERROR] ./src/app/du-an/page.tsx
Reading source code for parsing failed
An unexpected error happened while trying to read the source code to parse: failed to convert rope into string

Caused by:
- invalid utf-8 sequence of 1 bytes from index 345

Import traces:
  Client Component Browser:
    ./src/app/du-an/page.tsx [Client Component Browser]
    ./src/app/du-an/page.tsx [Server Component]

  Client Component SSR:
    ./src/app/du-an/page.tsx [Client Component SSR]
    ./src/app/du-an/page.tsx [Server Component] @ http://localhost:3000/_next/static/chunks/node_modules_next_dist_1gdrd03._.js:1945
[  193679ms] [ERROR] ./src/components/Header.tsx
Reading source code for parsing failed
An unexpected error happened while trying to read the source code to parse: failed to convert rope into string

Caused by:
- invalid utf-8 sequence of 1 bytes from index 483

Import trace:
  Server Component:
    ./src/components/Header.tsx
    ./src/app/page.tsx @ http://localhost:3000/_next/static/chunks/node_modules_next_dist_1gdrd03._.js:1945
[  193679ms] [ERROR] ./src/app/du-an/page.tsx
Reading source code for parsing failed
An unexpected error happened while trying to read the source code to parse: failed to convert rope into string

Caused by:
- invalid utf-8 sequence of 1 bytes from index 345

Import traces:
  Client Component Browser:
    ./src/app/du-an/page.tsx [Client Component Browser]
    ./src/app/du-an/page.tsx [Server Component]

  Client Component SSR:
    ./src/app/du-an/page.tsx [Client Component SSR]
    ./src/app/du-an/page.tsx [Server Component] @ http://localhost:3000/_next/static/chunks/node_modules_next_dist_1gdrd03._.js:1945
[  193743ms] [ERROR] ./src/components/Header.tsx
Reading source code for parsing failed
An unexpected error happened while trying to read the source code to parse: failed to convert rope into string

Caused by:
- invalid utf-8 sequence of 1 bytes from index 483

Import trace:
  Server Component:
    ./src/components/Header.tsx
    ./src/app/page.tsx @ http://localhost:3000/_next/static/chunks/node_modules_next_dist_1gdrd03._.js:1945
[  193743ms] [ERROR] ./src/app/du-an/page.tsx
Reading source code for parsing failed
An unexpected error happened while trying to read the source code to parse: failed to convert rope into string

Caused by:
- invalid utf-8 sequence of 1 bytes from index 345

Import traces:
  Client Component Browser:
    ./src/app/du-an/page.tsx [Client Component Browser]
    ./src/app/du-an/page.tsx [Server Component]

  Client Component SSR:
    ./src/app/du-an/page.tsx [Client Component SSR]
    ./src/app/du-an/page.tsx [Server Component] @ http://localhost:3000/_next/static/chunks/node_modules_next_dist_1gdrd03._.js:1945
[  193835ms] [ERROR] ./src/components/Header.tsx
Reading source code for parsing failed
An unexpected error happened while trying to read the source code to parse: failed to convert rope into string

Caused by:
- invalid utf-8 sequence of 1 bytes from index 483

Import trace:
  Server Component:
    ./src/components/Header.tsx
    ./src/app/page.tsx @ http://localhost:3000/_next/static/chunks/node_modules_next_dist_1gdrd03._.js:1945
[  193835ms] [ERROR] ./src/app/du-an/page.tsx
Reading source code for parsing failed
An unexpected error happened while trying to read the source code to parse: failed to convert rope into string

Caused by:
- invalid utf-8 sequence of 1 bytes from index 345

Import traces:
  Client Component Browser:
    ./src/app/du-an/page.tsx [Client Component Browser]
    ./src/app/du-an/page.tsx [Server Component]

  Client Component SSR:
    ./src/app/du-an/page.tsx [Client Component SSR]
    ./src/app/du-an/page.tsx [Server Component] @ http://localhost:3000/_next/static/chunks/node_modules_next_dist_1gdrd03._.js:1945
[  193893ms] [ERROR] ./src/components/Header.tsx
Reading source code for parsing failed
An unexpected error happened while trying to read the source code to parse: failed to convert rope into string

Caused by:
- invalid utf-8 sequence of 1 bytes from index 483

Import trace:
  Server Component:
    ./src/components/Header.tsx
    ./src/app/page.tsx @ http://localhost:3000/_next/static/chunks/node_modules_next_dist_1gdrd03._.js:1945
[  193894ms] [ERROR] ./src/app/du-an/page.tsx
Reading source code for parsing failed
An unexpected error happened while trying to read the source code to parse: failed to convert rope into string

Caused by:
- invalid utf-8 sequence of 1 bytes from index 345

Import traces:
  Client Component Browser:
    ./src/app/du-an/page.tsx [Client Component Browser]
    ./src/app/du-an/page.tsx [Server Component]

  Client Component SSR:
    ./src/app/du-an/page.tsx [Client Component SSR]
    ./src/app/du-an/page.tsx [Server Component] @ http://localhost:3000/_next/static/chunks/node_modules_next_dist_1gdrd03._.js:1945
[  193954ms] [ERROR] ./src/components/Header.tsx
Reading source code for parsing failed
An unexpected error happened while trying to read the source code to parse: failed to convert rope into string

Caused by:
- invalid utf-8 sequence of 1 bytes from index 483

Import trace:
  Server Component:
    ./src/components/Header.tsx
    ./src/app/page.tsx @ http://localhost:3000/_next/static/chunks/node_modules_next_dist_1gdrd03._.js:1945
[  193955ms] [ERROR] ./src/app/du-an/page.tsx
Reading source code for parsing failed
An unexpected error happened while trying to read the source code to parse: failed to convert rope into string

Caused by:
- invalid utf-8 sequence of 1 bytes from index 345

Import traces:
  Client Component Browser:
    ./src/app/du-an/page.tsx [Client Component Browser]
    ./src/app/du-an/page.tsx [Server Component]

  Client Component SSR:
    ./src/app/du-an/page.tsx [Client Component SSR]
    ./src/app/du-an/page.tsx [Server Component] @ http://localhost:3000/_next/static/chunks/node_modules_next_dist_1gdrd03._.js:1945
[  194016ms] [ERROR] ./src/components/Header.tsx
Reading source code for parsing failed
An unexpected error happened while trying to read the source code to parse: failed to convert rope into string

Caused by:
- invalid utf-8 sequence of 1 bytes from index 483

Import trace:
  Server Component:
    ./src/components/Header.tsx
    ./src/app/page.tsx @ http://localhost:3000/_next/static/chunks/node_modules_next_dist_1gdrd03._.js:1945
[  194017ms] [ERROR] ./src/app/du-an/page.tsx
Reading source code for parsing failed
An unexpected error happened while trying to read the source code to parse: failed to convert rope into string

Caused by:
- invalid utf-8 sequence of 1 bytes from index 345

Import traces:
  Client Component Browser:
    ./src/app/du-an/page.tsx [Client Component Browser]
    ./src/app/du-an/page.tsx [Server Component]

  Client Component SSR:
    ./src/app/du-an/page.tsx [Client Component SSR]
    ./src/app/du-an/page.tsx [Server Component] @ http://localhost:3000/_next/static/chunks/node_modules_next_dist_1gdrd03._.js:1945
[  194074ms] [ERROR] ./src/components/Header.tsx
Reading source code for parsing failed
An unexpected error happened while trying to read the source code to parse: failed to convert rope into string

Caused by:
- invalid utf-8 sequence of 1 bytes from index 483

Import trace:
  Server Component:
    ./src/components/Header.tsx
    ./src/app/page.tsx @ http://localhost:3000/_next/static/chunks/node_modules_next_dist_1gdrd03._.js:1945
[  194074ms] [ERROR] ./src/app/du-an/page.tsx
Reading source code for parsing failed
An unexpected error happened while trying to read the source code to parse: failed to convert rope into string

Caused by:
- invalid utf-8 sequence of 1 bytes from index 345

Import traces:
  Client Component Browser:
    ./src/app/du-an/page.tsx [Client Component Browser]
    ./src/app/du-an/page.tsx [Server Component]

  Client Component SSR:
    ./src/app/du-an/page.tsx [Client Component SSR]
    ./src/app/du-an/page.tsx [Server Component] @ http://localhost:3000/_next/static/chunks/node_modules_next_dist_1gdrd03._.js:1945
[  194133ms] [ERROR] ./src/components/Header.tsx
Reading source code for parsing failed
An unexpected error happened while trying to read the source code to parse: failed to convert rope into string

Caused by:
- invalid utf-8 sequence of 1 bytes from index 483

Import trace:
  Server Component:
    ./src/components/Header.tsx
    ./src/app/page.tsx @ http://localhost:3000/_next/static/chunks/node_modules_next_dist_1gdrd03._.js:1945
[  194134ms] [ERROR] ./src/app/du-an/page.tsx
Reading source code for parsing failed
An unexpected error happened while trying to read the source code to parse: failed to convert rope into string

Caused by:
- invalid utf-8 sequence of 1 bytes from index 345

Import traces:
  Client Component Browser:
    ./src/app/du-an/page.tsx [Client Component Browser]
    ./src/app/du-an/page.tsx [Server Component]

  Client Component SSR:
    ./src/app/du-an/page.tsx [Client Component SSR]
    ./src/app/du-an/page.tsx [Server Component] @ http://localhost:3000/_next/static/chunks/node_modules_next_dist_1gdrd03._.js:1945
[  194191ms] [ERROR] ./src/components/Header.tsx
Reading source code for parsing failed
An unexpected error happened while trying to read the source code to parse: failed to convert rope into string

Caused by:
- invalid utf-8 sequence of 1 bytes from index 483

Import trace:
  Server Component:
    ./src/components/Header.tsx
    ./src/app/page.tsx @ http://localhost:3000/_next/static/chunks/node_modules_next_dist_1gdrd03._.js:1945
[  194191ms] [ERROR] ./src/app/du-an/page.tsx
Reading source code for parsing failed
An unexpected error happened while trying to read the source code to parse: failed to convert rope into string

Caused by:
- invalid utf-8 sequence of 1 bytes from index 345

Import traces:
  Client Component Browser:
    ./src/app/du-an/page.tsx [Client Component Browser]
    ./src/app/du-an/page.tsx [Server Component]

  Client Component SSR:
    ./src/app/du-an/page.tsx [Client Component SSR]
    ./src/app/du-an/page.tsx [Server Component] @ http://localhost:3000/_next/static/chunks/node_modules_next_dist_1gdrd03._.js:1945
[  194252ms] [ERROR] ./src/components/Header.tsx
Reading source code for parsing failed
An unexpected error happened while trying to read the source code to parse: failed to convert rope into string

Caused by:
- invalid utf-8 sequence of 1 bytes from index 483

Import trace:
  Server Component:
    ./src/components/Header.tsx
    ./src/app/page.tsx @ http://localhost:3000/_next/static/chunks/node_modules_next_dist_1gdrd03._.js:1945
[  194252ms] [ERROR] ./src/app/du-an/page.tsx
Reading source code for parsing failed
An unexpected error happened while trying to read the source code to parse: failed to convert rope into string

Caused by:
- invalid utf-8 sequence of 1 bytes from index 345

Import traces:
  Client Component Browser:
    ./src/app/du-an/page.tsx [Client Component Browser]
    ./src/app/du-an/page.tsx [Server Component]

  Client Component SSR:
    ./src/app/du-an/page.tsx [Client Component SSR]
    ./src/app/du-an/page.tsx [Server Component] @ http://localhost:3000/_next/static/chunks/node_modules_next_dist_1gdrd03._.js:1945
[  194313ms] [ERROR] ./src/components/Header.tsx
Reading source code for parsing failed
An unexpected error happened while trying to read the source code to parse: failed to convert rope into string

Caused by:
- invalid utf-8 sequence of 1 bytes from index 483

Import trace:
  Server Component:
    ./src/components/Header.tsx
    ./src/app/page.tsx @ http://localhost:3000/_next/static/chunks/node_modules_next_dist_1gdrd03._.js:1945
[  194313ms] [ERROR] ./src/app/du-an/page.tsx
Reading source code for parsing failed
An unexpected error happened while trying to read the source code to parse: failed to convert rope into string

Caused by:
- invalid utf-8 sequence of 1 bytes from index 345

Import traces:
  Client Component Browser:
    ./src/app/du-an/page.tsx [Client Component Browser]
    ./src/app/du-an/page.tsx [Server Component]

  Client Component SSR:
    ./src/app/du-an/page.tsx [Client Component SSR]
    ./src/app/du-an/page.tsx [Server Component] @ http://localhost:3000/_next/static/chunks/node_modules_next_dist_1gdrd03._.js:1945
[  194372ms] [ERROR] ./src/components/Header.tsx
Reading source code for parsing failed
An unexpected error happened while trying to read the source code to parse: failed to convert rope into string

Caused by:
- invalid utf-8 sequence of 1 bytes from index 483

Import trace:
  Server Component:
    ./src/components/Header.tsx
    ./src/app/page.tsx @ http://localhost:3000/_next/static/chunks/node_modules_next_dist_1gdrd03._.js:1945
[  194372ms] [ERROR] ./src/app/du-an/page.tsx
Reading source code for parsing failed
An unexpected error happened while trying to read the source code to parse: failed to convert rope into string

Caused by:
- invalid utf-8 sequence of 1 bytes from index 345

Import traces:
  Client Component Browser:
    ./src/app/du-an/page.tsx [Client Component Browser]
    ./src/app/du-an/page.tsx [Server Component]

  Client Component SSR:
    ./src/app/du-an/page.tsx [Client Component SSR]
    ./src/app/du-an/page.tsx [Server Component] @ http://localhost:3000/_next/static/chunks/node_modules_next_dist_1gdrd03._.js:1945
[  194436ms] [ERROR] ./src/components/Header.tsx
Reading source code for parsing failed
An unexpected error happened while trying to read the source code to parse: failed to convert rope into string

Caused by:
- invalid utf-8 sequence of 1 bytes from index 483

Import trace:
  Server Component:
    ./src/components/Header.tsx
    ./src/app/page.tsx @ http://localhost:3000/_next/static/chunks/node_modules_next_dist_1gdrd03._.js:1945
[  194436ms] [ERROR] ./src/app/du-an/page.tsx
Reading source code for parsing failed
An unexpected error happened while trying to read the source code to parse: failed to convert rope into string

Caused by:
- invalid utf-8 sequence of 1 bytes from index 345

Import traces:
  Client Component Browser:
    ./src/app/du-an/page.tsx [Client Component Browser]
    ./src/app/du-an/page.tsx [Server Component]

  Client Component SSR:
    ./src/app/du-an/page.tsx [Client Component SSR]
    ./src/app/du-an/page.tsx [Server Component] @ http://localhost:3000/_next/static/chunks/node_modules_next_dist_1gdrd03._.js:1945
[  194499ms] [ERROR] ./src/components/Header.tsx
Reading source code for parsing failed
An unexpected error happened while trying to read the source code to parse: failed to convert rope into string

Caused by:
- invalid utf-8 sequence of 1 bytes from index 483

Import trace:
  Server Component:
    ./src/components/Header.tsx
    ./src/app/page.tsx @ http://localhost:3000/_next/static/chunks/node_modules_next_dist_1gdrd03._.js:1945
[  194500ms] [ERROR] ./src/app/du-an/page.tsx
Reading source code for parsing failed
An unexpected error happened while trying to read the source code to parse: failed to convert rope into string

Caused by:
- invalid utf-8 sequence of 1 bytes from index 345

Import traces:
  Client Component Browser:
    ./src/app/du-an/page.tsx [Client Component Browser]
    ./src/app/du-an/page.tsx [Server Component]

  Client Component SSR:
    ./src/app/du-an/page.tsx [Client Component SSR]
    ./src/app/du-an/page.tsx [Server Component] @ http://localhost:3000/_next/static/chunks/node_modules_next_dist_1gdrd03._.js:1945
[  194561ms] [ERROR] ./src/components/Header.tsx
Reading source code for parsing failed
An unexpected error happened while trying to read the source code to parse: failed to convert rope into string

Caused by:
- invalid utf-8 sequence of 1 bytes from index 483

Import trace:
  Server Component:
    ./src/components/Header.tsx
    ./src/app/page.tsx @ http://localhost:3000/_next/static/chunks/node_modules_next_dist_1gdrd03._.js:1945
[  194562ms] [ERROR] ./src/app/du-an/page.tsx
Reading source code for parsing failed
An unexpected error happened while trying to read the source code to parse: failed to convert rope into string

Caused by:
- invalid utf-8 sequence of 1 bytes from index 345

Import traces:
  Client Component Browser:
    ./src/app/du-an/page.tsx [Client Component Browser]
    ./src/app/du-an/page.tsx [Server Component]

  Client Component SSR:
    ./src/app/du-an/page.tsx [Client Component SSR]
    ./src/app/du-an/page.tsx [Server Component] @ http://localhost:3000/_next/static/chunks/node_modules_next_dist_1gdrd03._.js:1945
[  194623ms] [ERROR] ./src/components/Header.tsx
Reading source code for parsing failed
An unexpected error happened while trying to read the source code to parse: failed to convert rope into string

Caused by:
- invalid utf-8 sequence of 1 bytes from index 483

Import trace:
  Server Component:
    ./src/components/Header.tsx
    ./src/app/page.tsx @ http://localhost:3000/_next/static/chunks/node_modules_next_dist_1gdrd03._.js:1945
[  194623ms] [ERROR] ./src/app/du-an/page.tsx
Reading source code for parsing failed
An unexpected error happened while trying to read the source code to parse: failed to convert rope into string

Caused by:
- invalid utf-8 sequence of 1 bytes from index 345

Import traces:
  Client Component Browser:
    ./src/app/du-an/page.tsx [Client Component Browser]
    ./src/app/du-an/page.tsx [Server Component]

  Client Component SSR:
    ./src/app/du-an/page.tsx [Client Component SSR]
    ./src/app/du-an/page.tsx [Server Component] @ http://localhost:3000/_next/static/chunks/node_modules_next_dist_1gdrd03._.js:1945
[  194686ms] [ERROR] ./src/components/Header.tsx
Reading source code for parsing failed
An unexpected error happened while trying to read the source code to parse: failed to convert rope into string

Caused by:
- invalid utf-8 sequence of 1 bytes from index 483

Import trace:
  Server Component:
    ./src/components/Header.tsx
    ./src/app/page.tsx @ http://localhost:3000/_next/static/chunks/node_modules_next_dist_1gdrd03._.js:1945
[  194686ms] [ERROR] ./src/app/du-an/page.tsx
Reading source code for parsing failed
An unexpected error happened while trying to read the source code to parse: failed to convert rope into string

Caused by:
- invalid utf-8 sequence of 1 bytes from index 345

Import traces:
  Client Component Browser:
    ./src/app/du-an/page.tsx [Client Component Browser]
    ./src/app/du-an/page.tsx [Server Component]

  Client Component SSR:
    ./src/app/du-an/page.tsx [Client Component SSR]
    ./src/app/du-an/page.tsx [Server Component] @ http://localhost:3000/_next/static/chunks/node_modules_next_dist_1gdrd03._.js:1945
[  194750ms] [ERROR] ./src/components/Header.tsx
Reading source code for parsing failed
An unexpected error happened while trying to read the source code to parse: failed to convert rope into string

Caused by:
- invalid utf-8 sequence of 1 bytes from index 483

Import trace:
  Server Component:
    ./src/components/Header.tsx
    ./src/app/page.tsx @ http://localhost:3000/_next/static/chunks/node_modules_next_dist_1gdrd03._.js:1945
[  194750ms] [ERROR] ./src/app/du-an/page.tsx
Reading source code for parsing failed
An unexpected error happened while trying to read the source code to parse: failed to convert rope into string

Caused by:
- invalid utf-8 sequence of 1 bytes from index 345

Import traces:
  Client Component Browser:
    ./src/app/du-an/page.tsx [Client Component Browser]
    ./src/app/du-an/page.tsx [Server Component]

  Client Component SSR:
    ./src/app/du-an/page.tsx [Client Component SSR]
    ./src/app/du-an/page.tsx [Server Component] @ http://localhost:3000/_next/static/chunks/node_modules_next_dist_1gdrd03._.js:1945
[  194812ms] [ERROR] ./src/components/Header.tsx
Reading source code for parsing failed
An unexpected error happened while trying to read the source code to parse: failed to convert rope into string

Caused by:
- invalid utf-8 sequence of 1 bytes from index 483

Import trace:
  Server Component:
    ./src/components/Header.tsx
    ./src/app/page.tsx @ http://localhost:3000/_next/static/chunks/node_modules_next_dist_1gdrd03._.js:1945
[  194813ms] [ERROR] ./src/app/du-an/page.tsx
Reading source code for parsing failed
An unexpected error happened while trying to read the source code to parse: failed to convert rope into string

Caused by:
- invalid utf-8 sequence of 1 bytes from index 345

Import traces:
  Client Component Browser:
    ./src/app/du-an/page.tsx [Client Component Browser]
    ./src/app/du-an/page.tsx [Server Component]

  Client Component SSR:
    ./src/app/du-an/page.tsx [Client Component SSR]
    ./src/app/du-an/page.tsx [Server Component] @ http://localhost:3000/_next/static/chunks/node_modules_next_dist_1gdrd03._.js:1945
[  194873ms] [ERROR] ./src/components/Header.tsx
Reading source code for parsing failed
An unexpected error happened while trying to read the source code to parse: failed to convert rope into string

Caused by:
- invalid utf-8 sequence of 1 bytes from index 483

Import trace:
  Server Component:
    ./src/components/Header.tsx
    ./src/app/page.tsx @ http://localhost:3000/_next/static/chunks/node_modules_next_dist_1gdrd03._.js:1945
[  194873ms] [ERROR] ./src/app/du-an/page.tsx
Reading source code for parsing failed
An unexpected error happened while trying to read the source code to parse: failed to convert rope into string

Caused by:
- invalid utf-8 sequence of 1 bytes from index 345

Import traces:
  Client Component Browser:
    ./src/app/du-an/page.tsx [Client Component Browser]
    ./src/app/du-an/page.tsx [Server Component]

  Client Component SSR:
    ./src/app/du-an/page.tsx [Client Component SSR]
    ./src/app/du-an/page.tsx [Server Component] @ http://localhost:3000/_next/static/chunks/node_modules_next_dist_1gdrd03._.js:1945
[  194936ms] [ERROR] ./src/components/Header.tsx
Reading source code for parsing failed
An unexpected error happened while trying to read the source code to parse: failed to convert rope into string

Caused by:
- invalid utf-8 sequence of 1 bytes from index 483

Import trace:
  Server Component:
    ./src/components/Header.tsx
    ./src/app/page.tsx @ http://localhost:3000/_next/static/chunks/node_modules_next_dist_1gdrd03._.js:1945
[  194936ms] [ERROR] ./src/app/du-an/page.tsx
Reading source code for parsing failed
An unexpected error happened while trying to read the source code to parse: failed to convert rope into string

Caused by:
- invalid utf-8 sequence of 1 bytes from index 345

Import traces:
  Client Component Browser:
    ./src/app/du-an/page.tsx [Client Component Browser]
    ./src/app/du-an/page.tsx [Server Component]

  Client Component SSR:
    ./src/app/du-an/page.tsx [Client Component SSR]
    ./src/app/du-an/page.tsx [Server Component] @ http://localhost:3000/_next/static/chunks/node_modules_next_dist_1gdrd03._.js:1945
[  195000ms] [ERROR] ./src/components/Header.tsx
Reading source code for parsing failed
An unexpected error happened while trying to read the source code to parse: failed to convert rope into string

Caused by:
- invalid utf-8 sequence of 1 bytes from index 483

Import trace:
  Server Component:
    ./src/components/Header.tsx
    ./src/app/page.tsx @ http://localhost:3000/_next/static/chunks/node_modules_next_dist_1gdrd03._.js:1945
[  195000ms] [ERROR] ./src/app/du-an/page.tsx
Reading source code for parsing failed
An unexpected error happened while trying to read the source code to parse: failed to convert rope into string

Caused by:
- invalid utf-8 sequence of 1 bytes from index 345

Import traces:
  Client Component Browser:
    ./src/app/du-an/page.tsx [Client Component Browser]
    ./src/app/du-an/page.tsx [Server Component]

  Client Component SSR:
    ./src/app/du-an/page.tsx [Client Component SSR]
    ./src/app/du-an/page.tsx [Server Component] @ http://localhost:3000/_next/static/chunks/node_modules_next_dist_1gdrd03._.js:1945
[  195062ms] [ERROR] ./src/components/Header.tsx
Reading source code for parsing failed
An unexpected error happened while trying to read the source code to parse: failed to convert rope into string

Caused by:
- invalid utf-8 sequence of 1 bytes from index 483

Import trace:
  Server Component:
    ./src/components/Header.tsx
    ./src/app/page.tsx @ http://localhost:3000/_next/static/chunks/node_modules_next_dist_1gdrd03._.js:1945
[  195063ms] [ERROR] ./src/app/du-an/page.tsx
Reading source code for parsing failed
An unexpected error happened while trying to read the source code to parse: failed to convert rope into string

Caused by:
- invalid utf-8 sequence of 1 bytes from index 345

Import traces:
  Client Component Browser:
    ./src/app/du-an/page.tsx [Client Component Browser]
    ./src/app/du-an/page.tsx [Server Component]

  Client Component SSR:
    ./src/app/du-an/page.tsx [Client Component SSR]
    ./src/app/du-an/page.tsx [Server Component] @ http://localhost:3000/_next/static/chunks/node_modules_next_dist_1gdrd03._.js:1945
[  195131ms] [ERROR] ./src/components/Header.tsx
Reading source code for parsing failed
An unexpected error happened while trying to read the source code to parse: failed to convert rope into string

Caused by:
- invalid utf-8 sequence of 1 bytes from index 483

Import trace:
  Server Component:
    ./src/components/Header.tsx
    ./src/app/page.tsx @ http://localhost:3000/_next/static/chunks/node_modules_next_dist_1gdrd03._.js:1945
[  195131ms] [ERROR] ./src/app/du-an/page.tsx
Reading source code for parsing failed
An unexpected error happened while trying to read the source code to parse: failed to convert rope into string

Caused by:
- invalid utf-8 sequence of 1 bytes from index 345

Import traces:
  Client Component Browser:
    ./src/app/du-an/page.tsx [Client Component Browser]
    ./src/app/du-an/page.tsx [Server Component]

  Client Component SSR:
    ./src/app/du-an/page.tsx [Client Component SSR]
    ./src/app/du-an/page.tsx [Server Component] @ http://localhost:3000/_next/static/chunks/node_modules_next_dist_1gdrd03._.js:1945
[  195193ms] [ERROR] ./src/components/Header.tsx
Reading source code for parsing failed
An unexpected error happened while trying to read the source code to parse: failed to convert rope into string

Caused by:
- invalid utf-8 sequence of 1 bytes from index 483

Import trace:
  Server Component:
    ./src/components/Header.tsx
    ./src/app/page.tsx @ http://localhost:3000/_next/static/chunks/node_modules_next_dist_1gdrd03._.js:1945
[  195194ms] [ERROR] ./src/app/du-an/page.tsx
Reading source code for parsing failed
An unexpected error happened while trying to read the source code to parse: failed to convert rope into string

Caused by:
- invalid utf-8 sequence of 1 bytes from index 345

Import traces:
  Client Component Browser:
    ./src/app/du-an/page.tsx [Client Component Browser]
    ./src/app/du-an/page.tsx [Server Component]

  Client Component SSR:
    ./src/app/du-an/page.tsx [Client Component SSR]
    ./src/app/du-an/page.tsx [Server Component] @ http://localhost:3000/_next/static/chunks/node_modules_next_dist_1gdrd03._.js:1945
[  195254ms] [ERROR] ./src/components/Header.tsx
Reading source code for parsing failed
An unexpected error happened while trying to read the source code to parse: failed to convert rope into string

Caused by:
- invalid utf-8 sequence of 1 bytes from index 483

Import trace:
  Server Component:
    ./src/components/Header.tsx
    ./src/app/page.tsx @ http://localhost:3000/_next/static/chunks/node_modules_next_dist_1gdrd03._.js:1945
[  195254ms] [ERROR] ./src/app/du-an/page.tsx
Reading source code for parsing failed
An unexpected error happened while trying to read the source code to parse: failed to convert rope into string

Caused by:
- invalid utf-8 sequence of 1 bytes from index 345

Import traces:
  Client Component Browser:
    ./src/app/du-an/page.tsx [Client Component Browser]
    ./src/app/du-an/page.tsx [Server Component]

  Client Component SSR:
    ./src/app/du-an/page.tsx [Client Component SSR]
    ./src/app/du-an/page.tsx [Server Component] @ http://localhost:3000/_next/static/chunks/node_modules_next_dist_1gdrd03._.js:1945
[  195316ms] [ERROR] ./src/components/Header.tsx
Reading source code for parsing failed
An unexpected error happened while trying to read the source code to parse: failed to convert rope into string

Caused by:
- invalid utf-8 sequence of 1 bytes from index 483

Import trace:
  Server Component:
    ./src/components/Header.tsx
    ./src/app/page.tsx @ http://localhost:3000/_next/static/chunks/node_modules_next_dist_1gdrd03._.js:1945
[  195316ms] [ERROR] ./src/app/du-an/page.tsx
Reading source code for parsing failed
An unexpected error happened while trying to read the source code to parse: failed to convert rope into string

Caused by:
- invalid utf-8 sequence of 1 bytes from index 345

Import traces:
  Client Component Browser:
    ./src/app/du-an/page.tsx [Client Component Browser]
    ./src/app/du-an/page.tsx [Server Component]

  Client Component SSR:
    ./src/app/du-an/page.tsx [Client Component SSR]
    ./src/app/du-an/page.tsx [Server Component] @ http://localhost:3000/_next/static/chunks/node_modules_next_dist_1gdrd03._.js:1945
[  195378ms] [ERROR] ./src/components/Header.tsx
Reading source code for parsing failed
An unexpected error happened while trying to read the source code to parse: failed to convert rope into string

Caused by:
- invalid utf-8 sequence of 1 bytes from index 483

Import trace:
  Server Component:
    ./src/components/Header.tsx
    ./src/app/page.tsx @ http://localhost:3000/_next/static/chunks/node_modules_next_dist_1gdrd03._.js:1945
[  195378ms] [ERROR] ./src/app/du-an/page.tsx
Reading source code for parsing failed
An unexpected error happened while trying to read the source code to parse: failed to convert rope into string

Caused by:
- invalid utf-8 sequence of 1 bytes from index 345

Import traces:
  Client Component Browser:
    ./src/app/du-an/page.tsx [Client Component Browser]
    ./src/app/du-an/page.tsx [Server Component]

  Client Component SSR:
    ./src/app/du-an/page.tsx [Client Component SSR]
    ./src/app/du-an/page.tsx [Server Component] @ http://localhost:3000/_next/static/chunks/node_modules_next_dist_1gdrd03._.js:1945
[  195432ms] [ERROR] ./src/components/Header.tsx
Reading source code for parsing failed
An unexpected error happened while trying to read the source code to parse: failed to convert rope into string

Caused by:
- invalid utf-8 sequence of 1 bytes from index 483

Import trace:
  Server Component:
    ./src/components/Header.tsx
    ./src/app/page.tsx @ http://localhost:3000/_next/static/chunks/node_modules_next_dist_1gdrd03._.js:1945
[  195432ms] [ERROR] ./src/app/du-an/page.tsx
Reading source code for parsing failed
An unexpected error happened while trying to read the source code to parse: failed to convert rope into string

Caused by:
- invalid utf-8 sequence of 1 bytes from index 345

Import traces:
  Client Component Browser:
    ./src/app/du-an/page.tsx [Client Component Browser]
    ./src/app/du-an/page.tsx [Server Component]

  Client Component SSR:
    ./src/app/du-an/page.tsx [Client Component SSR]
    ./src/app/du-an/page.tsx [Server Component] @ http://localhost:3000/_next/static/chunks/node_modules_next_dist_1gdrd03._.js:1945
[  195534ms] [LOG] [Fast Refresh] rebuilding @ http://localhost:3000/_next/static/chunks/node_modules_next_dist_1gdrd03._.js:1226
[  195602ms] [ERROR] ./src/components/Header.tsx
Reading source code for parsing failed
An unexpected error happened while trying to read the source code to parse: failed to convert rope into string

Caused by:
- invalid utf-8 sequence of 1 bytes from index 483

Import trace:
  Server Component:
    ./src/components/Header.tsx
    ./src/app/page.tsx @ http://localhost:3000/_next/static/chunks/node_modules_next_dist_1gdrd03._.js:1945
[  195645ms] [ERROR] Failed to load resource: the server responded with a status of 500 (Internal Server Error) @ http://localhost:3000/:0
[  195671ms] [INFO] %cDownload the React DevTools for a better development experience: https://react.dev/link/react-devtools font-weight:bold @ http://localhost:3000/_next/static/chunks/node_modules_react-dom_0kla17-._.js:15305
[  195686ms] Error: ./src/components/Header.tsx
Reading source code for parsing failed
An unexpected error happened while trying to read the source code to parse: failed to convert rope into string

Caused by:
- invalid utf-8 sequence of 1 bytes from index 483

Import trace:
  Server Component:
    ./src/components/Header.tsx
    ./src/app/page.tsx


    at Object.getCompilationErrors (file://F:\Nextjs\eurowindowhcm\node_modules\next\dist\server\dev\hot-reloader-turbopack.js:1186:59)
    at DevBundlerService.getCompilationError (file://F:\Nextjs\eurowindowhcm\node_modules\next\dist\server\lib\dev-bundler-service.js:44:55)
    at DevServer.getCompilationError (file://F:\Nextjs\eurowindowhcm\node_modules\next\dist\server\dev\next-dev-server.js:720:42)
    at DevServer.findPageComponents (file://F:\Nextjs\eurowindowhcm\node_modules\next\dist\server\dev\next-dev-server.js:690:43)
    at async DevServer.renderErrorToResponseImpl (file://F:\Nextjs\eurowindowhcm\node_modules\next\dist\server\base-server.js:1753:26)
[  195687ms] [LOG] [HMR] connected @ http://localhost:3000/_next/static/chunks/node_modules_next_dist_1gdrd03._.js:1226
[  195689ms] [ERROR] ./src/components/Header.tsx
Reading source code for parsing failed
An unexpected error happened while trying to read the source code to parse: failed to convert rope into string

Caused by:
- invalid utf-8 sequence of 1 bytes from index 483

Import trace:
  Server Component:
    ./src/components/Header.tsx
    ./src/app/page.tsx @ http://localhost:3000/_next/static/chunks/node_modules_next_dist_1gdrd03._.js:1945
[  195689ms] [ERROR] ./src/components/Header.tsx
Reading source code for parsing failed
An unexpected error happened while trying to read the source code to parse: failed to convert rope into string

Caused by:
- invalid utf-8 sequence of 1 bytes from index 483

Import traces:
  Client Component Browser:
    ./src/components/Header.tsx [Client Component Browser]
    ./src/app/du-an/page.tsx [Client Component Browser]
    ./src/app/du-an/page.tsx [Server Component]

  Client Component SSR:
    ./src/components/Header.tsx [Client Component SSR]
    ./src/app/du-an/page.tsx [Client Component SSR]
    ./src/app/du-an/page.tsx [Server Component] @ http://localhost:3000/_next/static/chunks/node_modules_next_dist_1gdrd03._.js:1945
[  195690ms] [ERROR] ./src/components/Header.tsx
Reading source code for parsing failed
An unexpected error happened while trying to read the source code to parse: failed to convert rope into string

Caused by:
- invalid utf-8 sequence of 1 bytes from index 483

Import traces:
  Client Component Browser:
    ./src/components/Header.tsx [Client Component Browser]
    ./src/app/gioi-thieu/page.tsx [Client Component Browser]
    ./src/app/gioi-thieu/page.tsx [Server Component]

  Client Component SSR:
    ./src/components/Header.tsx [Client Component SSR]
    ./src/app/gioi-thieu/page.tsx [Client Component SSR]
    ./src/app/gioi-thieu/page.tsx [Server Component] @ http://localhost:3000/_next/static/chunks/node_modules_next_dist_1gdrd03._.js:1945
[  195690ms] [ERROR] ./src/components/Header.tsx
Reading source code for parsing failed
An unexpected error happened while trying to read the source code to parse: failed to convert rope into string

Caused by:
- invalid utf-8 sequence of 1 bytes from index 483

Import traces:
  Client Component Browser:
    ./src/components/Header.tsx [Client Component Browser]
    ./src/app/san-pham/page.tsx [Client Component Browser]
    ./src/app/san-pham/page.tsx [Server Component]

  Client Component SSR:
    ./src/components/Header.tsx [Client Component SSR]
    ./src/app/san-pham/page.tsx [Client Component SSR]
    ./src/app/san-pham/page.tsx [Server Component] @ http://localhost:3000/_next/static/chunks/node_modules_next_dist_1gdrd03._.js:1945
[  195690ms] [ERROR] ./src/components/Header.tsx
Reading source code for parsing failed
An unexpected error happened while trying to read the source code to parse: failed to convert rope into string

Caused by:
- invalid utf-8 sequence of 1 bytes from index 483

Import trace:
  Server Component:
    ./src/components/Header.tsx
    ./src/app/tin-tuc/page.tsx @ http://localhost:3000/_next/static/chunks/node_modules_next_dist_1gdrd03._.js:1945
[  195690ms] [ERROR] ./src/components/Header.tsx
Reading source code for parsing failed
An unexpected error happened while trying to read the source code to parse: failed to convert rope into string

Caused by:
- invalid utf-8 sequence of 1 bytes from index 483

Import trace:
  Server Component:
    ./src/components/Header.tsx
    ./src/app/tin-tuc/[slug]/page.tsx @ http://localhost:3000/_next/static/chunks/node_modules_next_dist_1gdrd03._.js:1945
[  195757ms] [ERROR] ./src/components/Header.tsx
Reading source code for parsing failed
An unexpected error happened while trying to read the source code to parse: failed to convert rope into string

Caused by:
- invalid utf-8 sequence of 1 bytes from index 483

Import trace:
  Server Component:
    ./src/components/Header.tsx
    ./src/app/page.tsx @ http://localhost:3000/_next/static/chunks/node_modules_next_dist_1gdrd03._.js:1945
[  195820ms] [ERROR] ./src/components/Header.tsx
Reading source code for parsing failed
An unexpected error happened while trying to read the source code to parse: failed to convert rope into string

Caused by:
- invalid utf-8 sequence of 1 bytes from index 483

Import trace:
  Server Component:
    ./src/components/Header.tsx
    ./src/app/page.tsx @ http://localhost:3000/_next/static/chunks/node_modules_next_dist_1gdrd03._.js:1945
[  195883ms] [ERROR] ./src/components/Header.tsx
Reading source code for parsing failed
An unexpected error happened while trying to read the source code to parse: failed to convert rope into string

Caused by:
- invalid utf-8 sequence of 1 bytes from index 483

Import trace:
  Server Component:
    ./src/components/Header.tsx
    ./src/app/page.tsx @ http://localhost:3000/_next/static/chunks/node_modules_next_dist_1gdrd03._.js:1945
[  195947ms] [ERROR] ./src/components/Header.tsx
Reading source code for parsing failed
An unexpected error happened while trying to read the source code to parse: failed to convert rope into string

Caused by:
- invalid utf-8 sequence of 1 bytes from index 483

Import trace:
  Server Component:
    ./src/components/Header.tsx
    ./src/app/page.tsx @ http://localhost:3000/_next/static/chunks/node_modules_next_dist_1gdrd03._.js:1945
[  196010ms] [ERROR] ./src/components/Header.tsx
Reading source code for parsing failed
An unexpected error happened while trying to read the source code to parse: failed to convert rope into string

Caused by:
- invalid utf-8 sequence of 1 bytes from index 483

Import trace:
  Server Component:
    ./src/components/Header.tsx
    ./src/app/page.tsx @ http://localhost:3000/_next/static/chunks/node_modules_next_dist_1gdrd03._.js:1945
[  196073ms] [ERROR] ./src/components/Header.tsx
Reading source code for parsing failed
An unexpected error happened while trying to read the source code to parse: failed to convert rope into string

Caused by:
- invalid utf-8 sequence of 1 bytes from index 483

Import trace:
  Server Component:
    ./src/components/Header.tsx
    ./src/app/page.tsx @ http://localhost:3000/_next/static/chunks/node_modules_next_dist_1gdrd03._.js:1945
[  196131ms] [ERROR] ./src/components/Header.tsx
Reading source code for parsing failed
An unexpected error happened while trying to read the source code to parse: failed to convert rope into string

Caused by:
- invalid utf-8 sequence of 1 bytes from index 483

Import trace:
  Server Component:
    ./src/components/Header.tsx
    ./src/app/page.tsx @ http://localhost:3000/_next/static/chunks/node_modules_next_dist_1gdrd03._.js:1945
[  196194ms] [ERROR] ./src/components/Header.tsx
Reading source code for parsing failed
An unexpected error happened while trying to read the source code to parse: failed to convert rope into string

Caused by:
- invalid utf-8 sequence of 1 bytes from index 483

Import trace:
  Server Component:
    ./src/components/Header.tsx
    ./src/app/page.tsx @ http://localhost:3000/_next/static/chunks/node_modules_next_dist_1gdrd03._.js:1945
[  196257ms] [ERROR] ./src/components/Header.tsx
Reading source code for parsing failed
An unexpected error happened while trying to read the source code to parse: failed to convert rope into string

Caused by:
- invalid utf-8 sequence of 1 bytes from index 483

Import trace:
  Server Component:
    ./src/components/Header.tsx
    ./src/app/page.tsx @ http://localhost:3000/_next/static/chunks/node_modules_next_dist_1gdrd03._.js:1945
[  196311ms] [ERROR] ./src/components/Header.tsx
Reading source code for parsing failed
An unexpected error happened while trying to read the source code to parse: failed to convert rope into string

Caused by:
- invalid utf-8 sequence of 1 bytes from index 483

Import trace:
  Server Component:
    ./src/components/Header.tsx
    ./src/app/page.tsx @ http://localhost:3000/_next/static/chunks/node_modules_next_dist_1gdrd03._.js:1945
[  196373ms] [ERROR] ./src/components/Header.tsx
Reading source code for parsing failed
An unexpected error happened while trying to read the source code to parse: failed to convert rope into string

Caused by:
- invalid utf-8 sequence of 1 bytes from index 483

Import trace:
  Server Component:
    ./src/components/Header.tsx
    ./src/app/page.tsx @ http://localhost:3000/_next/static/chunks/node_modules_next_dist_1gdrd03._.js:1945
[  196436ms] [ERROR] ./src/components/Header.tsx
Reading source code for parsing failed
An unexpected error happened while trying to read the source code to parse: failed to convert rope into string

Caused by:
- invalid utf-8 sequence of 1 bytes from index 483

Import trace:
  Server Component:
    ./src/components/Header.tsx
    ./src/app/page.tsx @ http://localhost:3000/_next/static/chunks/node_modules_next_dist_1gdrd03._.js:1945
[  196500ms] [ERROR] ./src/components/Header.tsx
Reading source code for parsing failed
An unexpected error happened while trying to read the source code to parse: failed to convert rope into string

Caused by:
- invalid utf-8 sequence of 1 bytes from index 483

Import trace:
  Server Component:
    ./src/components/Header.tsx
    ./src/app/page.tsx @ http://localhost:3000/_next/static/chunks/node_modules_next_dist_1gdrd03._.js:1945
[  196562ms] [ERROR] ./src/components/Header.tsx
Reading source code for parsing failed
An unexpected error happened while trying to read the source code to parse: failed to convert rope into string

Caused by:
- invalid utf-8 sequence of 1 bytes from index 483

Import trace:
  Server Component:
    ./src/components/Header.tsx
    ./src/app/page.tsx @ http://localhost:3000/_next/static/chunks/node_modules_next_dist_1gdrd03._.js:1945
[  196623ms] [ERROR] ./src/components/Header.tsx
Reading source code for parsing failed
An unexpected error happened while trying to read the source code to parse: failed to convert rope into string

Caused by:
- invalid utf-8 sequence of 1 bytes from index 483

Import trace:
  Server Component:
    ./src/components/Header.tsx
    ./src/app/page.tsx @ http://localhost:3000/_next/static/chunks/node_modules_next_dist_1gdrd03._.js:1945
[  196685ms] [ERROR] ./src/components/Header.tsx
Reading source code for parsing failed
An unexpected error happened while trying to read the source code to parse: failed to convert rope into string

Caused by:
- invalid utf-8 sequence of 1 bytes from index 483

Import trace:
  Server Component:
    ./src/components/Header.tsx
    ./src/app/page.tsx @ http://localhost:3000/_next/static/chunks/node_modules_next_dist_1gdrd03._.js:1945
[  196747ms] [ERROR] ./src/components/Header.tsx
Reading source code for parsing failed
An unexpected error happened while trying to read the source code to parse: failed to convert rope into string

Caused by:
- invalid utf-8 sequence of 1 bytes from index 483

Import trace:
  Server Component:
    ./src/components/Header.tsx
    ./src/app/page.tsx @ http://localhost:3000/_next/static/chunks/node_modules_next_dist_1gdrd03._.js:1945
[  196809ms] [ERROR] ./src/components/Header.tsx
Reading source code for parsing failed
An unexpected error happened while trying to read the source code to parse: failed to convert rope into string

Caused by:
- invalid utf-8 sequence of 1 bytes from index 483

Import trace:
  Server Component:
    ./src/components/Header.tsx
    ./src/app/page.tsx @ http://localhost:3000/_next/static/chunks/node_modules_next_dist_1gdrd03._.js:1945
[  196872ms] [ERROR] ./src/components/Header.tsx
Reading source code for parsing failed
An unexpected error happened while trying to read the source code to parse: failed to convert rope into string

Caused by:
- invalid utf-8 sequence of 1 bytes from index 483

Import trace:
  Server Component:
    ./src/components/Header.tsx
    ./src/app/page.tsx @ http://localhost:3000/_next/static/chunks/node_modules_next_dist_1gdrd03._.js:1945
[  196930ms] [ERROR] ./src/components/Header.tsx
Reading source code for parsing failed
An unexpected error happened while trying to read the source code to parse: failed to convert rope into string

Caused by:
- invalid utf-8 sequence of 1 bytes from index 483

Import trace:
  Server Component:
    ./src/components/Header.tsx
    ./src/app/page.tsx @ http://localhost:3000/_next/static/chunks/node_modules_next_dist_1gdrd03._.js:1945
[  196992ms] [ERROR] ./src/components/Header.tsx
Reading source code for parsing failed
An unexpected error happened while trying to read the source code to parse: failed to convert rope into string

Caused by:
- invalid utf-8 sequence of 1 bytes from index 483

Import trace:
  Server Component:
    ./src/components/Header.tsx
    ./src/app/page.tsx @ http://localhost:3000/_next/static/chunks/node_modules_next_dist_1gdrd03._.js:1945
[  197054ms] [ERROR] ./src/components/Header.tsx
Reading source code for parsing failed
An unexpected error happened while trying to read the source code to parse: failed to convert rope into string

Caused by:
- invalid utf-8 sequence of 1 bytes from index 483

Import trace:
  Server Component:
    ./src/components/Header.tsx
    ./src/app/page.tsx @ http://localhost:3000/_next/static/chunks/node_modules_next_dist_1gdrd03._.js:1945
[  197117ms] [ERROR] ./src/components/Header.tsx
Reading source code for parsing failed
An unexpected error happened while trying to read the source code to parse: failed to convert rope into string

Caused by:
- invalid utf-8 sequence of 1 bytes from index 483

Import trace:
  Server Component:
    ./src/components/Header.tsx
    ./src/app/page.tsx @ http://localhost:3000/_next/static/chunks/node_modules_next_dist_1gdrd03._.js:1945
[  197180ms] [ERROR] ./src/components/Header.tsx
Reading source code for parsing failed
An unexpected error happened while trying to read the source code to parse: failed to convert rope into string

Caused by:
- invalid utf-8 sequence of 1 bytes from index 483

Import trace:
  Server Component:
    ./src/components/Header.tsx
    ./src/app/page.tsx @ http://localhost:3000/_next/static/chunks/node_modules_next_dist_1gdrd03._.js:1945
[  197241ms] [ERROR] ./src/components/Header.tsx
Reading source code for parsing failed
An unexpected error happened while trying to read the source code to parse: failed to convert rope into string

Caused by:
- invalid utf-8 sequence of 1 bytes from index 483

Import trace:
  Server Component:
    ./src/components/Header.tsx
    ./src/app/page.tsx @ http://localhost:3000/_next/static/chunks/node_modules_next_dist_1gdrd03._.js:1945
[  197303ms] [ERROR] ./src/components/Header.tsx
Reading source code for parsing failed
An unexpected error happened while trying to read the source code to parse: failed to convert rope into string

Caused by:
- invalid utf-8 sequence of 1 bytes from index 483

Import trace:
  Server Component:
    ./src/components/Header.tsx
    ./src/app/page.tsx @ http://localhost:3000/_next/static/chunks/node_modules_next_dist_1gdrd03._.js:1945
[  197367ms] [ERROR] ./src/components/Header.tsx
Reading source code for parsing failed
An unexpected error happened while trying to read the source code to parse: failed to convert rope into string

Caused by:
- invalid utf-8 sequence of 1 bytes from index 483

Import trace:
  Server Component:
    ./src/components/Header.tsx
    ./src/app/page.tsx @ http://localhost:3000/_next/static/chunks/node_modules_next_dist_1gdrd03._.js:1945
[  197429ms] [ERROR] ./src/components/Header.tsx
Reading source code for parsing failed
An unexpected error happened while trying to read the source code to parse: failed to convert rope into string

Caused by:
- invalid utf-8 sequence of 1 bytes from index 483

Import trace:
  Server Component:
    ./src/components/Header.tsx
    ./src/app/page.tsx @ http://localhost:3000/_next/static/chunks/node_modules_next_dist_1gdrd03._.js:1945
[  197551ms] [ERROR] ./src/components/Header.tsx
Reading source code for parsing failed
An unexpected error happened while trying to read the source code to parse: failed to convert rope into string

Caused by:
- invalid utf-8 sequence of 1 bytes from index 483

Import trace:
  Server Component:
    ./src/components/Header.tsx
    ./src/app/page.tsx @ http://localhost:3000/_next/static/chunks/node_modules_next_dist_1gdrd03._.js:1945
[  197551ms] [LOG] [Fast Refresh] rebuilding @ http://localhost:3000/_next/static/chunks/node_modules_next_dist_1gdrd03._.js:1226
[  197628ms] [ERROR] ./src/components/Header.tsx
Reading source code for parsing failed
An unexpected error happened while trying to read the source code to parse: failed to convert rope into string

Caused by:
- invalid utf-8 sequence of 1 bytes from index 483

Import trace:
  Server Component:
    ./src/components/Header.tsx
    ./src/app/page.tsx @ http://localhost:3000/_next/static/chunks/node_modules_next_dist_1gdrd03._.js:1945
[  197738ms] [ERROR] ./src/components/Header.tsx
Reading source code for parsing failed
An unexpected error happened while trying to read the source code to parse: failed to convert rope into string

Caused by:
- invalid utf-8 sequence of 1 bytes from index 483

Import trace:
  Server Component:
    ./src/components/Header.tsx
    ./src/app/page.tsx @ http://localhost:3000/_next/static/chunks/node_modules_next_dist_1gdrd03._.js:1945
[  197748ms] [LOG] [Fast Refresh] rebuilding @ http://localhost:3000/_next/static/chunks/node_modules_next_dist_1gdrd03._.js:1226
[  197801ms] [ERROR] ./src/components/Header.tsx
Reading source code for parsing failed
An unexpected error happened while trying to read the source code to parse: failed to convert rope into string

Caused by:
- invalid utf-8 sequence of 1 bytes from index 483

Import trace:
  Server Component:
    ./src/components/Header.tsx
    ./src/app/page.tsx @ http://localhost:3000/_next/static/chunks/node_modules_next_dist_1gdrd03._.js:1945
[  197864ms] [ERROR] ./src/components/Header.tsx
Reading source code for parsing failed
An unexpected error happened while trying to read the source code to parse: failed to convert rope into string

Caused by:
- invalid utf-8 sequence of 1 bytes from index 483

Import trace:
  Server Component:
    ./src/components/Header.tsx
    ./src/app/page.tsx @ http://localhost:3000/_next/static/chunks/node_modules_next_dist_1gdrd03._.js:1945
[  197925ms] [ERROR] ./src/components/Header.tsx
Reading source code for parsing failed
An unexpected error happened while trying to read the source code to parse: failed to convert rope into string

Caused by:
- invalid utf-8 sequence of 1 bytes from index 483

Import trace:
  Server Component:
    ./src/components/Header.tsx
    ./src/app/page.tsx @ http://localhost:3000/_next/static/chunks/node_modules_next_dist_1gdrd03._.js:1945
[  197979ms] [ERROR] ./src/components/Header.tsx
Reading source code for parsing failed
An unexpected error happened while trying to read the source code to parse: failed to convert rope into string

Caused by:
- invalid utf-8 sequence of 1 bytes from index 483

Import trace:
  Server Component:
    ./src/components/Header.tsx
    ./src/app/page.tsx @ http://localhost:3000/_next/static/chunks/node_modules_next_dist_1gdrd03._.js:1945
[  198039ms] [ERROR] ./src/components/Header.tsx
Reading source code for parsing failed
An unexpected error happened while trying to read the source code to parse: failed to convert rope into string

Caused by:
- invalid utf-8 sequence of 1 bytes from index 483

Import trace:
  Server Component:
    ./src/components/Header.tsx
    ./src/app/page.tsx @ http://localhost:3000/_next/static/chunks/node_modules_next_dist_1gdrd03._.js:1945
[  198102ms] [ERROR] ./src/components/Header.tsx
Reading source code for parsing failed
An unexpected error happened while trying to read the source code to parse: failed to convert rope into string

Caused by:
- invalid utf-8 sequence of 1 bytes from index 483

Import trace:
  Server Component:
    ./src/components/Header.tsx
    ./src/app/page.tsx @ http://localhost:3000/_next/static/chunks/node_modules_next_dist_1gdrd03._.js:1945
[  198164ms] [ERROR] ./src/components/Header.tsx
Reading source code for parsing failed
An unexpected error happened while trying to read the source code to parse: failed to convert rope into string

Caused by:
- invalid utf-8 sequence of 1 bytes from index 483

Import trace:
  Server Component:
    ./src/components/Header.tsx
    ./src/app/page.tsx @ http://localhost:3000/_next/static/chunks/node_modules_next_dist_1gdrd03._.js:1945
[  198229ms] [ERROR] ./src/components/Header.tsx
Reading source code for parsing failed
An unexpected error happened while trying to read the source code to parse: failed to convert rope into string

Caused by:
- invalid utf-8 sequence of 1 bytes from index 483

Import trace:
  Server Component:
    ./src/components/Header.tsx
    ./src/app/page.tsx @ http://localhost:3000/_next/static/chunks/node_modules_next_dist_1gdrd03._.js:1945
[  198295ms] [ERROR] ./src/components/Header.tsx
Reading source code for parsing failed
An unexpected error happened while trying to read the source code to parse: failed to convert rope into string

Caused by:
- invalid utf-8 sequence of 1 bytes from index 483

Import trace:
  Server Component:
    ./src/components/Header.tsx
    ./src/app/page.tsx @ http://localhost:3000/_next/static/chunks/node_modules_next_dist_1gdrd03._.js:1945
[  198357ms] [ERROR] ./src/components/Header.tsx
Reading source code for parsing failed
An unexpected error happened while trying to read the source code to parse: failed to convert rope into string

Caused by:
- invalid utf-8 sequence of 1 bytes from index 483

Import trace:
  Server Component:
    ./src/components/Header.tsx
    ./src/app/page.tsx @ http://localhost:3000/_next/static/chunks/node_modules_next_dist_1gdrd03._.js:1945
[  198419ms] [ERROR] ./src/components/Header.tsx
Reading source code for parsing failed
An unexpected error happened while trying to read the source code to parse: failed to convert rope into string

Caused by:
- invalid utf-8 sequence of 1 bytes from index 483

Import trace:
  Server Component:
    ./src/components/Header.tsx
    ./src/app/page.tsx @ http://localhost:3000/_next/static/chunks/node_modules_next_dist_1gdrd03._.js:1945
[  198482ms] [ERROR] ./src/components/Header.tsx
Reading source code for parsing failed
An unexpected error happened while trying to read the source code to parse: failed to convert rope into string

Caused by:
- invalid utf-8 sequence of 1 bytes from index 483

Import trace:
  Server Component:
    ./src/components/Header.tsx
    ./src/app/page.tsx @ http://localhost:3000/_next/static/chunks/node_modules_next_dist_1gdrd03._.js:1945
[  198544ms] [ERROR] ./src/components/Header.tsx
Reading source code for parsing failed
An unexpected error happened while trying to read the source code to parse: failed to convert rope into string

Caused by:
- invalid utf-8 sequence of 1 bytes from index 483

Import trace:
  Server Component:
    ./src/components/Header.tsx
    ./src/app/page.tsx @ http://localhost:3000/_next/static/chunks/node_modules_next_dist_1gdrd03._.js:1945
[  198605ms] [ERROR] ./src/components/Header.tsx
Reading source code for parsing failed
An unexpected error happened while trying to read the source code to parse: failed to convert rope into string

Caused by:
- invalid utf-8 sequence of 1 bytes from index 483

Import trace:
  Server Component:
    ./src/components/Header.tsx
    ./src/app/page.tsx @ http://localhost:3000/_next/static/chunks/node_modules_next_dist_1gdrd03._.js:1945
[  198668ms] [ERROR] ./src/components/Header.tsx
Reading source code for parsing failed
An unexpected error happened while trying to read the source code to parse: failed to convert rope into string

Caused by:
- invalid utf-8 sequence of 1 bytes from index 483

Import trace:
  Server Component:
    ./src/components/Header.tsx
    ./src/app/page.tsx @ http://localhost:3000/_next/static/chunks/node_modules_next_dist_1gdrd03._.js:1945
[  198730ms] [ERROR] ./src/components/Header.tsx
Reading source code for parsing failed
An unexpected error happened while trying to read the source code to parse: failed to convert rope into string

Caused by:
- invalid utf-8 sequence of 1 bytes from index 483

Import trace:
  Server Component:
    ./src/components/Header.tsx
    ./src/app/page.tsx @ http://localhost:3000/_next/static/chunks/node_modules_next_dist_1gdrd03._.js:1945
[  198797ms] [ERROR] ./src/components/Header.tsx
Reading source code for parsing failed
An unexpected error happened while trying to read the source code to parse: failed to convert rope into string

Caused by:
- invalid utf-8 sequence of 1 bytes from index 483

Import trace:
  Server Component:
    ./src/components/Header.tsx
    ./src/app/page.tsx @ http://localhost:3000/_next/static/chunks/node_modules_next_dist_1gdrd03._.js:1945
[  198859ms] [ERROR] ./src/components/Header.tsx
Reading source code for parsing failed
An unexpected error happened while trying to read the source code to parse: failed to convert rope into string

Caused by:
- invalid utf-8 sequence of 1 bytes from index 483

Import trace:
  Server Component:
    ./src/components/Header.tsx
    ./src/app/page.tsx @ http://localhost:3000/_next/static/chunks/node_modules_next_dist_1gdrd03._.js:1945
[  198922ms] [ERROR] ./src/components/Header.tsx
Reading source code for parsing failed
An unexpected error happened while trying to read the source code to parse: failed to convert rope into string

Caused by:
- invalid utf-8 sequence of 1 bytes from index 483

Import trace:
  Server Component:
    ./src/components/Header.tsx
    ./src/app/page.tsx @ http://localhost:3000/_next/static/chunks/node_modules_next_dist_1gdrd03._.js:1945
[  198985ms] [ERROR] ./src/components/Header.tsx
Reading source code for parsing failed
An unexpected error happened while trying to read the source code to parse: failed to convert rope into string

Caused by:
- invalid utf-8 sequence of 1 bytes from index 483

Import trace:
  Server Component:
    ./src/components/Header.tsx
    ./src/app/page.tsx @ http://localhost:3000/_next/static/chunks/node_modules_next_dist_1gdrd03._.js:1945
[  199049ms] [ERROR] ./src/components/Header.tsx
Reading source code for parsing failed
An unexpected error happened while trying to read the source code to parse: failed to convert rope into string

Caused by:
- invalid utf-8 sequence of 1 bytes from index 483

Import trace:
  Server Component:
    ./src/components/Header.tsx
    ./src/app/page.tsx @ http://localhost:3000/_next/static/chunks/node_modules_next_dist_1gdrd03._.js:1945
[  199113ms] [ERROR] ./src/components/Header.tsx
Reading source code for parsing failed
An unexpected error happened while trying to read the source code to parse: failed to convert rope into string

Caused by:
- invalid utf-8 sequence of 1 bytes from index 483

Import trace:
  Server Component:
    ./src/components/Header.tsx
    ./src/app/page.tsx @ http://localhost:3000/_next/static/chunks/node_modules_next_dist_1gdrd03._.js:1945
[  199174ms] [ERROR] ./src/components/Header.tsx
Reading source code for parsing failed
An unexpected error happened while trying to read the source code to parse: failed to convert rope into string

Caused by:
- invalid utf-8 sequence of 1 bytes from index 483

Import trace:
  Server Component:
    ./src/components/Header.tsx
    ./src/app/page.tsx @ http://localhost:3000/_next/static/chunks/node_modules_next_dist_1gdrd03._.js:1945
[  199236ms] [ERROR] ./src/components/Header.tsx
Reading source code for parsing failed
An unexpected error happened while trying to read the source code to parse: failed to convert rope into string

Caused by:
- invalid utf-8 sequence of 1 bytes from index 483

Import trace:
  Server Component:
    ./src/components/Header.tsx
    ./src/app/page.tsx @ http://localhost:3000/_next/static/chunks/node_modules_next_dist_1gdrd03._.js:1945
[  199299ms] [ERROR] ./src/components/Header.tsx
Reading source code for parsing failed
An unexpected error happened while trying to read the source code to parse: failed to convert rope into string

Caused by:
- invalid utf-8 sequence of 1 bytes from index 483

Import trace:
  Server Component:
    ./src/components/Header.tsx
    ./src/app/page.tsx @ http://localhost:3000/_next/static/chunks/node_modules_next_dist_1gdrd03._.js:1945
[  199361ms] [ERROR] ./src/components/Header.tsx
Reading source code for parsing failed
An unexpected error happened while trying to read the source code to parse: failed to convert rope into string

Caused by:
- invalid utf-8 sequence of 1 bytes from index 483

Import trace:
  Server Component:
    ./src/components/Header.tsx
    ./src/app/page.tsx @ http://localhost:3000/_next/static/chunks/node_modules_next_dist_1gdrd03._.js:1945
[  199428ms] [ERROR] ./src/components/Header.tsx
Reading source code for parsing failed
An unexpected error happened while trying to read the source code to parse: failed to convert rope into string

Caused by:
- invalid utf-8 sequence of 1 bytes from index 483

Import trace:
  Server Component:
    ./src/components/Header.tsx
    ./src/app/page.tsx @ http://localhost:3000/_next/static/chunks/node_modules_next_dist_1gdrd03._.js:1945
[  199489ms] [ERROR] ./src/components/Header.tsx
Reading source code for parsing failed
An unexpected error happened while trying to read the source code to parse: failed to convert rope into string

Caused by:
- invalid utf-8 sequence of 1 bytes from index 483

Import trace:
  Server Component:
    ./src/components/Header.tsx
    ./src/app/page.tsx @ http://localhost:3000/_next/static/chunks/node_modules_next_dist_1gdrd03._.js:1945
[  199551ms] [ERROR] ./src/components/Header.tsx
Reading source code for parsing failed
An unexpected error happened while trying to read the source code to parse: failed to convert rope into string

Caused by:
- invalid utf-8 sequence of 1 bytes from index 483

Import trace:
  Server Component:
    ./src/components/Header.tsx
    ./src/app/page.tsx @ http://localhost:3000/_next/static/chunks/node_modules_next_dist_1gdrd03._.js:1945
[  199612ms] [ERROR] ./src/components/Header.tsx
Reading source code for parsing failed
An unexpected error happened while trying to read the source code to parse: failed to convert rope into string

Caused by:
- invalid utf-8 sequence of 1 bytes from index 483

Import trace:
  Server Component:
    ./src/components/Header.tsx
    ./src/app/page.tsx @ http://localhost:3000/_next/static/chunks/node_modules_next_dist_1gdrd03._.js:1945
[  199673ms] [ERROR] ./src/components/Header.tsx
Reading source code for parsing failed
An unexpected error happened while trying to read the source code to parse: failed to convert rope into string

Caused by:
- invalid utf-8 sequence of 1 bytes from index 483

Import trace:
  Server Component:
    ./src/components/Header.tsx
    ./src/app/page.tsx @ http://localhost:3000/_next/static/chunks/node_modules_next_dist_1gdrd03._.js:1945
[  199736ms] [ERROR] ./src/components/Header.tsx
Reading source code for parsing failed
An unexpected error happened while trying to read the source code to parse: failed to convert rope into string

Caused by:
- invalid utf-8 sequence of 1 bytes from index 483

Import trace:
  Server Component:
    ./src/components/Header.tsx
    ./src/app/page.tsx @ http://localhost:3000/_next/static/chunks/node_modules_next_dist_1gdrd03._.js:1945
[  199799ms] [ERROR] ./src/components/Header.tsx
Reading source code for parsing failed
An unexpected error happened while trying to read the source code to parse: failed to convert rope into string

Caused by:
- invalid utf-8 sequence of 1 bytes from index 483

Import trace:
  Server Component:
    ./src/components/Header.tsx
    ./src/app/page.tsx @ http://localhost:3000/_next/static/chunks/node_modules_next_dist_1gdrd03._.js:1945
[  199860ms] [ERROR] ./src/components/Header.tsx
Reading source code for parsing failed
An unexpected error happened while trying to read the source code to parse: failed to convert rope into string

Caused by:
- invalid utf-8 sequence of 1 bytes from index 483

Import trace:
  Server Component:
    ./src/components/Header.tsx
    ./src/app/page.tsx @ http://localhost:3000/_next/static/chunks/node_modules_next_dist_1gdrd03._.js:1945
[  199921ms] [ERROR] ./src/components/Header.tsx
Reading source code for parsing failed
An unexpected error happened while trying to read the source code to parse: failed to convert rope into string

Caused by:
- invalid utf-8 sequence of 1 bytes from index 483

Import trace:
  Server Component:
    ./src/components/Header.tsx
    ./src/app/page.tsx @ http://localhost:3000/_next/static/chunks/node_modules_next_dist_1gdrd03._.js:1945
[  199984ms] [ERROR] ./src/components/Header.tsx
Reading source code for parsing failed
An unexpected error happened while trying to read the source code to parse: failed to convert rope into string

Caused by:
- invalid utf-8 sequence of 1 bytes from index 483

Import trace:
  Server Component:
    ./src/components/Header.tsx
    ./src/app/page.tsx @ http://localhost:3000/_next/static/chunks/node_modules_next_dist_1gdrd03._.js:1945
[  200047ms] [ERROR] ./src/components/Header.tsx
Reading source code for parsing failed
An unexpected error happened while trying to read the source code to parse: failed to convert rope into string

Caused by:
- invalid utf-8 sequence of 1 bytes from index 483

Import trace:
  Server Component:
    ./src/components/Header.tsx
    ./src/app/page.tsx @ http://localhost:3000/_next/static/chunks/node_modules_next_dist_1gdrd03._.js:1945
[  200109ms] [ERROR] ./src/components/Header.tsx
Reading source code for parsing failed
An unexpected error happened while trying to read the source code to parse: failed to convert rope into string

Caused by:
- invalid utf-8 sequence of 1 bytes from index 483

Import trace:
  Server Component:
    ./src/components/Header.tsx
    ./src/app/page.tsx @ http://localhost:3000/_next/static/chunks/node_modules_next_dist_1gdrd03._.js:1945
[  200165ms] [ERROR] ./src/components/Header.tsx
Reading source code for parsing failed
An unexpected error happened while trying to read the source code to parse: failed to convert rope into string

Caused by:
- invalid utf-8 sequence of 1 bytes from index 483

Import trace:
  Server Component:
    ./src/components/Header.tsx
    ./src/app/page.tsx @ http://localhost:3000/_next/static/chunks/node_modules_next_dist_1gdrd03._.js:1945
[  200226ms] [ERROR] ./src/components/Header.tsx
Reading source code for parsing failed
An unexpected error happened while trying to read the source code to parse: failed to convert rope into string

Caused by:
- invalid utf-8 sequence of 1 bytes from index 483

Import trace:
  Server Component:
    ./src/components/Header.tsx
    ./src/app/page.tsx @ http://localhost:3000/_next/static/chunks/node_modules_next_dist_1gdrd03._.js:1945
[  200279ms] [ERROR] ./src/components/Header.tsx
Reading source code for parsing failed
An unexpected error happened while trying to read the source code to parse: failed to convert rope into string

Caused by:
- invalid utf-8 sequence of 1 bytes from index 483

Import trace:
  Server Component:
    ./src/components/Header.tsx
    ./src/app/page.tsx @ http://localhost:3000/_next/static/chunks/node_modules_next_dist_1gdrd03._.js:1945
[  200340ms] [ERROR] ./src/components/Header.tsx
Reading source code for parsing failed
An unexpected error happened while trying to read the source code to parse: failed to convert rope into string

Caused by:
- invalid utf-8 sequence of 1 bytes from index 483

Import trace:
  Server Component:
    ./src/components/Header.tsx
    ./src/app/page.tsx @ http://localhost:3000/_next/static/chunks/node_modules_next_dist_1gdrd03._.js:1945
[  200402ms] [ERROR] ./src/components/Header.tsx
Reading source code for parsing failed
An unexpected error happened while trying to read the source code to parse: failed to convert rope into string

Caused by:
- invalid utf-8 sequence of 1 bytes from index 483

Import trace:
  Server Component:
    ./src/components/Header.tsx
    ./src/app/page.tsx @ http://localhost:3000/_next/static/chunks/node_modules_next_dist_1gdrd03._.js:1945
[  200466ms] [ERROR] ./src/components/Header.tsx
Reading source code for parsing failed
An unexpected error happened while trying to read the source code to parse: failed to convert rope into string

Caused by:
- invalid utf-8 sequence of 1 bytes from index 483

Import trace:
  Server Component:
    ./src/components/Header.tsx
    ./src/app/page.tsx @ http://localhost:3000/_next/static/chunks/node_modules_next_dist_1gdrd03._.js:1945
[  200527ms] [ERROR] ./src/components/Header.tsx
Reading source code for parsing failed
An unexpected error happened while trying to read the source code to parse: failed to convert rope into string

Caused by:
- invalid utf-8 sequence of 1 bytes from index 483

Import trace:
  Server Component:
    ./src/components/Header.tsx
    ./src/app/page.tsx @ http://localhost:3000/_next/static/chunks/node_modules_next_dist_1gdrd03._.js:1945
[  200588ms] [ERROR] ./src/components/Header.tsx
Reading source code for parsing failed
An unexpected error happened while trying to read the source code to parse: failed to convert rope into string

Caused by:
- invalid utf-8 sequence of 1 bytes from index 483

Import trace:
  Server Component:
    ./src/components/Header.tsx
    ./src/app/page.tsx @ http://localhost:3000/_next/static/chunks/node_modules_next_dist_1gdrd03._.js:1945
[  200652ms] [ERROR] ./src/components/Header.tsx
Reading source code for parsing failed
An unexpected error happened while trying to read the source code to parse: failed to convert rope into string

Caused by:
- invalid utf-8 sequence of 1 bytes from index 483

Import trace:
  Server Component:
    ./src/components/Header.tsx
    ./src/app/page.tsx @ http://localhost:3000/_next/static/chunks/node_modules_next_dist_1gdrd03._.js:1945
[  200714ms] [ERROR] ./src/components/Header.tsx
Reading source code for parsing failed
An unexpected error happened while trying to read the source code to parse: failed to convert rope into string

Caused by:
- invalid utf-8 sequence of 1 bytes from index 483

Import trace:
  Server Component:
    ./src/components/Header.tsx
    ./src/app/page.tsx @ http://localhost:3000/_next/static/chunks/node_modules_next_dist_1gdrd03._.js:1945
[  200777ms] [ERROR] ./src/components/Header.tsx
Reading source code for parsing failed
An unexpected error happened while trying to read the source code to parse: failed to convert rope into string

Caused by:
- invalid utf-8 sequence of 1 bytes from index 483

Import trace:
  Server Component:
    ./src/components/Header.tsx
    ./src/app/page.tsx @ http://localhost:3000/_next/static/chunks/node_modules_next_dist_1gdrd03._.js:1945
[  200839ms] [ERROR] ./src/components/Header.tsx
Reading source code for parsing failed
An unexpected error happened while trying to read the source code to parse: failed to convert rope into string

Caused by:
- invalid utf-8 sequence of 1 bytes from index 483

Import trace:
  Server Component:
    ./src/components/Header.tsx
    ./src/app/page.tsx @ http://localhost:3000/_next/static/chunks/node_modules_next_dist_1gdrd03._.js:1945
[  200902ms] [ERROR] ./src/components/Header.tsx
Reading source code for parsing failed
An unexpected error happened while trying to read the source code to parse: failed to convert rope into string

Caused by:
- invalid utf-8 sequence of 1 bytes from index 483

Import trace:
  Server Component:
    ./src/components/Header.tsx
    ./src/app/page.tsx @ http://localhost:3000/_next/static/chunks/node_modules_next_dist_1gdrd03._.js:1945
[  200965ms] [ERROR] ./src/components/Header.tsx
Reading source code for parsing failed
An unexpected error happened while trying to read the source code to parse: failed to convert rope into string

Caused by:
- invalid utf-8 sequence of 1 bytes from index 483

Import trace:
  Server Component:
    ./src/components/Header.tsx
    ./src/app/page.tsx @ http://localhost:3000/_next/static/chunks/node_modules_next_dist_1gdrd03._.js:1945
[  201028ms] [ERROR] ./src/components/Header.tsx
Reading source code for parsing failed
An unexpected error happened while trying to read the source code to parse: failed to convert rope into string

Caused by:
- invalid utf-8 sequence of 1 bytes from index 483

Import trace:
  Server Component:
    ./src/components/Header.tsx
    ./src/app/page.tsx @ http://localhost:3000/_next/static/chunks/node_modules_next_dist_1gdrd03._.js:1945
[  201089ms] [ERROR] ./src/components/Header.tsx
Reading source code for parsing failed
An unexpected error happened while trying to read the source code to parse: failed to convert rope into string

Caused by:
- invalid utf-8 sequence of 1 bytes from index 483

Import trace:
  Server Component:
    ./src/components/Header.tsx
    ./src/app/page.tsx @ http://localhost:3000/_next/static/chunks/node_modules_next_dist_1gdrd03._.js:1945
[  201146ms] [ERROR] ./src/components/Header.tsx
Reading source code for parsing failed
An unexpected error happened while trying to read the source code to parse: failed to convert rope into string

Caused by:
- invalid utf-8 sequence of 1 bytes from index 483

Import trace:
  Server Component:
    ./src/components/Header.tsx
    ./src/app/page.tsx @ http://localhost:3000/_next/static/chunks/node_modules_next_dist_1gdrd03._.js:1945
[  201209ms] [ERROR] ./src/components/Header.tsx
Reading source code for parsing failed
An unexpected error happened while trying to read the source code to parse: failed to convert rope into string

Caused by:
- invalid utf-8 sequence of 1 bytes from index 483

Import trace:
  Server Component:
    ./src/components/Header.tsx
    ./src/app/page.tsx @ http://localhost:3000/_next/static/chunks/node_modules_next_dist_1gdrd03._.js:1945
[  201270ms] [ERROR] ./src/components/Header.tsx
Reading source code for parsing failed
An unexpected error happened while trying to read the source code to parse: failed to convert rope into string

Caused by:
- invalid utf-8 sequence of 1 bytes from index 483

Import trace:
  Server Component:
    ./src/components/Header.tsx
    ./src/app/page.tsx @ http://localhost:3000/_next/static/chunks/node_modules_next_dist_1gdrd03._.js:1945
[  201327ms] [ERROR] ./src/components/Header.tsx
Reading source code for parsing failed
An unexpected error happened while trying to read the source code to parse: failed to convert rope into string

Caused by:
- invalid utf-8 sequence of 1 bytes from index 483

Import trace:
  Server Component:
    ./src/components/Header.tsx
    ./src/app/page.tsx @ http://localhost:3000/_next/static/chunks/node_modules_next_dist_1gdrd03._.js:1945
[  201389ms] [ERROR] ./src/components/Header.tsx
Reading source code for parsing failed
An unexpected error happened while trying to read the source code to parse: failed to convert rope into string

Caused by:
- invalid utf-8 sequence of 1 bytes from index 483

Import trace:
  Server Component:
    ./src/components/Header.tsx
    ./src/app/page.tsx @ http://localhost:3000/_next/static/chunks/node_modules_next_dist_1gdrd03._.js:1945
[  201450ms] [ERROR] ./src/components/Header.tsx
Reading source code for parsing failed
An unexpected error happened while trying to read the source code to parse: failed to convert rope into string

Caused by:
- invalid utf-8 sequence of 1 bytes from index 483

Import trace:
  Server Component:
    ./src/components/Header.tsx
    ./src/app/page.tsx @ http://localhost:3000/_next/static/chunks/node_modules_next_dist_1gdrd03._.js:1945
[  201515ms] [ERROR] ./src/components/Header.tsx
Reading source code for parsing failed
An unexpected error happened while trying to read the source code to parse: failed to convert rope into string

Caused by:
- invalid utf-8 sequence of 1 bytes from index 483

Import trace:
  Server Component:
    ./src/components/Header.tsx
    ./src/app/page.tsx @ http://localhost:3000/_next/static/chunks/node_modules_next_dist_1gdrd03._.js:1945
[  201577ms] [ERROR] ./src/components/Header.tsx
Reading source code for parsing failed
An unexpected error happened while trying to read the source code to parse: failed to convert rope into string

Caused by:
- invalid utf-8 sequence of 1 bytes from index 483

Import trace:
  Server Component:
    ./src/components/Header.tsx
    ./src/app/page.tsx @ http://localhost:3000/_next/static/chunks/node_modules_next_dist_1gdrd03._.js:1945
[  201643ms] [ERROR] ./src/components/Header.tsx
Reading source code for parsing failed
An unexpected error happened while trying to read the source code to parse: failed to convert rope into string

Caused by:
- invalid utf-8 sequence of 1 bytes from index 483

Import trace:
  Server Component:
    ./src/components/Header.tsx
    ./src/app/page.tsx @ http://localhost:3000/_next/static/chunks/node_modules_next_dist_1gdrd03._.js:1945
[  201699ms] [ERROR] ./src/components/Header.tsx
Reading source code for parsing failed
An unexpected error happened while trying to read the source code to parse: failed to convert rope into string

Caused by:
- invalid utf-8 sequence of 1 bytes from index 483

Import trace:
  Server Component:
    ./src/components/Header.tsx
    ./src/app/page.tsx @ http://localhost:3000/_next/static/chunks/node_modules_next_dist_1gdrd03._.js:1945
[  201765ms] [ERROR] ./src/components/Header.tsx
Reading source code for parsing failed
An unexpected error happened while trying to read the source code to parse: failed to convert rope into string

Caused by:
- invalid utf-8 sequence of 1 bytes from index 483

Import trace:
  Server Component:
    ./src/components/Header.tsx
    ./src/app/page.tsx @ http://localhost:3000/_next/static/chunks/node_modules_next_dist_1gdrd03._.js:1945
[  201826ms] [ERROR] ./src/components/Header.tsx
Reading source code for parsing failed
An unexpected error happened while trying to read the source code to parse: failed to convert rope into string

Caused by:
- invalid utf-8 sequence of 1 bytes from index 483

Import trace:
  Server Component:
    ./src/components/Header.tsx
    ./src/app/page.tsx @ http://localhost:3000/_next/static/chunks/node_modules_next_dist_1gdrd03._.js:1945
[  201888ms] [ERROR] ./src/components/Header.tsx
Reading source code for parsing failed
An unexpected error happened while trying to read the source code to parse: failed to convert rope into string

Caused by:
- invalid utf-8 sequence of 1 bytes from index 483

Import trace:
  Server Component:
    ./src/components/Header.tsx
    ./src/app/page.tsx @ http://localhost:3000/_next/static/chunks/node_modules_next_dist_1gdrd03._.js:1945
[  201948ms] [ERROR] ./src/components/Header.tsx
Reading source code for parsing failed
An unexpected error happened while trying to read the source code to parse: failed to convert rope into string

Caused by:
- invalid utf-8 sequence of 1 bytes from index 483

Import trace:
  Server Component:
    ./src/components/Header.tsx
    ./src/app/page.tsx @ http://localhost:3000/_next/static/chunks/node_modules_next_dist_1gdrd03._.js:1945
[  202010ms] [ERROR] ./src/components/Header.tsx
Reading source code for parsing failed
An unexpected error happened while trying to read the source code to parse: failed to convert rope into string

Caused by:
- invalid utf-8 sequence of 1 bytes from index 483

Import trace:
  Server Component:
    ./src/components/Header.tsx
    ./src/app/page.tsx @ http://localhost:3000/_next/static/chunks/node_modules_next_dist_1gdrd03._.js:1945
[  202073ms] [ERROR] ./src/components/Header.tsx
Reading source code for parsing failed
An unexpected error happened while trying to read the source code to parse: failed to convert rope into string

Caused by:
- invalid utf-8 sequence of 1 bytes from index 483

Import trace:
  Server Component:
    ./src/components/Header.tsx
    ./src/app/page.tsx @ http://localhost:3000/_next/static/chunks/node_modules_next_dist_1gdrd03._.js:1945
[  202130ms] [ERROR] ./src/components/Header.tsx
Reading source code for parsing failed
An unexpected error happened while trying to read the source code to parse: failed to convert rope into string

Caused by:
- invalid utf-8 sequence of 1 bytes from index 483

Import trace:
  Server Component:
    ./src/components/Header.tsx
    ./src/app/page.tsx @ http://localhost:3000/_next/static/chunks/node_modules_next_dist_1gdrd03._.js:1945
[  202192ms] [ERROR] ./src/components/Header.tsx
Reading source code for parsing failed
An unexpected error happened while trying to read the source code to parse: failed to convert rope into string

Caused by:
- invalid utf-8 sequence of 1 bytes from index 483

Import trace:
  Server Component:
    ./src/components/Header.tsx
    ./src/app/page.tsx @ http://localhost:3000/_next/static/chunks/node_modules_next_dist_1gdrd03._.js:1945
[  202252ms] [ERROR] ./src/components/Header.tsx
Reading source code for parsing failed
An unexpected error happened while trying to read the source code to parse: failed to convert rope into string

Caused by:
- invalid utf-8 sequence of 1 bytes from index 483

Import trace:
  Server Component:
    ./src/components/Header.tsx
    ./src/app/page.tsx @ http://localhost:3000/_next/static/chunks/node_modules_next_dist_1gdrd03._.js:1945
[  202312ms] [ERROR] ./src/components/Header.tsx
Reading source code for parsing failed
An unexpected error happened while trying to read the source code to parse: failed to convert rope into string

Caused by:
- invalid utf-8 sequence of 1 bytes from index 483

Import trace:
  Server Component:
    ./src/components/Header.tsx
    ./src/app/page.tsx @ http://localhost:3000/_next/static/chunks/node_modules_next_dist_1gdrd03._.js:1945
[  202373ms] [ERROR] ./src/components/Header.tsx
Reading source code for parsing failed
An unexpected error happened while trying to read the source code to parse: failed to convert rope into string

Caused by:
- invalid utf-8 sequence of 1 bytes from index 483

Import trace:
  Server Component:
    ./src/components/Header.tsx
    ./src/app/page.tsx @ http://localhost:3000/_next/static/chunks/node_modules_next_dist_1gdrd03._.js:1945
[  202435ms] [ERROR] ./src/components/Header.tsx
Reading source code for parsing failed
An unexpected error happened while trying to read the source code to parse: failed to convert rope into string

Caused by:
- invalid utf-8 sequence of 1 bytes from index 483

Import trace:
  Server Component:
    ./src/components/Header.tsx
    ./src/app/page.tsx @ http://localhost:3000/_next/static/chunks/node_modules_next_dist_1gdrd03._.js:1945
[  202498ms] [ERROR] ./src/components/Header.tsx
Reading source code for parsing failed
An unexpected error happened while trying to read the source code to parse: failed to convert rope into string

Caused by:
- invalid utf-8 sequence of 1 bytes from index 483

Import trace:
  Server Component:
    ./src/components/Header.tsx
    ./src/app/page.tsx @ http://localhost:3000/_next/static/chunks/node_modules_next_dist_1gdrd03._.js:1945
[  202560ms] [ERROR] ./src/components/Header.tsx
Reading source code for parsing failed
An unexpected error happened while trying to read the source code to parse: failed to convert rope into string

Caused by:
- invalid utf-8 sequence of 1 bytes from index 483

Import trace:
  Server Component:
    ./src/components/Header.tsx
    ./src/app/page.tsx @ http://localhost:3000/_next/static/chunks/node_modules_next_dist_1gdrd03._.js:1945
[  202621ms] [ERROR] ./src/components/Header.tsx
Reading source code for parsing failed
An unexpected error happened while trying to read the source code to parse: failed to convert rope into string

Caused by:
- invalid utf-8 sequence of 1 bytes from index 483

Import trace:
  Server Component:
    ./src/components/Header.tsx
    ./src/app/page.tsx @ http://localhost:3000/_next/static/chunks/node_modules_next_dist_1gdrd03._.js:1945
[  202685ms] [ERROR] ./src/components/Header.tsx
Reading source code for parsing failed
An unexpected error happened while trying to read the source code to parse: failed to convert rope into string

Caused by:
- invalid utf-8 sequence of 1 bytes from index 483

Import trace:
  Server Component:
    ./src/components/Header.tsx
    ./src/app/page.tsx @ http://localhost:3000/_next/static/chunks/node_modules_next_dist_1gdrd03._.js:1945
[  202749ms] [ERROR] ./src/components/Header.tsx
Reading source code for parsing failed
An unexpected error happened while trying to read the source code to parse: failed to convert rope into string

Caused by:
- invalid utf-8 sequence of 1 bytes from index 483

Import trace:
  Server Component:
    ./src/components/Header.tsx
    ./src/app/page.tsx @ http://localhost:3000/_next/static/chunks/node_modules_next_dist_1gdrd03._.js:1945
[  202811ms] [ERROR] ./src/components/Header.tsx
Reading source code for parsing failed
An unexpected error happened while trying to read the source code to parse: failed to convert rope into string

Caused by:
- invalid utf-8 sequence of 1 bytes from index 483

Import trace:
  Server Component:
    ./src/components/Header.tsx
    ./src/app/page.tsx @ http://localhost:3000/_next/static/chunks/node_modules_next_dist_1gdrd03._.js:1945
[  202876ms] [ERROR] ./src/components/Header.tsx
Reading source code for parsing failed
An unexpected error happened while trying to read the source code to parse: failed to convert rope into string

Caused by:
- invalid utf-8 sequence of 1 bytes from index 483

Import trace:
  Server Component:
    ./src/components/Header.tsx
    ./src/app/page.tsx @ http://localhost:3000/_next/static/chunks/node_modules_next_dist_1gdrd03._.js:1945
[  202938ms] [ERROR] ./src/components/Header.tsx
Reading source code for parsing failed
An unexpected error happened while trying to read the source code to parse: failed to convert rope into string

Caused by:
- invalid utf-8 sequence of 1 bytes from index 483

Import trace:
  Server Component:
    ./src/components/Header.tsx
    ./src/app/page.tsx @ http://localhost:3000/_next/static/chunks/node_modules_next_dist_1gdrd03._.js:1945
[  203001ms] [ERROR] ./src/components/Header.tsx
Reading source code for parsing failed
An unexpected error happened while trying to read the source code to parse: failed to convert rope into string

Caused by:
- invalid utf-8 sequence of 1 bytes from index 483

Import trace:
  Server Component:
    ./src/components/Header.tsx
    ./src/app/page.tsx @ http://localhost:3000/_next/static/chunks/node_modules_next_dist_1gdrd03._.js:1945
[  203065ms] [ERROR] ./src/components/Header.tsx
Reading source code for parsing failed
An unexpected error happened while trying to read the source code to parse: failed to convert rope into string

Caused by:
- invalid utf-8 sequence of 1 bytes from index 483

Import trace:
  Server Component:
    ./src/components/Header.tsx
    ./src/app/page.tsx @ http://localhost:3000/_next/static/chunks/node_modules_next_dist_1gdrd03._.js:1945
[  203127ms] [ERROR] ./src/components/Header.tsx
Reading source code for parsing failed
An unexpected error happened while trying to read the source code to parse: failed to convert rope into string

Caused by:
- invalid utf-8 sequence of 1 bytes from index 483

Import trace:
  Server Component:
    ./src/components/Header.tsx
    ./src/app/page.tsx @ http://localhost:3000/_next/static/chunks/node_modules_next_dist_1gdrd03._.js:1945
[  203196ms] [ERROR] ./src/components/Header.tsx
Reading source code for parsing failed
An unexpected error happened while trying to read the source code to parse: failed to convert rope into string

Caused by:
- invalid utf-8 sequence of 1 bytes from index 483

Import trace:
  Server Component:
    ./src/components/Header.tsx
    ./src/app/page.tsx @ http://localhost:3000/_next/static/chunks/node_modules_next_dist_1gdrd03._.js:1945
[  203258ms] [ERROR] ./src/components/Header.tsx
Reading source code for parsing failed
An unexpected error happened while trying to read the source code to parse: failed to convert rope into string

Caused by:
- invalid utf-8 sequence of 1 bytes from index 483

Import trace:
  Server Component:
    ./src/components/Header.tsx
    ./src/app/page.tsx @ http://localhost:3000/_next/static/chunks/node_modules_next_dist_1gdrd03._.js:1945
[  203320ms] [ERROR] ./src/components/Header.tsx
Reading source code for parsing failed
An unexpected error happened while trying to read the source code to parse: failed to convert rope into string

Caused by:
- invalid utf-8 sequence of 1 bytes from index 483

Import trace:
  Server Component:
    ./src/components/Header.tsx
    ./src/app/page.tsx @ http://localhost:3000/_next/static/chunks/node_modules_next_dist_1gdrd03._.js:1945
[  203382ms] [ERROR] ./src/components/Header.tsx
Reading source code for parsing failed
An unexpected error happened while trying to read the source code to parse: failed to convert rope into string

Caused by:
- invalid utf-8 sequence of 1 bytes from index 483

Import trace:
  Server Component:
    ./src/components/Header.tsx
    ./src/app/page.tsx @ http://localhost:3000/_next/static/chunks/node_modules_next_dist_1gdrd03._.js:1945
[  203444ms] [ERROR] ./src/components/Header.tsx
Reading source code for parsing failed
An unexpected error happened while trying to read the source code to parse: failed to convert rope into string

Caused by:
- invalid utf-8 sequence of 1 bytes from index 483

Import trace:
  Server Component:
    ./src/components/Header.tsx
    ./src/app/page.tsx @ http://localhost:3000/_next/static/chunks/node_modules_next_dist_1gdrd03._.js:1945
[  203504ms] [ERROR] ./src/components/Header.tsx
Reading source code for parsing failed
An unexpected error happened while trying to read the source code to parse: failed to convert rope into string

Caused by:
- invalid utf-8 sequence of 1 bytes from index 483

Import trace:
  Server Component:
    ./src/components/Header.tsx
    ./src/app/page.tsx @ http://localhost:3000/_next/static/chunks/node_modules_next_dist_1gdrd03._.js:1945
[  203567ms] [ERROR] ./src/components/Header.tsx
Reading source code for parsing failed
An unexpected error happened while trying to read the source code to parse: failed to convert rope into string

Caused by:
- invalid utf-8 sequence of 1 bytes from index 483

Import trace:
  Server Component:
    ./src/components/Header.tsx
    ./src/app/page.tsx @ http://localhost:3000/_next/static/chunks/node_modules_next_dist_1gdrd03._.js:1945
[  203628ms] [ERROR] ./src/components/Header.tsx
Reading source code for parsing failed
An unexpected error happened while trying to read the source code to parse: failed to convert rope into string

Caused by:
- invalid utf-8 sequence of 1 bytes from index 483

Import trace:
  Server Component:
    ./src/components/Header.tsx
    ./src/app/page.tsx @ http://localhost:3000/_next/static/chunks/node_modules_next_dist_1gdrd03._.js:1945
[  203697ms] [ERROR] ./src/components/Header.tsx
Reading source code for parsing failed
An unexpected error happened while trying to read the source code to parse: failed to convert rope into string

Caused by:
- invalid utf-8 sequence of 1 bytes from index 483

Import trace:
  Server Component:
    ./src/components/Header.tsx
    ./src/app/page.tsx @ http://localhost:3000/_next/static/chunks/node_modules_next_dist_1gdrd03._.js:1945
[  203757ms] [ERROR] ./src/components/Header.tsx
Reading source code for parsing failed
An unexpected error happened while trying to read the source code to parse: failed to convert rope into string

Caused by:
- invalid utf-8 sequence of 1 bytes from index 483

Import trace:
  Server Component:
    ./src/components/Header.tsx
    ./src/app/page.tsx @ http://localhost:3000/_next/static/chunks/node_modules_next_dist_1gdrd03._.js:1945
[  203819ms] [ERROR] ./src/components/Header.tsx
Reading source code for parsing failed
An unexpected error happened while trying to read the source code to parse: failed to convert rope into string

Caused by:
- invalid utf-8 sequence of 1 bytes from index 483

Import trace:
  Server Component:
    ./src/components/Header.tsx
    ./src/app/page.tsx @ http://localhost:3000/_next/static/chunks/node_modules_next_dist_1gdrd03._.js:1945
[  203882ms] [ERROR] ./src/components/Header.tsx
Reading source code for parsing failed
An unexpected error happened while trying to read the source code to parse: failed to convert rope into string

Caused by:
- invalid utf-8 sequence of 1 bytes from index 483

Import trace:
  Server Component:
    ./src/components/Header.tsx
    ./src/app/page.tsx @ http://localhost:3000/_next/static/chunks/node_modules_next_dist_1gdrd03._.js:1945
[  203946ms] [ERROR] ./src/components/Header.tsx
Reading source code for parsing failed
An unexpected error happened while trying to read the source code to parse: failed to convert rope into string

Caused by:
- invalid utf-8 sequence of 1 bytes from index 483

Import trace:
  Server Component:
    ./src/components/Header.tsx
    ./src/app/page.tsx @ http://localhost:3000/_next/static/chunks/node_modules_next_dist_1gdrd03._.js:1945
[  204013ms] [ERROR] ./src/components/Header.tsx
Reading source code for parsing failed
An unexpected error happened while trying to read the source code to parse: failed to convert rope into string

Caused by:
- invalid utf-8 sequence of 1 bytes from index 483

Import trace:
  Server Component:
    ./src/components/Header.tsx
    ./src/app/page.tsx @ http://localhost:3000/_next/static/chunks/node_modules_next_dist_1gdrd03._.js:1945
[  204075ms] [ERROR] ./src/components/Header.tsx
Reading source code for parsing failed
An unexpected error happened while trying to read the source code to parse: failed to convert rope into string

Caused by:
- invalid utf-8 sequence of 1 bytes from index 483

Import trace:
  Server Component:
    ./src/components/Header.tsx
    ./src/app/page.tsx @ http://localhost:3000/_next/static/chunks/node_modules_next_dist_1gdrd03._.js:1945
[  204138ms] [ERROR] ./src/components/Header.tsx
Reading source code for parsing failed
An unexpected error happened while trying to read the source code to parse: failed to convert rope into string

Caused by:
- invalid utf-8 sequence of 1 bytes from index 483

Import trace:
  Server Component:
    ./src/components/Header.tsx
    ./src/app/page.tsx @ http://localhost:3000/_next/static/chunks/node_modules_next_dist_1gdrd03._.js:1945
[  204198ms] [ERROR] ./src/components/Header.tsx
Reading source code for parsing failed
An unexpected error happened while trying to read the source code to parse: failed to convert rope into string

Caused by:
- invalid utf-8 sequence of 1 bytes from index 483

Import trace:
  Server Component:
    ./src/components/Header.tsx
    ./src/app/page.tsx @ http://localhost:3000/_next/static/chunks/node_modules_next_dist_1gdrd03._.js:1945
[  204259ms] [ERROR] ./src/components/Header.tsx
Reading source code for parsing failed
An unexpected error happened while trying to read the source code to parse: failed to convert rope into string

Caused by:
- invalid utf-8 sequence of 1 bytes from index 483

Import trace:
  Server Component:
    ./src/components/Header.tsx
    ./src/app/page.tsx @ http://localhost:3000/_next/static/chunks/node_modules_next_dist_1gdrd03._.js:1945
[  204312ms] [ERROR] ./src/components/Header.tsx
Reading source code for parsing failed
An unexpected error happened while trying to read the source code to parse: failed to convert rope into string

Caused by:
- invalid utf-8 sequence of 1 bytes from index 483

Import trace:
  Server Component:
    ./src/components/Header.tsx
    ./src/app/page.tsx @ http://localhost:3000/_next/static/chunks/node_modules_next_dist_1gdrd03._.js:1945
[  204374ms] [ERROR] ./src/components/Header.tsx
Reading source code for parsing failed
An unexpected error happened while trying to read the source code to parse: failed to convert rope into string

Caused by:
- invalid utf-8 sequence of 1 bytes from index 483

Import trace:
  Server Component:
    ./src/components/Header.tsx
    ./src/app/page.tsx @ http://localhost:3000/_next/static/chunks/node_modules_next_dist_1gdrd03._.js:1945
[  204437ms] [ERROR] ./src/components/Header.tsx
Reading source code for parsing failed
An unexpected error happened while trying to read the source code to parse: failed to convert rope into string

Caused by:
- invalid utf-8 sequence of 1 bytes from index 483

Import trace:
  Server Component:
    ./src/components/Header.tsx
    ./src/app/page.tsx @ http://localhost:3000/_next/static/chunks/node_modules_next_dist_1gdrd03._.js:1945
[  204500ms] [ERROR] ./src/components/Header.tsx
Reading source code for parsing failed
An unexpected error happened while trying to read the source code to parse: failed to convert rope into string

Caused by:
- invalid utf-8 sequence of 1 bytes from index 483

Import trace:
  Server Component:
    ./src/components/Header.tsx
    ./src/app/page.tsx @ http://localhost:3000/_next/static/chunks/node_modules_next_dist_1gdrd03._.js:1945
[  204561ms] [ERROR] ./src/components/Header.tsx
Reading source code for parsing failed
An unexpected error happened while trying to read the source code to parse: failed to convert rope into string

Caused by:
- invalid utf-8 sequence of 1 bytes from index 483

Import trace:
  Server Component:
    ./src/components/Header.tsx
    ./src/app/page.tsx @ http://localhost:3000/_next/static/chunks/node_modules_next_dist_1gdrd03._.js:1945
[  204624ms] [ERROR] ./src/components/Header.tsx
Reading source code for parsing failed
An unexpected error happened while trying to read the source code to parse: failed to convert rope into string

Caused by:
- invalid utf-8 sequence of 1 bytes from index 483

Import trace:
  Server Component:
    ./src/components/Header.tsx
    ./src/app/page.tsx @ http://localhost:3000/_next/static/chunks/node_modules_next_dist_1gdrd03._.js:1945
[  204685ms] [ERROR] ./src/components/Header.tsx
Reading source code for parsing failed
An unexpected error happened while trying to read the source code to parse: failed to convert rope into string

Caused by:
- invalid utf-8 sequence of 1 bytes from index 483

Import trace:
  Server Component:
    ./src/components/Header.tsx
    ./src/app/page.tsx @ http://localhost:3000/_next/static/chunks/node_modules_next_dist_1gdrd03._.js:1945
[  204748ms] [ERROR] ./src/components/Header.tsx
Reading source code for parsing failed
An unexpected error happened while trying to read the source code to parse: failed to convert rope into string

Caused by:
- invalid utf-8 sequence of 1 bytes from index 483

Import trace:
  Server Component:
    ./src/components/Header.tsx
    ./src/app/page.tsx @ http://localhost:3000/_next/static/chunks/node_modules_next_dist_1gdrd03._.js:1945
[  204811ms] [ERROR] ./src/components/Header.tsx
Reading source code for parsing failed
An unexpected error happened while trying to read the source code to parse: failed to convert rope into string

Caused by:
- invalid utf-8 sequence of 1 bytes from index 483

Import trace:
  Server Component:
    ./src/components/Header.tsx
    ./src/app/page.tsx @ http://localhost:3000/_next/static/chunks/node_modules_next_dist_1gdrd03._.js:1945
[  204872ms] [ERROR] ./src/components/Header.tsx
Reading source code for parsing failed
An unexpected error happened while trying to read the source code to parse: failed to convert rope into string

Caused by:
- invalid utf-8 sequence of 1 bytes from index 483

Import trace:
  Server Component:
    ./src/components/Header.tsx
    ./src/app/page.tsx @ http://localhost:3000/_next/static/chunks/node_modules_next_dist_1gdrd03._.js:1945
[  204931ms] [ERROR] ./src/components/Header.tsx
Reading source code for parsing failed
An unexpected error happened while trying to read the source code to parse: failed to convert rope into string

Caused by:
- invalid utf-8 sequence of 1 bytes from index 483

Import trace:
  Server Component:
    ./src/components/Header.tsx
    ./src/app/page.tsx @ http://localhost:3000/_next/static/chunks/node_modules_next_dist_1gdrd03._.js:1945
[  204994ms] [ERROR] ./src/components/Header.tsx
Reading source code for parsing failed
An unexpected error happened while trying to read the source code to parse: failed to convert rope into string

Caused by:
- invalid utf-8 sequence of 1 bytes from index 483

Import trace:
  Server Component:
    ./src/components/Header.tsx
    ./src/app/page.tsx @ http://localhost:3000/_next/static/chunks/node_modules_next_dist_1gdrd03._.js:1945
[  205057ms] [ERROR] ./src/components/Header.tsx
Reading source code for parsing failed
An unexpected error happened while trying to read the source code to parse: failed to convert rope into string

Caused by:
- invalid utf-8 sequence of 1 bytes from index 483

Import trace:
  Server Component:
    ./src/components/Header.tsx
    ./src/app/page.tsx @ http://localhost:3000/_next/static/chunks/node_modules_next_dist_1gdrd03._.js:1945
[  205120ms] [ERROR] ./src/components/Header.tsx
Reading source code for parsing failed
An unexpected error happened while trying to read the source code to parse: failed to convert rope into string

Caused by:
- invalid utf-8 sequence of 1 bytes from index 483

Import trace:
  Server Component:
    ./src/components/Header.tsx
    ./src/app/page.tsx @ http://localhost:3000/_next/static/chunks/node_modules_next_dist_1gdrd03._.js:1945
[  205180ms] [ERROR] ./src/components/Header.tsx
Reading source code for parsing failed
An unexpected error happened while trying to read the source code to parse: failed to convert rope into string

Caused by:
- invalid utf-8 sequence of 1 bytes from index 483

Import trace:
  Server Component:
    ./src/components/Header.tsx
    ./src/app/page.tsx @ http://localhost:3000/_next/static/chunks/node_modules_next_dist_1gdrd03._.js:1945
[  205241ms] [ERROR] ./src/components/Header.tsx
Reading source code for parsing failed
An unexpected error happened while trying to read the source code to parse: failed to convert rope into string

Caused by:
- invalid utf-8 sequence of 1 bytes from index 483

Import trace:
  Server Component:
    ./src/components/Header.tsx
    ./src/app/page.tsx @ http://localhost:3000/_next/static/chunks/node_modules_next_dist_1gdrd03._.js:1945
[  205294ms] [ERROR] ./src/components/Header.tsx
Reading source code for parsing failed
An unexpected error happened while trying to read the source code to parse: failed to convert rope into string

Caused by:
- invalid utf-8 sequence of 1 bytes from index 483

Import trace:
  Server Component:
    ./src/components/Header.tsx
    ./src/app/page.tsx @ http://localhost:3000/_next/static/chunks/node_modules_next_dist_1gdrd03._.js:1945
[  205356ms] [ERROR] ./src/components/Header.tsx
Reading source code for parsing failed
An unexpected error happened while trying to read the source code to parse: failed to convert rope into string

Caused by:
- invalid utf-8 sequence of 1 bytes from index 483

Import trace:
  Server Component:
    ./src/components/Header.tsx
    ./src/app/page.tsx @ http://localhost:3000/_next/static/chunks/node_modules_next_dist_1gdrd03._.js:1945
[  205418ms] [ERROR] ./src/components/Header.tsx
Reading source code for parsing failed
An unexpected error happened while trying to read the source code to parse: failed to convert rope into string

Caused by:
- invalid utf-8 sequence of 1 bytes from index 483

Import trace:
  Server Component:
    ./src/components/Header.tsx
    ./src/app/page.tsx @ http://localhost:3000/_next/static/chunks/node_modules_next_dist_1gdrd03._.js:1945
[  205480ms] [ERROR] ./src/components/Header.tsx
Reading source code for parsing failed
An unexpected error happened while trying to read the source code to parse: failed to convert rope into string

Caused by:
- invalid utf-8 sequence of 1 bytes from index 483

Import trace:
  Server Component:
    ./src/components/Header.tsx
    ./src/app/page.tsx @ http://localhost:3000/_next/static/chunks/node_modules_next_dist_1gdrd03._.js:1945
[  205542ms] [ERROR] ./src/components/Header.tsx
Reading source code for parsing failed
An unexpected error happened while trying to read the source code to parse: failed to convert rope into string

Caused by:
- invalid utf-8 sequence of 1 bytes from index 483

Import trace:
  Server Component:
    ./src/components/Header.tsx
    ./src/app/page.tsx @ http://localhost:3000/_next/static/chunks/node_modules_next_dist_1gdrd03._.js:1945
[  205604ms] [ERROR] ./src/components/Header.tsx
Reading source code for parsing failed
An unexpected error happened while trying to read the source code to parse: failed to convert rope into string

Caused by:
- invalid utf-8 sequence of 1 bytes from index 483

Import trace:
  Server Component:
    ./src/components/Header.tsx
    ./src/app/page.tsx @ http://localhost:3000/_next/static/chunks/node_modules_next_dist_1gdrd03._.js:1945
[  205668ms] [ERROR] ./src/components/Header.tsx
Reading source code for parsing failed
An unexpected error happened while trying to read the source code to parse: failed to convert rope into string

Caused by:
- invalid utf-8 sequence of 1 bytes from index 483

Import trace:
  Server Component:
    ./src/components/Header.tsx
    ./src/app/page.tsx @ http://localhost:3000/_next/static/chunks/node_modules_next_dist_1gdrd03._.js:1945
[  205730ms] [ERROR] ./src/components/Header.tsx
Reading source code for parsing failed
An unexpected error happened while trying to read the source code to parse: failed to convert rope into string

Caused by:
- invalid utf-8 sequence of 1 bytes from index 483

Import trace:
  Server Component:
    ./src/components/Header.tsx
    ./src/app/page.tsx @ http://localhost:3000/_next/static/chunks/node_modules_next_dist_1gdrd03._.js:1945
[  205791ms] [ERROR] ./src/components/Header.tsx
Reading source code for parsing failed
An unexpected error happened while trying to read the source code to parse: failed to convert rope into string

Caused by:
- invalid utf-8 sequence of 1 bytes from index 483

Import trace:
  Server Component:
    ./src/components/Header.tsx
    ./src/app/page.tsx @ http://localhost:3000/_next/static/chunks/node_modules_next_dist_1gdrd03._.js:1945
[  205853ms] [ERROR] ./src/components/Header.tsx
Reading source code for parsing failed
An unexpected error happened while trying to read the source code to parse: failed to convert rope into string

Caused by:
- invalid utf-8 sequence of 1 bytes from index 483

Import trace:
  Server Component:
    ./src/components/Header.tsx
    ./src/app/page.tsx @ http://localhost:3000/_next/static/chunks/node_modules_next_dist_1gdrd03._.js:1945
[  205915ms] [ERROR] ./src/components/Header.tsx
Reading source code for parsing failed
An unexpected error happened while trying to read the source code to parse: failed to convert rope into string

Caused by:
- invalid utf-8 sequence of 1 bytes from index 483

Import trace:
  Server Component:
    ./src/components/Header.tsx
    ./src/app/page.tsx @ http://localhost:3000/_next/static/chunks/node_modules_next_dist_1gdrd03._.js:1945
[  205976ms] [ERROR] ./src/components/Header.tsx
Reading source code for parsing failed
An unexpected error happened while trying to read the source code to parse: failed to convert rope into string

Caused by:
- invalid utf-8 sequence of 1 bytes from index 483

Import trace:
  Server Component:
    ./src/components/Header.tsx
    ./src/app/page.tsx @ http://localhost:3000/_next/static/chunks/node_modules_next_dist_1gdrd03._.js:1945
[  206039ms] [ERROR] ./src/components/Header.tsx
Reading source code for parsing failed
An unexpected error happened while trying to read the source code to parse: failed to convert rope into string

Caused by:
- invalid utf-8 sequence of 1 bytes from index 483

Import trace:
  Server Component:
    ./src/components/Header.tsx
    ./src/app/page.tsx @ http://localhost:3000/_next/static/chunks/node_modules_next_dist_1gdrd03._.js:1945
[  206102ms] [ERROR] ./src/components/Header.tsx
Reading source code for parsing failed
An unexpected error happened while trying to read the source code to parse: failed to convert rope into string

Caused by:
- invalid utf-8 sequence of 1 bytes from index 483

Import trace:
  Server Component:
    ./src/components/Header.tsx
    ./src/app/page.tsx @ http://localhost:3000/_next/static/chunks/node_modules_next_dist_1gdrd03._.js:1945
[  206164ms] [ERROR] ./src/components/Header.tsx
Reading source code for parsing failed
An unexpected error happened while trying to read the source code to parse: failed to convert rope into string

Caused by:
- invalid utf-8 sequence of 1 bytes from index 483

Import trace:
  Server Component:
    ./src/components/Header.tsx
    ./src/app/page.tsx @ http://localhost:3000/_next/static/chunks/node_modules_next_dist_1gdrd03._.js:1945
[  206226ms] [ERROR] ./src/components/Header.tsx
Reading source code for parsing failed
An unexpected error happened while trying to read the source code to parse: failed to convert rope into string

Caused by:
- invalid utf-8 sequence of 1 bytes from index 483

Import trace:
  Server Component:
    ./src/components/Header.tsx
    ./src/app/page.tsx @ http://localhost:3000/_next/static/chunks/node_modules_next_dist_1gdrd03._.js:1945
[  206289ms] [ERROR] ./src/components/Header.tsx
Reading source code for parsing failed
An unexpected error happened while trying to read the source code to parse: failed to convert rope into string

Caused by:
- invalid utf-8 sequence of 1 bytes from index 483

Import trace:
  Server Component:
    ./src/components/Header.tsx
    ./src/app/page.tsx @ http://localhost:3000/_next/static/chunks/node_modules_next_dist_1gdrd03._.js:1945
[  206351ms] [ERROR] ./src/components/Header.tsx
Reading source code for parsing failed
An unexpected error happened while trying to read the source code to parse: failed to convert rope into string

Caused by:
- invalid utf-8 sequence of 1 bytes from index 483

Import trace:
  Server Component:
    ./src/components/Header.tsx
    ./src/app/page.tsx @ http://localhost:3000/_next/static/chunks/node_modules_next_dist_1gdrd03._.js:1945
[  206415ms] [ERROR] ./src/components/Header.tsx
Reading source code for parsing failed
An unexpected error happened while trying to read the source code to parse: failed to convert rope into string

Caused by:
- invalid utf-8 sequence of 1 bytes from index 483

Import trace:
  Server Component:
    ./src/components/Header.tsx
    ./src/app/page.tsx @ http://localhost:3000/_next/static/chunks/node_modules_next_dist_1gdrd03._.js:1945
[  206479ms] [ERROR] ./src/components/Header.tsx
Reading source code for parsing failed
An unexpected error happened while trying to read the source code to parse: failed to convert rope into string

Caused by:
- invalid utf-8 sequence of 1 bytes from index 483

Import trace:
  Server Component:
    ./src/components/Header.tsx
    ./src/app/page.tsx @ http://localhost:3000/_next/static/chunks/node_modules_next_dist_1gdrd03._.js:1945
[  206542ms] [ERROR] ./src/components/Header.tsx
Reading source code for parsing failed
An unexpected error happened while trying to read the source code to parse: failed to convert rope into string

Caused by:
- invalid utf-8 sequence of 1 bytes from index 483

Import trace:
  Server Component:
    ./src/components/Header.tsx
    ./src/app/page.tsx @ http://localhost:3000/_next/static/chunks/node_modules_next_dist_1gdrd03._.js:1945
[  206603ms] [ERROR] ./src/components/Header.tsx
Reading source code for parsing failed
An unexpected error happened while trying to read the source code to parse: failed to convert rope into string

Caused by:
- invalid utf-8 sequence of 1 bytes from index 483

Import trace:
  Server Component:
    ./src/components/Header.tsx
    ./src/app/page.tsx @ http://localhost:3000/_next/static/chunks/node_modules_next_dist_1gdrd03._.js:1945
[  206667ms] [ERROR] ./src/components/Header.tsx
Reading source code for parsing failed
An unexpected error happened while trying to read the source code to parse: failed to convert rope into string

Caused by:
- invalid utf-8 sequence of 1 bytes from index 483

Import trace:
  Server Component:
    ./src/components/Header.tsx
    ./src/app/page.tsx @ http://localhost:3000/_next/static/chunks/node_modules_next_dist_1gdrd03._.js:1945
[  206730ms] [ERROR] ./src/components/Header.tsx
Reading source code for parsing failed
An unexpected error happened while trying to read the source code to parse: failed to convert rope into string

Caused by:
- invalid utf-8 sequence of 1 bytes from index 483

Import trace:
  Server Component:
    ./src/components/Header.tsx
    ./src/app/page.tsx @ http://localhost:3000/_next/static/chunks/node_modules_next_dist_1gdrd03._.js:1945
[  206791ms] [ERROR] ./src/components/Header.tsx
Reading source code for parsing failed
An unexpected error happened while trying to read the source code to parse: failed to convert rope into string

Caused by:
- invalid utf-8 sequence of 1 bytes from index 483

Import trace:
  Server Component:
    ./src/components/Header.tsx
    ./src/app/page.tsx @ http://localhost:3000/_next/static/chunks/node_modules_next_dist_1gdrd03._.js:1945
[  206853ms] [ERROR] ./src/components/Header.tsx
Reading source code for parsing failed
An unexpected error happened while trying to read the source code to parse: failed to convert rope into string

Caused by:
- invalid utf-8 sequence of 1 bytes from index 483

Import trace:
  Server Component:
    ./src/components/Header.tsx
    ./src/app/page.tsx @ http://localhost:3000/_next/static/chunks/node_modules_next_dist_1gdrd03._.js:1945
[  206916ms] [ERROR] ./src/components/Header.tsx
Reading source code for parsing failed
An unexpected error happened while trying to read the source code to parse: failed to convert rope into string

Caused by:
- invalid utf-8 sequence of 1 bytes from index 483

Import trace:
  Server Component:
    ./src/components/Header.tsx
    ./src/app/page.tsx @ http://localhost:3000/_next/static/chunks/node_modules_next_dist_1gdrd03._.js:1945
[  206979ms] [ERROR] ./src/components/Header.tsx
Reading source code for parsing failed
An unexpected error happened while trying to read the source code to parse: failed to convert rope into string

Caused by:
- invalid utf-8 sequence of 1 bytes from index 483

Import trace:
  Server Component:
    ./src/components/Header.tsx
    ./src/app/page.tsx @ http://localhost:3000/_next/static/chunks/node_modules_next_dist_1gdrd03._.js:1945
[  207040ms] [ERROR] ./src/components/Header.tsx
Reading source code for parsing failed
An unexpected error happened while trying to read the source code to parse: failed to convert rope into string

Caused by:
- invalid utf-8 sequence of 1 bytes from index 483

Import trace:
  Server Component:
    ./src/components/Header.tsx
    ./src/app/page.tsx @ http://localhost:3000/_next/static/chunks/node_modules_next_dist_1gdrd03._.js:1945
[  207102ms] [ERROR] ./src/components/Header.tsx
Reading source code for parsing failed
An unexpected error happened while trying to read the source code to parse: failed to convert rope into string

Caused by:
- invalid utf-8 sequence of 1 bytes from index 483

Import trace:
  Server Component:
    ./src/components/Header.tsx
    ./src/app/page.tsx @ http://localhost:3000/_next/static/chunks/node_modules_next_dist_1gdrd03._.js:1945
[  207164ms] [ERROR] ./src/components/Header.tsx
Reading source code for parsing failed
An unexpected error happened while trying to read the source code to parse: failed to convert rope into string

Caused by:
- invalid utf-8 sequence of 1 bytes from index 483

Import trace:
  Server Component:
    ./src/components/Header.tsx
    ./src/app/page.tsx @ http://localhost:3000/_next/static/chunks/node_modules_next_dist_1gdrd03._.js:1945
[  207227ms] [ERROR] ./src/components/Header.tsx
Reading source code for parsing failed
An unexpected error happened while trying to read the source code to parse: failed to convert rope into string

Caused by:
- invalid utf-8 sequence of 1 bytes from index 483

Import trace:
  Server Component:
    ./src/components/Header.tsx
    ./src/app/page.tsx @ http://localhost:3000/_next/static/chunks/node_modules_next_dist_1gdrd03._.js:1945
[  207277ms] [ERROR] ./src/components/Header.tsx
Reading source code for parsing failed
An unexpected error happened while trying to read the source code to parse: failed to convert rope into string

Caused by:
- invalid utf-8 sequence of 1 bytes from index 483

Import trace:
  Server Component:
    ./src/components/Header.tsx
    ./src/app/page.tsx @ http://localhost:3000/_next/static/chunks/node_modules_next_dist_1gdrd03._.js:1945
[  207340ms] [ERROR] ./src/components/Header.tsx
Reading source code for parsing failed
An unexpected error happened while trying to read the source code to parse: failed to convert rope into string

Caused by:
- invalid utf-8 sequence of 1 bytes from index 483

Import trace:
  Server Component:
    ./src/components/Header.tsx
    ./src/app/page.tsx @ http://localhost:3000/_next/static/chunks/node_modules_next_dist_1gdrd03._.js:1945
[  207402ms] [ERROR] ./src/components/Header.tsx
Reading source code for parsing failed
An unexpected error happened while trying to read the source code to parse: failed to convert rope into string

Caused by:
- invalid utf-8 sequence of 1 bytes from index 483

Import trace:
  Server Component:
    ./src/components/Header.tsx
    ./src/app/page.tsx @ http://localhost:3000/_next/static/chunks/node_modules_next_dist_1gdrd03._.js:1945
[  207464ms] [ERROR] ./src/components/Header.tsx
Reading source code for parsing failed
An unexpected error happened while trying to read the source code to parse: failed to convert rope into string

Caused by:
- invalid utf-8 sequence of 1 bytes from index 483

Import trace:
  Server Component:
    ./src/components/Header.tsx
    ./src/app/page.tsx @ http://localhost:3000/_next/static/chunks/node_modules_next_dist_1gdrd03._.js:1945
[  207527ms] [ERROR] ./src/components/Header.tsx
Reading source code for parsing failed
An unexpected error happened while trying to read the source code to parse: failed to convert rope into string

Caused by:
- invalid utf-8 sequence of 1 bytes from index 483

Import trace:
  Server Component:
    ./src/components/Header.tsx
    ./src/app/page.tsx @ http://localhost:3000/_next/static/chunks/node_modules_next_dist_1gdrd03._.js:1945
[  207590ms] [ERROR] ./src/components/Header.tsx
Reading source code for parsing failed
An unexpected error happened while trying to read the source code to parse: failed to convert rope into string

Caused by:
- invalid utf-8 sequence of 1 bytes from index 483

Import trace:
  Server Component:
    ./src/components/Header.tsx
    ./src/app/page.tsx @ http://localhost:3000/_next/static/chunks/node_modules_next_dist_1gdrd03._.js:1945
[  207651ms] [ERROR] ./src/components/Header.tsx
Reading source code for parsing failed
An unexpected error happened while trying to read the source code to parse: failed to convert rope into string

Caused by:
- invalid utf-8 sequence of 1 bytes from index 483

Import trace:
  Server Component:
    ./src/components/Header.tsx
    ./src/app/page.tsx @ http://localhost:3000/_next/static/chunks/node_modules_next_dist_1gdrd03._.js:1945
[  207714ms] [ERROR] ./src/components/Header.tsx
Reading source code for parsing failed
An unexpected error happened while trying to read the source code to parse: failed to convert rope into string

Caused by:
- invalid utf-8 sequence of 1 bytes from index 483

Import trace:
  Server Component:
    ./src/components/Header.tsx
    ./src/app/page.tsx @ http://localhost:3000/_next/static/chunks/node_modules_next_dist_1gdrd03._.js:1945
[  207778ms] [ERROR] ./src/components/Header.tsx
Reading source code for parsing failed
An unexpected error happened while trying to read the source code to parse: failed to convert rope into string

Caused by:
- invalid utf-8 sequence of 1 bytes from index 483

Import trace:
  Server Component:
    ./src/components/Header.tsx
    ./src/app/page.tsx @ http://localhost:3000/_next/static/chunks/node_modules_next_dist_1gdrd03._.js:1945
[  207841ms] [ERROR] ./src/components/Header.tsx
Reading source code for parsing failed
An unexpected error happened while trying to read the source code to parse: failed to convert rope into string

Caused by:
- invalid utf-8 sequence of 1 bytes from index 483

Import trace:
  Server Component:
    ./src/components/Header.tsx
    ./src/app/page.tsx @ http://localhost:3000/_next/static/chunks/node_modules_next_dist_1gdrd03._.js:1945
[  207902ms] [LOG] [Fast Refresh] rebuilding @ http://localhost:3000/_next/static/chunks/node_modules_next_dist_1gdrd03._.js:1226
[  208119ms] [LOG] [Fast Refresh] done in 273ms @ http://localhost:3000/_next/static/chunks/node_modules_next_dist_1gdrd03._.js:1226
[  208249ms] [LOG] [Fast Refresh] rebuilding @ http://localhost:3000/_next/static/chunks/node_modules_next_dist_1gdrd03._.js:1226
[  208429ms] [LOG] [Fast Refresh] done in 295ms @ http://localhost:3000/_next/static/chunks/node_modules_next_dist_1gdrd03._.js:1226
[  208517ms] [INFO] %cDownload the React DevTools for a better development experience: https://react.dev/link/react-devtools font-weight:bold @ http://localhost:3000/_next/static/chunks/node_modules_next_dist_1ybzpk2._.js:2489
[  208556ms] [LOG] [HMR] connected @ http://localhost:3000/_next/static/chunks/node_modules_next_dist_1ybzpk2._.js:2489
[  209930ms] [LOG] [Fast Refresh] rebuilding @ http://localhost:3000/_next/static/chunks/node_modules_next_dist_1ybzpk2._.js:2489
[  209933ms] [LOG] [Fast Refresh] done in 106ms @ http://localhost:3000/_next/static/chunks/node_modules_next_dist_1ybzpk2._.js:2489
