[    1765ms] [INFO] %cDownload the React DevTools for a better development experience: https://react.dev/link/react-devtools font-weight:bold @ http://localhost:3100/_next/static/chunks/node_modules_next_dist_1ybzpk2._.js:2489
[    1789ms] [LOG] [HMR] connected @ http://localhost:3100/_next/static/chunks/node_modules_next_dist_1ybzpk2._.js:2489
[    9028ms] [LOG] [Fast Refresh] rebuilding @ http://localhost:3100/_next/static/chunks/node_modules_next_dist_1ybzpk2._.js:2489
[    9045ms] [LOG] [Fast Refresh] done in 126ms @ http://localhost:3100/_next/static/chunks/node_modules_next_dist_1ybzpk2._.js:2489
[   83942ms] [LOG] [Fast Refresh] rebuilding @ http://localhost:3100/_next/static/chunks/node_modules_next_dist_1ybzpk2._.js:2489
[   84063ms] [LOG] [Fast Refresh] done in 227ms @ http://localhost:3100/_next/static/chunks/node_modules_next_dist_1ybzpk2._.js:2489
[  138321ms] [WARNING] Detected `scroll-behavior: smooth` on the `<html>` element. To disable smooth scrolling during route transitions, add `data-scroll-behavior="smooth"` to your <html> element. Learn more: https://nextjs.org/docs/messages/missing-data-scroll-behavior @ http://localhost:3100/_next/static/chunks/node_modules_next_dist_1ybzpk2._.js:2489
[  334083ms] [LOG] [Fast Refresh] rebuilding @ http://localhost:3100/_next/static/chunks/node_modules_next_dist_1ybzpk2._.js:2489
[  334773ms] [LOG] [Fast Refresh] done in 793ms @ http://localhost:3100/_next/static/chunks/node_modules_next_dist_1ybzpk2._.js:2489
[  334880ms] [LOG] [Fast Refresh] rebuilding @ http://localhost:3100/_next/static/chunks/node_modules_next_dist_1ybzpk2._.js:2489
[  334883ms] [LOG] [Fast Refresh] done in 107ms @ http://localhost:3100/_next/static/chunks/node_modules_next_dist_1ybzpk2._.js:2489
[  335019ms] [ERROR] Failed to load resource: the server responded with a status of 500 (Internal Server Error) @ http://localhost:3100/:0
[  335104ms] [INFO] %cDownload the React DevTools for a better development experience: https://react.dev/link/react-devtools font-weight:bold @ http://localhost:3100/_next/static/chunks/node_modules_next_dist_1ybzpk2._.js:2489
[  335121ms] [LOG] [HMR] connected @ http://localhost:3100/_next/static/chunks/node_modules_next_dist_1ybzpk2._.js:2489
[  335151ms] ReferenceError: beVietnamPro is not defined
    at RootLayout (about://React/Server/F:%5CNextjs%5Ceurowindowhcm%5C.next%5Cdev%5Cserver%5Cchunks%5Cssr%5C%5Broot-of-the-server%5D__16vj1ud._.js?0:54:23)
    at resolveErrorDev (http://localhost:3100/_next/static/chunks/node_modules_next_dist_compiled_react-server-dom-turbopack_164kp-6._.js:1919:105)
    at processFullStringRow (http://localhost:3100/_next/static/chunks/node_modules_next_dist_compiled_react-server-dom-turbopack_164kp-6._.js:2434:29)
    at processFullBinaryRow (http://localhost:3100/_next/static/chunks/node_modules_next_dist_compiled_react-server-dom-turbopack_164kp-6._.js:2393:9)
    at processBinaryChunk (http://localhost:3100/_next/static/chunks/node_modules_next_dist_compiled_react-server-dom-turbopack_164kp-6._.js:2502:221)
    at progress (http://localhost:3100/_next/static/chunks/node_modules_next_dist_compiled_react-server-dom-turbopack_164kp-6._.js:2689:13)
[  338226ms] [WARNING] The resource http://localhost:3100/eurowindow-logo.png was preloaded using link preload but not used within a few seconds from the window's load event. Please make sure it has an appropriate `as` value and it is preloaded intentionally. @ http://localhost:3100/:0
[  339359ms] [LOG] [Fast Refresh] rebuilding @ http://localhost:3100/_next/static/chunks/node_modules_next_dist_1ybzpk2._.js:2489
[  339542ms] [LOG] [Fast Refresh] done in 85ms @ http://localhost:3100/_next/static/chunks/node_modules_next_dist_1ybzpk2._.js:2489
[  339619ms] [INFO] %cDownload the React DevTools for a better development experience: https://react.dev/link/react-devtools font-weight:bold @ http://localhost:3100/_next/static/chunks/node_modules_next_dist_1ybzpk2._.js:2489
[  339653ms] [LOG] [HMR] connected @ http://localhost:3100/_next/static/chunks/node_modules_next_dist_1ybzpk2._.js:2489
[  347990ms] [LOG] [Fast Refresh] rebuilding @ http://localhost:3100/_next/static/chunks/node_modules_next_dist_1ybzpk2._.js:2489
[  348053ms] [LOG] [Fast Refresh] done in 106ms @ http://localhost:3100/_next/static/chunks/node_modules_next_dist_1ybzpk2._.js:2489
[  351213ms] [LOG] [Fast Refresh] rebuilding @ http://localhost:3100/_next/static/chunks/node_modules_next_dist_1ybzpk2._.js:2489
[  351269ms] [LOG] [Fast Refresh] done in 99ms @ http://localhost:3100/_next/static/chunks/node_modules_next_dist_1ybzpk2._.js:2489
[  359256ms] [INFO] %cDownload the React DevTools for a better development experience: https://react.dev/link/react-devtools font-weight:bold @ http://localhost:3100/_next/static/chunks/node_modules_next_dist_1ybzpk2._.js:2489
[  359273ms] [LOG] [HMR] connected @ http://localhost:3100/_next/static/chunks/node_modules_next_dist_1ybzpk2._.js:2489
[  376786ms] [LOG] [Fast Refresh] rebuilding @ http://localhost:3100/_next/static/chunks/node_modules_next_dist_1ybzpk2._.js:2489
[  376848ms] [LOG] [Fast Refresh] done in 114ms @ http://localhost:3100/_next/static/chunks/node_modules_next_dist_1ybzpk2._.js:2489
[  381630ms] [WARNING] Detected `scroll-behavior: smooth` on the `<html>` element. To disable smooth scrolling during route transitions, add `data-scroll-behavior="smooth"` to your <html> element. Learn more: https://nextjs.org/docs/messages/missing-data-scroll-behavior @ http://localhost:3100/_next/static/chunks/node_modules_next_dist_1ybzpk2._.js:2489
[  414070ms] [LOG] [Fast Refresh] rebuilding @ http://localhost:3100/_next/static/chunks/node_modules_next_dist_1ybzpk2._.js:2489
[  414372ms] [LOG] [Fast Refresh] done in 396ms @ http://localhost:3100/_next/static/chunks/node_modules_next_dist_1ybzpk2._.js:2489
[  414553ms] [LOG] [Fast Refresh] rebuilding @ http://localhost:3100/_next/static/chunks/node_modules_next_dist_1ybzpk2._.js:2489
[  414560ms] [LOG] [Fast Refresh] done in 108ms @ http://localhost:3100/_next/static/chunks/node_modules_next_dist_1ybzpk2._.js:2489
[  414669ms] [LOG] [Fast Refresh] rebuilding @ http://localhost:3100/_next/static/chunks/node_modules_next_dist_1ybzpk2._.js:2489
[  414692ms] [LOG] [Fast Refresh] done in 124ms @ http://localhost:3100/_next/static/chunks/node_modules_next_dist_1ybzpk2._.js:2489
[  448818ms] [LOG] [Fast Refresh] rebuilding @ http://localhost:3100/_next/static/chunks/node_modules_next_dist_1ybzpk2._.js:2489
[  448920ms] [ERROR] ./src/app/du-an/page.tsx:6:16
You're importing a module that depends on `useState` into a React Server Component module. This API is only available in Client Components. To fix, mark the file (or its parent) with the `"use client"` directive.
    Learn more: https://nextjs.org/docs/app/api-reference/directives/use-client
  4 | import { MapPin, Search } from "lucide-react";
  5 | import Link from "next/link";
> 6 | import { useMemo, useState } from "react";
    |                ^^^^^^^^
  7 |
  8 | const categories = [
  9 |   ["Biệt thự", "#biet-thu"],

Ecmascript file had an error @ http://localhost:3100/_next/static/chunks/node_modules_next_dist_1ybzpk2._.js:3330
[  449047ms] [LOG] [Fast Refresh] rebuilding @ http://localhost:3100/_next/static/chunks/node_modules_next_dist_1ybzpk2._.js:2489
[  449124ms] [ERROR] Failed to load resource: the server responded with a status of 500 (Internal Server Error) @ http://localhost:3100/?_rsc=q3mOO9BClNZHexY7:0
[  449125ms] [ERROR] ./src/app/du-an/page.tsx:6:16
You're importing a module that depends on `useState` into a React Server Component module. This API is only available in Client Components. To fix, mark the file (or its parent) with the `"use client"` directive.
    Learn more: https://nextjs.org/docs/app/api-reference/directives/use-client
  4 | import { MapPin, Search } from "lucide-react";
  5 | import Link from "next/link";
> 6 | import { useMemo, useState } from "react";
    |                ^^^^^^^^
  7 |
  8 | const categories = [
  9 |   ["Biệt thự", "#biet-thu"],

Ecmascript file had an error @ http://localhost:3100/_next/static/chunks/node_modules_next_dist_1ybzpk2._.js:3330
[  449126ms] [ERROR] ./src/app/du-an/page.tsx:6:16
You're importing a module that depends on `useState` into a React Server Component module. This API is only available in Client Components. To fix, mark the file (or its parent) with the `"use client"` directive.
    Learn more: https://nextjs.org/docs/app/api-reference/directives/use-client
  4 | import { MapPin, Search } from "lucide-react";
  5 | import Link from "next/link";
> 6 | import { useMemo, useState } from "react";
    |                ^^^^^^^^
  7 |
  8 | const categories = [
  9 |   ["Biệt thự", "#biet-thu"],

Ecmascript file had an error @ http://localhost:3100/_next/static/chunks/node_modules_next_dist_1ybzpk2._.js:3330
[  449155ms] [ERROR] Failed to load resource: the server responded with a status of 500 (Internal Server Error) @ http://localhost:3100/?_rsc=q3mOO9BClNZHexY7:0
[  449176ms] [ERROR] Failed to load resource: the server responded with a status of 500 (Internal Server Error) @ http://localhost:3100/:0
[  449240ms] [INFO] %cDownload the React DevTools for a better development experience: https://react.dev/link/react-devtools font-weight:bold @ http://localhost:3100/_next/static/chunks/node_modules_react-dom_0kla17-._.js:15305
[  449283ms] Error: ./src/app/du-an/page.tsx:6:16
You're importing a module that depends on `useState` into a React Server Component module. This API is only available in Client Components. To fix, mark the file (or its parent) with the `"use client"` directive.
    Learn more: https://nextjs.org/docs/app/api-reference/directives/use-client
  4 | import { MapPin, Search } from "lucide-react";
  5 | import Link from "next/link";
> 6 | import { useMemo, useState } from "react";
    |                ^^^^^^^^
  7 |
  8 | const categories = [
  9 |   ["Biệt thự", "#biet-thu"],

Ecmascript file had an error


    at <unknown> (Error: ./src/app/du-an/page.tsx:6:16)
    at Object.getCompilationErrors (file://F:\Nextjs\eurowindowhcm\node_modules\next\dist\server\dev\hot-reloader-turbopack.js:1186:59)
    at DevBundlerService.getCompilationError (file://F:\Nextjs\eurowindowhcm\node_modules\next\dist\server\lib\dev-bundler-service.js:44:55)
    at DevServer.getCompilationError (file://F:\Nextjs\eurowindowhcm\node_modules\next\dist\server\dev\next-dev-server.js:720:42)
    at DevServer.findPageComponents (file://F:\Nextjs\eurowindowhcm\node_modules\next\dist\server\dev\next-dev-server.js:690:43)
    at async DevServer.renderErrorToResponseImpl (file://F:\Nextjs\eurowindowhcm\node_modules\next\dist\server\base-server.js:1753:26)
[  449285ms] [LOG] [HMR] connected @ http://localhost:3100/_next/static/chunks/node_modules_next_dist_1gdrd03._.js:1226
[  449287ms] [ERROR] ./src/app/du-an/page.tsx:6:16
You're importing a module that depends on `useState` into a React Server Component module. This API is only available in Client Components. To fix, mark the file (or its parent) with the `"use client"` directive.
    Learn more: https://nextjs.org/docs/app/api-reference/directives/use-client
  4 | import { MapPin, Search } from "lucide-react";
  5 | import Link from "next/link";
> 6 | import { useMemo, useState } from "react";
    |                ^^^^^^^^
  7 |
  8 | const categories = [
  9 |   ["Biệt thự", "#biet-thu"],

Ecmascript file had an error @ http://localhost:3100/_next/static/chunks/node_modules_next_dist_1gdrd03._.js:1945
[  449290ms] [ERROR] ./src/app/du-an/page.tsx:6:16
You're importing a module that depends on `useState` into a React Server Component module. This API is only available in Client Components. To fix, mark the file (or its parent) with the `"use client"` directive.
    Learn more: https://nextjs.org/docs/app/api-reference/directives/use-client
  4 | import { MapPin, Search } from "lucide-react";
  5 | import Link from "next/link";
> 6 | import { useMemo, useState } from "react";
    |                ^^^^^^^^
  7 |
  8 | const categories = [
  9 |   ["Biệt thự", "#biet-thu"],

Ecmascript file had an error @ http://localhost:3100/_next/static/chunks/node_modules_next_dist_1gdrd03._.js:1945
[  449346ms] [ERROR] ./src/app/du-an/page.tsx:6:16
You're importing a module that depends on `useState` into a React Server Component module. This API is only available in Client Components. To fix, mark the file (or its parent) with the `"use client"` directive.
    Learn more: https://nextjs.org/docs/app/api-reference/directives/use-client
  4 | import { MapPin, Search } from "lucide-react";
  5 | import Link from "next/link";
> 6 | import { useMemo, useState } from "react";
    |                ^^^^^^^^
  7 |
  8 | const categories = [
  9 |   ["Biệt thự", "#biet-thu"],

Ecmascript file had an error @ http://localhost:3100/_next/static/chunks/node_modules_next_dist_1gdrd03._.js:1945
[  449410ms] [ERROR] ./src/app/du-an/page.tsx:6:16
You're importing a module that depends on `useState` into a React Server Component module. This API is only available in Client Components. To fix, mark the file (or its parent) with the `"use client"` directive.
    Learn more: https://nextjs.org/docs/app/api-reference/directives/use-client
  4 | import { MapPin, Search } from "lucide-react";
  5 | import Link from "next/link";
> 6 | import { useMemo, useState } from "react";
    |                ^^^^^^^^
  7 |
  8 | const categories = [
  9 |   ["Biệt thự", "#biet-thu"],

Ecmascript file had an error @ http://localhost:3100/_next/static/chunks/node_modules_next_dist_1gdrd03._.js:1945
[  449474ms] [ERROR] ./src/app/du-an/page.tsx:6:16
You're importing a module that depends on `useState` into a React Server Component module. This API is only available in Client Components. To fix, mark the file (or its parent) with the `"use client"` directive.
    Learn more: https://nextjs.org/docs/app/api-reference/directives/use-client
  4 | import { MapPin, Search } from "lucide-react";
  5 | import Link from "next/link";
> 6 | import { useMemo, useState } from "react";
    |                ^^^^^^^^
  7 |
  8 | const categories = [
  9 |   ["Biệt thự", "#biet-thu"],

Ecmascript file had an error @ http://localhost:3100/_next/static/chunks/node_modules_next_dist_1gdrd03._.js:1945
[  449537ms] [ERROR] ./src/app/du-an/page.tsx:6:16
You're importing a module that depends on `useState` into a React Server Component module. This API is only available in Client Components. To fix, mark the file (or its parent) with the `"use client"` directive.
    Learn more: https://nextjs.org/docs/app/api-reference/directives/use-client
  4 | import { MapPin, Search } from "lucide-react";
  5 | import Link from "next/link";
> 6 | import { useMemo, useState } from "react";
    |                ^^^^^^^^
  7 |
  8 | const categories = [
  9 |   ["Biệt thự", "#biet-thu"],

Ecmascript file had an error @ http://localhost:3100/_next/static/chunks/node_modules_next_dist_1gdrd03._.js:1945
[  449600ms] [ERROR] ./src/app/du-an/page.tsx:6:16
You're importing a module that depends on `useState` into a React Server Component module. This API is only available in Client Components. To fix, mark the file (or its parent) with the `"use client"` directive.
    Learn more: https://nextjs.org/docs/app/api-reference/directives/use-client
  4 | import { MapPin, Search } from "lucide-react";
  5 | import Link from "next/link";
> 6 | import { useMemo, useState } from "react";
    |                ^^^^^^^^
  7 |
  8 | const categories = [
  9 |   ["Biệt thự", "#biet-thu"],

Ecmascript file had an error @ http://localhost:3100/_next/static/chunks/node_modules_next_dist_1gdrd03._.js:1945
[  449662ms] [ERROR] ./src/app/du-an/page.tsx:6:16
You're importing a module that depends on `useState` into a React Server Component module. This API is only available in Client Components. To fix, mark the file (or its parent) with the `"use client"` directive.
    Learn more: https://nextjs.org/docs/app/api-reference/directives/use-client
  4 | import { MapPin, Search } from "lucide-react";
  5 | import Link from "next/link";
> 6 | import { useMemo, useState } from "react";
    |                ^^^^^^^^
  7 |
  8 | const categories = [
  9 |   ["Biệt thự", "#biet-thu"],

Ecmascript file had an error @ http://localhost:3100/_next/static/chunks/node_modules_next_dist_1gdrd03._.js:1945
[  449723ms] [ERROR] ./src/app/du-an/page.tsx:6:16
You're importing a module that depends on `useState` into a React Server Component module. This API is only available in Client Components. To fix, mark the file (or its parent) with the `"use client"` directive.
    Learn more: https://nextjs.org/docs/app/api-reference/directives/use-client
  4 | import { MapPin, Search } from "lucide-react";
  5 | import Link from "next/link";
> 6 | import { useMemo, useState } from "react";
    |                ^^^^^^^^
  7 |
  8 | const categories = [
  9 |   ["Biệt thự", "#biet-thu"],

Ecmascript file had an error @ http://localhost:3100/_next/static/chunks/node_modules_next_dist_1gdrd03._.js:1945
[  449787ms] [ERROR] ./src/app/du-an/page.tsx:6:16
You're importing a module that depends on `useState` into a React Server Component module. This API is only available in Client Components. To fix, mark the file (or its parent) with the `"use client"` directive.
    Learn more: https://nextjs.org/docs/app/api-reference/directives/use-client
  4 | import { MapPin, Search } from "lucide-react";
  5 | import Link from "next/link";
> 6 | import { useMemo, useState } from "react";
    |                ^^^^^^^^
  7 |
  8 | const categories = [
  9 |   ["Biệt thự", "#biet-thu"],

Ecmascript file had an error @ http://localhost:3100/_next/static/chunks/node_modules_next_dist_1gdrd03._.js:1945
[  449850ms] [ERROR] ./src/app/du-an/page.tsx:6:16
You're importing a module that depends on `useState` into a React Server Component module. This API is only available in Client Components. To fix, mark the file (or its parent) with the `"use client"` directive.
    Learn more: https://nextjs.org/docs/app/api-reference/directives/use-client
  4 | import { MapPin, Search } from "lucide-react";
  5 | import Link from "next/link";
> 6 | import { useMemo, useState } from "react";
    |                ^^^^^^^^
  7 |
  8 | const categories = [
  9 |   ["Biệt thự", "#biet-thu"],

Ecmascript file had an error @ http://localhost:3100/_next/static/chunks/node_modules_next_dist_1gdrd03._.js:1945
[  449914ms] [ERROR] ./src/app/du-an/page.tsx:6:16
You're importing a module that depends on `useState` into a React Server Component module. This API is only available in Client Components. To fix, mark the file (or its parent) with the `"use client"` directive.
    Learn more: https://nextjs.org/docs/app/api-reference/directives/use-client
  4 | import { MapPin, Search } from "lucide-react";
  5 | import Link from "next/link";
> 6 | import { useMemo, useState } from "react";
    |                ^^^^^^^^
  7 |
  8 | const categories = [
  9 |   ["Biệt thự", "#biet-thu"],

Ecmascript file had an error @ http://localhost:3100/_next/static/chunks/node_modules_next_dist_1gdrd03._.js:1945
[  449973ms] [ERROR] ./src/app/du-an/page.tsx:6:16
You're importing a module that depends on `useState` into a React Server Component module. This API is only available in Client Components. To fix, mark the file (or its parent) with the `"use client"` directive.
    Learn more: https://nextjs.org/docs/app/api-reference/directives/use-client
  4 | import { MapPin, Search } from "lucide-react";
  5 | import Link from "next/link";
> 6 | import { useMemo, useState } from "react";
    |                ^^^^^^^^
  7 |
  8 | const categories = [
  9 |   ["Biệt thự", "#biet-thu"],

Ecmascript file had an error @ http://localhost:3100/_next/static/chunks/node_modules_next_dist_1gdrd03._.js:1945
[  450044ms] [ERROR] ./src/app/du-an/page.tsx:6:16
You're importing a module that depends on `useState` into a React Server Component module. This API is only available in Client Components. To fix, mark the file (or its parent) with the `"use client"` directive.
    Learn more: https://nextjs.org/docs/app/api-reference/directives/use-client
  4 | import { MapPin, Search } from "lucide-react";
  5 | import Link from "next/link";
> 6 | import { useMemo, useState } from "react";
    |                ^^^^^^^^
  7 |
  8 | const categories = [
  9 |   ["Biệt thự", "#biet-thu"],

Ecmascript file had an error @ http://localhost:3100/_next/static/chunks/node_modules_next_dist_1gdrd03._.js:1945
[  450106ms] [ERROR] ./src/app/du-an/page.tsx:6:16
You're importing a module that depends on `useState` into a React Server Component module. This API is only available in Client Components. To fix, mark the file (or its parent) with the `"use client"` directive.
    Learn more: https://nextjs.org/docs/app/api-reference/directives/use-client
  4 | import { MapPin, Search } from "lucide-react";
  5 | import Link from "next/link";
> 6 | import { useMemo, useState } from "react";
    |                ^^^^^^^^
  7 |
  8 | const categories = [
  9 |   ["Biệt thự", "#biet-thu"],

Ecmascript file had an error @ http://localhost:3100/_next/static/chunks/node_modules_next_dist_1gdrd03._.js:1945
[  450170ms] [ERROR] ./src/app/du-an/page.tsx:6:16
You're importing a module that depends on `useState` into a React Server Component module. This API is only available in Client Components. To fix, mark the file (or its parent) with the `"use client"` directive.
    Learn more: https://nextjs.org/docs/app/api-reference/directives/use-client
  4 | import { MapPin, Search } from "lucide-react";
  5 | import Link from "next/link";
> 6 | import { useMemo, useState } from "react";
    |                ^^^^^^^^
  7 |
  8 | const categories = [
  9 |   ["Biệt thự", "#biet-thu"],

Ecmascript file had an error @ http://localhost:3100/_next/static/chunks/node_modules_next_dist_1gdrd03._.js:1945
[  450232ms] [ERROR] ./src/app/du-an/page.tsx:6:16
You're importing a module that depends on `useState` into a React Server Component module. This API is only available in Client Components. To fix, mark the file (or its parent) with the `"use client"` directive.
    Learn more: https://nextjs.org/docs/app/api-reference/directives/use-client
  4 | import { MapPin, Search } from "lucide-react";
  5 | import Link from "next/link";
> 6 | import { useMemo, useState } from "react";
    |                ^^^^^^^^
  7 |
  8 | const categories = [
  9 |   ["Biệt thự", "#biet-thu"],

Ecmascript file had an error @ http://localhost:3100/_next/static/chunks/node_modules_next_dist_1gdrd03._.js:1945
[  450295ms] [ERROR] ./src/app/du-an/page.tsx:6:16
You're importing a module that depends on `useState` into a React Server Component module. This API is only available in Client Components. To fix, mark the file (or its parent) with the `"use client"` directive.
    Learn more: https://nextjs.org/docs/app/api-reference/directives/use-client
  4 | import { MapPin, Search } from "lucide-react";
  5 | import Link from "next/link";
> 6 | import { useMemo, useState } from "react";
    |                ^^^^^^^^
  7 |
  8 | const categories = [
  9 |   ["Biệt thự", "#biet-thu"],

Ecmascript file had an error @ http://localhost:3100/_next/static/chunks/node_modules_next_dist_1gdrd03._.js:1945
[  450359ms] [ERROR] ./src/app/du-an/page.tsx:6:16
You're importing a module that depends on `useState` into a React Server Component module. This API is only available in Client Components. To fix, mark the file (or its parent) with the `"use client"` directive.
    Learn more: https://nextjs.org/docs/app/api-reference/directives/use-client
  4 | import { MapPin, Search } from "lucide-react";
  5 | import Link from "next/link";
> 6 | import { useMemo, useState } from "react";
    |                ^^^^^^^^
  7 |
  8 | const categories = [
  9 |   ["Biệt thự", "#biet-thu"],

Ecmascript file had an error @ http://localhost:3100/_next/static/chunks/node_modules_next_dist_1gdrd03._.js:1945
[  450436ms] [ERROR] ./src/app/du-an/page.tsx:6:16
You're importing a module that depends on `useState` into a React Server Component module. This API is only available in Client Components. To fix, mark the file (or its parent) with the `"use client"` directive.
    Learn more: https://nextjs.org/docs/app/api-reference/directives/use-client
  4 | import { MapPin, Search } from "lucide-react";
  5 | import Link from "next/link";
> 6 | import { useMemo, useState } from "react";
    |                ^^^^^^^^
  7 |
  8 | const categories = [
  9 |   ["Biệt thự", "#biet-thu"],

Ecmascript file had an error @ http://localhost:3100/_next/static/chunks/node_modules_next_dist_1gdrd03._.js:1945
[  450497ms] [ERROR] ./src/app/du-an/page.tsx:6:16
You're importing a module that depends on `useState` into a React Server Component module. This API is only available in Client Components. To fix, mark the file (or its parent) with the `"use client"` directive.
    Learn more: https://nextjs.org/docs/app/api-reference/directives/use-client
  4 | import { MapPin, Search } from "lucide-react";
  5 | import Link from "next/link";
> 6 | import { useMemo, useState } from "react";
    |                ^^^^^^^^
  7 |
  8 | const categories = [
  9 |   ["Biệt thự", "#biet-thu"],

Ecmascript file had an error @ http://localhost:3100/_next/static/chunks/node_modules_next_dist_1gdrd03._.js:1945
[  450556ms] [ERROR] ./src/app/du-an/page.tsx:6:16
You're importing a module that depends on `useState` into a React Server Component module. This API is only available in Client Components. To fix, mark the file (or its parent) with the `"use client"` directive.
    Learn more: https://nextjs.org/docs/app/api-reference/directives/use-client
  4 | import { MapPin, Search } from "lucide-react";
  5 | import Link from "next/link";
> 6 | import { useMemo, useState } from "react";
    |                ^^^^^^^^
  7 |
  8 | const categories = [
  9 |   ["Biệt thự", "#biet-thu"],

Ecmascript file had an error @ http://localhost:3100/_next/static/chunks/node_modules_next_dist_1gdrd03._.js:1945
[  450618ms] [ERROR] ./src/app/du-an/page.tsx:6:16
You're importing a module that depends on `useState` into a React Server Component module. This API is only available in Client Components. To fix, mark the file (or its parent) with the `"use client"` directive.
    Learn more: https://nextjs.org/docs/app/api-reference/directives/use-client
  4 | import { MapPin, Search } from "lucide-react";
  5 | import Link from "next/link";
> 6 | import { useMemo, useState } from "react";
    |                ^^^^^^^^
  7 |
  8 | const categories = [
  9 |   ["Biệt thự", "#biet-thu"],

Ecmascript file had an error @ http://localhost:3100/_next/static/chunks/node_modules_next_dist_1gdrd03._.js:1945
[  450681ms] [ERROR] ./src/app/du-an/page.tsx:6:16
You're importing a module that depends on `useState` into a React Server Component module. This API is only available in Client Components. To fix, mark the file (or its parent) with the `"use client"` directive.
    Learn more: https://nextjs.org/docs/app/api-reference/directives/use-client
  4 | import { MapPin, Search } from "lucide-react";
  5 | import Link from "next/link";
> 6 | import { useMemo, useState } from "react";
    |                ^^^^^^^^
  7 |
  8 | const categories = [
  9 |   ["Biệt thự", "#biet-thu"],

Ecmascript file had an error @ http://localhost:3100/_next/static/chunks/node_modules_next_dist_1gdrd03._.js:1945
[  450744ms] [ERROR] ./src/app/du-an/page.tsx:6:16
You're importing a module that depends on `useState` into a React Server Component module. This API is only available in Client Components. To fix, mark the file (or its parent) with the `"use client"` directive.
    Learn more: https://nextjs.org/docs/app/api-reference/directives/use-client
  4 | import { MapPin, Search } from "lucide-react";
  5 | import Link from "next/link";
> 6 | import { useMemo, useState } from "react";
    |                ^^^^^^^^
  7 |
  8 | const categories = [
  9 |   ["Biệt thự", "#biet-thu"],

Ecmascript file had an error @ http://localhost:3100/_next/static/chunks/node_modules_next_dist_1gdrd03._.js:1945
[  450808ms] [ERROR] ./src/app/du-an/page.tsx:6:16
You're importing a module that depends on `useState` into a React Server Component module. This API is only available in Client Components. To fix, mark the file (or its parent) with the `"use client"` directive.
    Learn more: https://nextjs.org/docs/app/api-reference/directives/use-client
  4 | import { MapPin, Search } from "lucide-react";
  5 | import Link from "next/link";
> 6 | import { useMemo, useState } from "react";
    |                ^^^^^^^^
  7 |
  8 | const categories = [
  9 |   ["Biệt thự", "#biet-thu"],

Ecmascript file had an error @ http://localhost:3100/_next/static/chunks/node_modules_next_dist_1gdrd03._.js:1945
[  450871ms] [ERROR] ./src/app/du-an/page.tsx:6:16
You're importing a module that depends on `useState` into a React Server Component module. This API is only available in Client Components. To fix, mark the file (or its parent) with the `"use client"` directive.
    Learn more: https://nextjs.org/docs/app/api-reference/directives/use-client
  4 | import { MapPin, Search } from "lucide-react";
  5 | import Link from "next/link";
> 6 | import { useMemo, useState } from "react";
    |                ^^^^^^^^
  7 |
  8 | const categories = [
  9 |   ["Biệt thự", "#biet-thu"],

Ecmascript file had an error @ http://localhost:3100/_next/static/chunks/node_modules_next_dist_1gdrd03._.js:1945
[  450905ms] [ERROR] Failed to load resource: the server responded with a status of 500 (Internal Server Error) @ http://localhost:3100/:0
[  450931ms] [INFO] %cDownload the React DevTools for a better development experience: https://react.dev/link/react-devtools font-weight:bold @ http://localhost:3100/_next/static/chunks/node_modules_react-dom_0kla17-._.js:15305
[  450938ms] Error: ./src/app/du-an/page.tsx:6:16
You're importing a module that depends on `useState` into a React Server Component module. This API is only available in Client Components. To fix, mark the file (or its parent) with the `"use client"` directive.
    Learn more: https://nextjs.org/docs/app/api-reference/directives/use-client
  4 | import { MapPin, Search } from "lucide-react";
  5 | import Link from "next/link";
> 6 | import { useMemo, useState } from "react";
    |                ^^^^^^^^
  7 |
  8 | const categories = [
  9 |   ["Biệt thự", "#biet-thu"],

Ecmascript file had an error


    at <unknown> (Error: ./src/app/du-an/page.tsx:6:16)
    at Object.getCompilationErrors (file://F:\Nextjs\eurowindowhcm\node_modules\next\dist\server\dev\hot-reloader-turbopack.js:1186:59)
    at DevBundlerService.getCompilationError (file://F:\Nextjs\eurowindowhcm\node_modules\next\dist\server\lib\dev-bundler-service.js:44:55)
    at DevServer.getCompilationError (file://F:\Nextjs\eurowindowhcm\node_modules\next\dist\server\dev\next-dev-server.js:720:42)
    at DevServer.findPageComponents (file://F:\Nextjs\eurowindowhcm\node_modules\next\dist\server\dev\next-dev-server.js:690:43)
    at async DevServer.renderErrorToResponseImpl (file://F:\Nextjs\eurowindowhcm\node_modules\next\dist\server\base-server.js:1753:26)
[  450940ms] [LOG] [HMR] connected @ http://localhost:3100/_next/static/chunks/node_modules_next_dist_1gdrd03._.js:1226
[  450941ms] [ERROR] ./src/app/du-an/page.tsx:6:16
You're importing a module that depends on `useState` into a React Server Component module. This API is only available in Client Components. To fix, mark the file (or its parent) with the `"use client"` directive.
    Learn more: https://nextjs.org/docs/app/api-reference/directives/use-client
  4 | import { MapPin, Search } from "lucide-react";
  5 | import Link from "next/link";
> 6 | import { useMemo, useState } from "react";
    |                ^^^^^^^^
  7 |
  8 | const categories = [
  9 |   ["Biệt thự", "#biet-thu"],

Ecmascript file had an error @ http://localhost:3100/_next/static/chunks/node_modules_next_dist_1gdrd03._.js:1945
[  450992ms] [ERROR] ./src/app/du-an/page.tsx:6:16
You're importing a module that depends on `useState` into a React Server Component module. This API is only available in Client Components. To fix, mark the file (or its parent) with the `"use client"` directive.
    Learn more: https://nextjs.org/docs/app/api-reference/directives/use-client
  4 | import { MapPin, Search } from "lucide-react";
  5 | import Link from "next/link";
> 6 | import { useMemo, useState } from "react";
    |                ^^^^^^^^
  7 |
  8 | const categories = [
  9 |   ["Biệt thự", "#biet-thu"],

Ecmascript file had an error @ http://localhost:3100/_next/static/chunks/node_modules_next_dist_1gdrd03._.js:1945
[  451055ms] [ERROR] ./src/app/du-an/page.tsx:6:16
You're importing a module that depends on `useState` into a React Server Component module. This API is only available in Client Components. To fix, mark the file (or its parent) with the `"use client"` directive.
    Learn more: https://nextjs.org/docs/app/api-reference/directives/use-client
  4 | import { MapPin, Search } from "lucide-react";
  5 | import Link from "next/link";
> 6 | import { useMemo, useState } from "react";
    |                ^^^^^^^^
  7 |
  8 | const categories = [
  9 |   ["Biệt thự", "#biet-thu"],

Ecmascript file had an error @ http://localhost:3100/_next/static/chunks/node_modules_next_dist_1gdrd03._.js:1945
[  451120ms] [ERROR] ./src/app/du-an/page.tsx:6:16
You're importing a module that depends on `useState` into a React Server Component module. This API is only available in Client Components. To fix, mark the file (or its parent) with the `"use client"` directive.
    Learn more: https://nextjs.org/docs/app/api-reference/directives/use-client
  4 | import { MapPin, Search } from "lucide-react";
  5 | import Link from "next/link";
> 6 | import { useMemo, useState } from "react";
    |                ^^^^^^^^
  7 |
  8 | const categories = [
  9 |   ["Biệt thự", "#biet-thu"],

Ecmascript file had an error @ http://localhost:3100/_next/static/chunks/node_modules_next_dist_1gdrd03._.js:1945
[  451181ms] [ERROR] ./src/app/du-an/page.tsx:6:16
You're importing a module that depends on `useState` into a React Server Component module. This API is only available in Client Components. To fix, mark the file (or its parent) with the `"use client"` directive.
    Learn more: https://nextjs.org/docs/app/api-reference/directives/use-client
  4 | import { MapPin, Search } from "lucide-react";
  5 | import Link from "next/link";
> 6 | import { useMemo, useState } from "react";
    |                ^^^^^^^^
  7 |
  8 | const categories = [
  9 |   ["Biệt thự", "#biet-thu"],

Ecmascript file had an error @ http://localhost:3100/_next/static/chunks/node_modules_next_dist_1gdrd03._.js:1945
[  451244ms] [ERROR] ./src/app/du-an/page.tsx:6:16
You're importing a module that depends on `useState` into a React Server Component module. This API is only available in Client Components. To fix, mark the file (or its parent) with the `"use client"` directive.
    Learn more: https://nextjs.org/docs/app/api-reference/directives/use-client
  4 | import { MapPin, Search } from "lucide-react";
  5 | import Link from "next/link";
> 6 | import { useMemo, useState } from "react";
    |                ^^^^^^^^
  7 |
  8 | const categories = [
  9 |   ["Biệt thự", "#biet-thu"],

Ecmascript file had an error @ http://localhost:3100/_next/static/chunks/node_modules_next_dist_1gdrd03._.js:1945
[  451308ms] [ERROR] ./src/app/du-an/page.tsx:6:16
You're importing a module that depends on `useState` into a React Server Component module. This API is only available in Client Components. To fix, mark the file (or its parent) with the `"use client"` directive.
    Learn more: https://nextjs.org/docs/app/api-reference/directives/use-client
  4 | import { MapPin, Search } from "lucide-react";
  5 | import Link from "next/link";
> 6 | import { useMemo, useState } from "react";
    |                ^^^^^^^^
  7 |
  8 | const categories = [
  9 |   ["Biệt thự", "#biet-thu"],

Ecmascript file had an error @ http://localhost:3100/_next/static/chunks/node_modules_next_dist_1gdrd03._.js:1945
[  451373ms] [ERROR] ./src/app/du-an/page.tsx:6:16
You're importing a module that depends on `useState` into a React Server Component module. This API is only available in Client Components. To fix, mark the file (or its parent) with the `"use client"` directive.
    Learn more: https://nextjs.org/docs/app/api-reference/directives/use-client
  4 | import { MapPin, Search } from "lucide-react";
  5 | import Link from "next/link";
> 6 | import { useMemo, useState } from "react";
    |                ^^^^^^^^
  7 |
  8 | const categories = [
  9 |   ["Biệt thự", "#biet-thu"],

Ecmascript file had an error @ http://localhost:3100/_next/static/chunks/node_modules_next_dist_1gdrd03._.js:1945
[  451437ms] [ERROR] ./src/app/du-an/page.tsx:6:16
You're importing a module that depends on `useState` into a React Server Component module. This API is only available in Client Components. To fix, mark the file (or its parent) with the `"use client"` directive.
    Learn more: https://nextjs.org/docs/app/api-reference/directives/use-client
  4 | import { MapPin, Search } from "lucide-react";
  5 | import Link from "next/link";
> 6 | import { useMemo, useState } from "react";
    |                ^^^^^^^^
  7 |
  8 | const categories = [
  9 |   ["Biệt thự", "#biet-thu"],

Ecmascript file had an error @ http://localhost:3100/_next/static/chunks/node_modules_next_dist_1gdrd03._.js:1945
[  451500ms] [ERROR] ./src/app/du-an/page.tsx:6:16
You're importing a module that depends on `useState` into a React Server Component module. This API is only available in Client Components. To fix, mark the file (or its parent) with the `"use client"` directive.
    Learn more: https://nextjs.org/docs/app/api-reference/directives/use-client
  4 | import { MapPin, Search } from "lucide-react";
  5 | import Link from "next/link";
> 6 | import { useMemo, useState } from "react";
    |                ^^^^^^^^
  7 |
  8 | const categories = [
  9 |   ["Biệt thự", "#biet-thu"],

Ecmascript file had an error @ http://localhost:3100/_next/static/chunks/node_modules_next_dist_1gdrd03._.js:1945
[  451563ms] [ERROR] ./src/app/du-an/page.tsx:6:16
You're importing a module that depends on `useState` into a React Server Component module. This API is only available in Client Components. To fix, mark the file (or its parent) with the `"use client"` directive.
    Learn more: https://nextjs.org/docs/app/api-reference/directives/use-client
  4 | import { MapPin, Search } from "lucide-react";
  5 | import Link from "next/link";
> 6 | import { useMemo, useState } from "react";
    |                ^^^^^^^^
  7 |
  8 | const categories = [
  9 |   ["Biệt thự", "#biet-thu"],

Ecmascript file had an error @ http://localhost:3100/_next/static/chunks/node_modules_next_dist_1gdrd03._.js:1945
[  451624ms] [ERROR] ./src/app/du-an/page.tsx:6:16
You're importing a module that depends on `useState` into a React Server Component module. This API is only available in Client Components. To fix, mark the file (or its parent) with the `"use client"` directive.
    Learn more: https://nextjs.org/docs/app/api-reference/directives/use-client
  4 | import { MapPin, Search } from "lucide-react";
  5 | import Link from "next/link";
> 6 | import { useMemo, useState } from "react";
    |                ^^^^^^^^
  7 |
  8 | const categories = [
  9 |   ["Biệt thự", "#biet-thu"],

Ecmascript file had an error @ http://localhost:3100/_next/static/chunks/node_modules_next_dist_1gdrd03._.js:1945
[  451688ms] [ERROR] ./src/app/du-an/page.tsx:6:16
You're importing a module that depends on `useState` into a React Server Component module. This API is only available in Client Components. To fix, mark the file (or its parent) with the `"use client"` directive.
    Learn more: https://nextjs.org/docs/app/api-reference/directives/use-client
  4 | import { MapPin, Search } from "lucide-react";
  5 | import Link from "next/link";
> 6 | import { useMemo, useState } from "react";
    |                ^^^^^^^^
  7 |
  8 | const categories = [
  9 |   ["Biệt thự", "#biet-thu"],

Ecmascript file had an error @ http://localhost:3100/_next/static/chunks/node_modules_next_dist_1gdrd03._.js:1945
[  451752ms] [ERROR] ./src/app/du-an/page.tsx:6:16
You're importing a module that depends on `useState` into a React Server Component module. This API is only available in Client Components. To fix, mark the file (or its parent) with the `"use client"` directive.
    Learn more: https://nextjs.org/docs/app/api-reference/directives/use-client
  4 | import { MapPin, Search } from "lucide-react";
  5 | import Link from "next/link";
> 6 | import { useMemo, useState } from "react";
    |                ^^^^^^^^
  7 |
  8 | const categories = [
  9 |   ["Biệt thự", "#biet-thu"],

Ecmascript file had an error @ http://localhost:3100/_next/static/chunks/node_modules_next_dist_1gdrd03._.js:1945
[  451814ms] [ERROR] ./src/app/du-an/page.tsx:6:16
You're importing a module that depends on `useState` into a React Server Component module. This API is only available in Client Components. To fix, mark the file (or its parent) with the `"use client"` directive.
    Learn more: https://nextjs.org/docs/app/api-reference/directives/use-client
  4 | import { MapPin, Search } from "lucide-react";
  5 | import Link from "next/link";
> 6 | import { useMemo, useState } from "react";
    |                ^^^^^^^^
  7 |
  8 | const categories = [
  9 |   ["Biệt thự", "#biet-thu"],

Ecmascript file had an error @ http://localhost:3100/_next/static/chunks/node_modules_next_dist_1gdrd03._.js:1945
[  451876ms] [ERROR] ./src/app/du-an/page.tsx:6:16
You're importing a module that depends on `useState` into a React Server Component module. This API is only available in Client Components. To fix, mark the file (or its parent) with the `"use client"` directive.
    Learn more: https://nextjs.org/docs/app/api-reference/directives/use-client
  4 | import { MapPin, Search } from "lucide-react";
  5 | import Link from "next/link";
> 6 | import { useMemo, useState } from "react";
    |                ^^^^^^^^
  7 |
  8 | const categories = [
  9 |   ["Biệt thự", "#biet-thu"],

Ecmascript file had an error @ http://localhost:3100/_next/static/chunks/node_modules_next_dist_1gdrd03._.js:1945
[  451939ms] [ERROR] ./src/app/du-an/page.tsx:6:16
You're importing a module that depends on `useState` into a React Server Component module. This API is only available in Client Components. To fix, mark the file (or its parent) with the `"use client"` directive.
    Learn more: https://nextjs.org/docs/app/api-reference/directives/use-client
  4 | import { MapPin, Search } from "lucide-react";
  5 | import Link from "next/link";
> 6 | import { useMemo, useState } from "react";
    |                ^^^^^^^^
  7 |
  8 | const categories = [
  9 |   ["Biệt thự", "#biet-thu"],

Ecmascript file had an error @ http://localhost:3100/_next/static/chunks/node_modules_next_dist_1gdrd03._.js:1945
[  452002ms] [ERROR] ./src/app/du-an/page.tsx:6:16
You're importing a module that depends on `useState` into a React Server Component module. This API is only available in Client Components. To fix, mark the file (or its parent) with the `"use client"` directive.
    Learn more: https://nextjs.org/docs/app/api-reference/directives/use-client
  4 | import { MapPin, Search } from "lucide-react";
  5 | import Link from "next/link";
> 6 | import { useMemo, useState } from "react";
    |                ^^^^^^^^
  7 |
  8 | const categories = [
  9 |   ["Biệt thự", "#biet-thu"],

Ecmascript file had an error @ http://localhost:3100/_next/static/chunks/node_modules_next_dist_1gdrd03._.js:1945
[  452063ms] [ERROR] ./src/app/du-an/page.tsx:6:16
You're importing a module that depends on `useState` into a React Server Component module. This API is only available in Client Components. To fix, mark the file (or its parent) with the `"use client"` directive.
    Learn more: https://nextjs.org/docs/app/api-reference/directives/use-client
  4 | import { MapPin, Search } from "lucide-react";
  5 | import Link from "next/link";
> 6 | import { useMemo, useState } from "react";
    |                ^^^^^^^^
  7 |
  8 | const categories = [
  9 |   ["Biệt thự", "#biet-thu"],

Ecmascript file had an error @ http://localhost:3100/_next/static/chunks/node_modules_next_dist_1gdrd03._.js:1945
[  452127ms] [ERROR] ./src/app/du-an/page.tsx:6:16
You're importing a module that depends on `useState` into a React Server Component module. This API is only available in Client Components. To fix, mark the file (or its parent) with the `"use client"` directive.
    Learn more: https://nextjs.org/docs/app/api-reference/directives/use-client
  4 | import { MapPin, Search } from "lucide-react";
  5 | import Link from "next/link";
> 6 | import { useMemo, useState } from "react";
    |                ^^^^^^^^
  7 |
  8 | const categories = [
  9 |   ["Biệt thự", "#biet-thu"],

Ecmascript file had an error @ http://localhost:3100/_next/static/chunks/node_modules_next_dist_1gdrd03._.js:1945
[  452189ms] [ERROR] ./src/app/du-an/page.tsx:6:16
You're importing a module that depends on `useState` into a React Server Component module. This API is only available in Client Components. To fix, mark the file (or its parent) with the `"use client"` directive.
    Learn more: https://nextjs.org/docs/app/api-reference/directives/use-client
  4 | import { MapPin, Search } from "lucide-react";
  5 | import Link from "next/link";
> 6 | import { useMemo, useState } from "react";
    |                ^^^^^^^^
  7 |
  8 | const categories = [
  9 |   ["Biệt thự", "#biet-thu"],

Ecmascript file had an error @ http://localhost:3100/_next/static/chunks/node_modules_next_dist_1gdrd03._.js:1945
[  452249ms] [ERROR] ./src/app/du-an/page.tsx:6:16
You're importing a module that depends on `useState` into a React Server Component module. This API is only available in Client Components. To fix, mark the file (or its parent) with the `"use client"` directive.
    Learn more: https://nextjs.org/docs/app/api-reference/directives/use-client
  4 | import { MapPin, Search } from "lucide-react";
  5 | import Link from "next/link";
> 6 | import { useMemo, useState } from "react";
    |                ^^^^^^^^
  7 |
  8 | const categories = [
  9 |   ["Biệt thự", "#biet-thu"],

Ecmascript file had an error @ http://localhost:3100/_next/static/chunks/node_modules_next_dist_1gdrd03._.js:1945
[  452312ms] [ERROR] ./src/app/du-an/page.tsx:6:16
You're importing a module that depends on `useState` into a React Server Component module. This API is only available in Client Components. To fix, mark the file (or its parent) with the `"use client"` directive.
    Learn more: https://nextjs.org/docs/app/api-reference/directives/use-client
  4 | import { MapPin, Search } from "lucide-react";
  5 | import Link from "next/link";
> 6 | import { useMemo, useState } from "react";
    |                ^^^^^^^^
  7 |
  8 | const categories = [
  9 |   ["Biệt thự", "#biet-thu"],

Ecmascript file had an error @ http://localhost:3100/_next/static/chunks/node_modules_next_dist_1gdrd03._.js:1945
[  452374ms] [ERROR] ./src/app/du-an/page.tsx:6:16
You're importing a module that depends on `useState` into a React Server Component module. This API is only available in Client Components. To fix, mark the file (or its parent) with the `"use client"` directive.
    Learn more: https://nextjs.org/docs/app/api-reference/directives/use-client
  4 | import { MapPin, Search } from "lucide-react";
  5 | import Link from "next/link";
> 6 | import { useMemo, useState } from "react";
    |                ^^^^^^^^
  7 |
  8 | const categories = [
  9 |   ["Biệt thự", "#biet-thu"],

Ecmascript file had an error @ http://localhost:3100/_next/static/chunks/node_modules_next_dist_1gdrd03._.js:1945
[  452436ms] [ERROR] ./src/app/du-an/page.tsx:6:16
You're importing a module that depends on `useState` into a React Server Component module. This API is only available in Client Components. To fix, mark the file (or its parent) with the `"use client"` directive.
    Learn more: https://nextjs.org/docs/app/api-reference/directives/use-client
  4 | import { MapPin, Search } from "lucide-react";
  5 | import Link from "next/link";
> 6 | import { useMemo, useState } from "react";
    |                ^^^^^^^^
  7 |
  8 | const categories = [
  9 |   ["Biệt thự", "#biet-thu"],

Ecmascript file had an error @ http://localhost:3100/_next/static/chunks/node_modules_next_dist_1gdrd03._.js:1945
[  452496ms] [ERROR] ./src/app/du-an/page.tsx:6:16
You're importing a module that depends on `useState` into a React Server Component module. This API is only available in Client Components. To fix, mark the file (or its parent) with the `"use client"` directive.
    Learn more: https://nextjs.org/docs/app/api-reference/directives/use-client
  4 | import { MapPin, Search } from "lucide-react";
  5 | import Link from "next/link";
> 6 | import { useMemo, useState } from "react";
    |                ^^^^^^^^
  7 |
  8 | const categories = [
  9 |   ["Biệt thự", "#biet-thu"],

Ecmascript file had an error @ http://localhost:3100/_next/static/chunks/node_modules_next_dist_1gdrd03._.js:1945
[  452558ms] [ERROR] ./src/app/du-an/page.tsx:6:16
You're importing a module that depends on `useState` into a React Server Component module. This API is only available in Client Components. To fix, mark the file (or its parent) with the `"use client"` directive.
    Learn more: https://nextjs.org/docs/app/api-reference/directives/use-client
  4 | import { MapPin, Search } from "lucide-react";
  5 | import Link from "next/link";
> 6 | import { useMemo, useState } from "react";
    |                ^^^^^^^^
  7 |
  8 | const categories = [
  9 |   ["Biệt thự", "#biet-thu"],

Ecmascript file had an error @ http://localhost:3100/_next/static/chunks/node_modules_next_dist_1gdrd03._.js:1945
[  452620ms] [ERROR] ./src/app/du-an/page.tsx:6:16
You're importing a module that depends on `useState` into a React Server Component module. This API is only available in Client Components. To fix, mark the file (or its parent) with the `"use client"` directive.
    Learn more: https://nextjs.org/docs/app/api-reference/directives/use-client
  4 | import { MapPin, Search } from "lucide-react";
  5 | import Link from "next/link";
> 6 | import { useMemo, useState } from "react";
    |                ^^^^^^^^
  7 |
  8 | const categories = [
  9 |   ["Biệt thự", "#biet-thu"],

Ecmascript file had an error @ http://localhost:3100/_next/static/chunks/node_modules_next_dist_1gdrd03._.js:1945
[  452683ms] [ERROR] ./src/app/du-an/page.tsx:6:16
You're importing a module that depends on `useState` into a React Server Component module. This API is only available in Client Components. To fix, mark the file (or its parent) with the `"use client"` directive.
    Learn more: https://nextjs.org/docs/app/api-reference/directives/use-client
  4 | import { MapPin, Search } from "lucide-react";
  5 | import Link from "next/link";
> 6 | import { useMemo, useState } from "react";
    |                ^^^^^^^^
  7 |
  8 | const categories = [
  9 |   ["Biệt thự", "#biet-thu"],

Ecmascript file had an error @ http://localhost:3100/_next/static/chunks/node_modules_next_dist_1gdrd03._.js:1945
[  452746ms] [ERROR] ./src/app/du-an/page.tsx:6:16
You're importing a module that depends on `useState` into a React Server Component module. This API is only available in Client Components. To fix, mark the file (or its parent) with the `"use client"` directive.
    Learn more: https://nextjs.org/docs/app/api-reference/directives/use-client
  4 | import { MapPin, Search } from "lucide-react";
  5 | import Link from "next/link";
> 6 | import { useMemo, useState } from "react";
    |                ^^^^^^^^
  7 |
  8 | const categories = [
  9 |   ["Biệt thự", "#biet-thu"],

Ecmascript file had an error @ http://localhost:3100/_next/static/chunks/node_modules_next_dist_1gdrd03._.js:1945
[  452808ms] [ERROR] ./src/app/du-an/page.tsx:6:16
You're importing a module that depends on `useState` into a React Server Component module. This API is only available in Client Components. To fix, mark the file (or its parent) with the `"use client"` directive.
    Learn more: https://nextjs.org/docs/app/api-reference/directives/use-client
  4 | import { MapPin, Search } from "lucide-react";
  5 | import Link from "next/link";
> 6 | import { useMemo, useState } from "react";
    |                ^^^^^^^^
  7 |
  8 | const categories = [
  9 |   ["Biệt thự", "#biet-thu"],

Ecmascript file had an error @ http://localhost:3100/_next/static/chunks/node_modules_next_dist_1gdrd03._.js:1945
[  452872ms] [ERROR] ./src/app/du-an/page.tsx:6:16
You're importing a module that depends on `useState` into a React Server Component module. This API is only available in Client Components. To fix, mark the file (or its parent) with the `"use client"` directive.
    Learn more: https://nextjs.org/docs/app/api-reference/directives/use-client
  4 | import { MapPin, Search } from "lucide-react";
  5 | import Link from "next/link";
> 6 | import { useMemo, useState } from "react";
    |                ^^^^^^^^
  7 |
  8 | const categories = [
  9 |   ["Biệt thự", "#biet-thu"],

Ecmascript file had an error @ http://localhost:3100/_next/static/chunks/node_modules_next_dist_1gdrd03._.js:1945
[  452936ms] [ERROR] ./src/app/du-an/page.tsx:6:16
You're importing a module that depends on `useState` into a React Server Component module. This API is only available in Client Components. To fix, mark the file (or its parent) with the `"use client"` directive.
    Learn more: https://nextjs.org/docs/app/api-reference/directives/use-client
  4 | import { MapPin, Search } from "lucide-react";
  5 | import Link from "next/link";
> 6 | import { useMemo, useState } from "react";
    |                ^^^^^^^^
  7 |
  8 | const categories = [
  9 |   ["Biệt thự", "#biet-thu"],

Ecmascript file had an error @ http://localhost:3100/_next/static/chunks/node_modules_next_dist_1gdrd03._.js:1945
[  452998ms] [ERROR] ./src/app/du-an/page.tsx:6:16
You're importing a module that depends on `useState` into a React Server Component module. This API is only available in Client Components. To fix, mark the file (or its parent) with the `"use client"` directive.
    Learn more: https://nextjs.org/docs/app/api-reference/directives/use-client
  4 | import { MapPin, Search } from "lucide-react";
  5 | import Link from "next/link";
> 6 | import { useMemo, useState } from "react";
    |                ^^^^^^^^
  7 |
  8 | const categories = [
  9 |   ["Biệt thự", "#biet-thu"],

Ecmascript file had an error @ http://localhost:3100/_next/static/chunks/node_modules_next_dist_1gdrd03._.js:1945
[  453061ms] [ERROR] ./src/app/du-an/page.tsx:6:16
You're importing a module that depends on `useState` into a React Server Component module. This API is only available in Client Components. To fix, mark the file (or its parent) with the `"use client"` directive.
    Learn more: https://nextjs.org/docs/app/api-reference/directives/use-client
  4 | import { MapPin, Search } from "lucide-react";
  5 | import Link from "next/link";
> 6 | import { useMemo, useState } from "react";
    |                ^^^^^^^^
  7 |
  8 | const categories = [
  9 |   ["Biệt thự", "#biet-thu"],

Ecmascript file had an error @ http://localhost:3100/_next/static/chunks/node_modules_next_dist_1gdrd03._.js:1945
[  453125ms] [ERROR] ./src/app/du-an/page.tsx:6:16
You're importing a module that depends on `useState` into a React Server Component module. This API is only available in Client Components. To fix, mark the file (or its parent) with the `"use client"` directive.
    Learn more: https://nextjs.org/docs/app/api-reference/directives/use-client
  4 | import { MapPin, Search } from "lucide-react";
  5 | import Link from "next/link";
> 6 | import { useMemo, useState } from "react";
    |                ^^^^^^^^
  7 |
  8 | const categories = [
  9 |   ["Biệt thự", "#biet-thu"],

Ecmascript file had an error @ http://localhost:3100/_next/static/chunks/node_modules_next_dist_1gdrd03._.js:1945
[  453187ms] [ERROR] ./src/app/du-an/page.tsx:6:16
You're importing a module that depends on `useState` into a React Server Component module. This API is only available in Client Components. To fix, mark the file (or its parent) with the `"use client"` directive.
    Learn more: https://nextjs.org/docs/app/api-reference/directives/use-client
  4 | import { MapPin, Search } from "lucide-react";
  5 | import Link from "next/link";
> 6 | import { useMemo, useState } from "react";
    |                ^^^^^^^^
  7 |
  8 | const categories = [
  9 |   ["Biệt thự", "#biet-thu"],

Ecmascript file had an error @ http://localhost:3100/_next/static/chunks/node_modules_next_dist_1gdrd03._.js:1945
[  453249ms] [ERROR] ./src/app/du-an/page.tsx:6:16
You're importing a module that depends on `useState` into a React Server Component module. This API is only available in Client Components. To fix, mark the file (or its parent) with the `"use client"` directive.
    Learn more: https://nextjs.org/docs/app/api-reference/directives/use-client
  4 | import { MapPin, Search } from "lucide-react";
  5 | import Link from "next/link";
> 6 | import { useMemo, useState } from "react";
    |                ^^^^^^^^
  7 |
  8 | const categories = [
  9 |   ["Biệt thự", "#biet-thu"],

Ecmascript file had an error @ http://localhost:3100/_next/static/chunks/node_modules_next_dist_1gdrd03._.js:1945
[  453309ms] [ERROR] ./src/app/du-an/page.tsx:6:16
You're importing a module that depends on `useState` into a React Server Component module. This API is only available in Client Components. To fix, mark the file (or its parent) with the `"use client"` directive.
    Learn more: https://nextjs.org/docs/app/api-reference/directives/use-client
  4 | import { MapPin, Search } from "lucide-react";
  5 | import Link from "next/link";
> 6 | import { useMemo, useState } from "react";
    |                ^^^^^^^^
  7 |
  8 | const categories = [
  9 |   ["Biệt thự", "#biet-thu"],

Ecmascript file had an error @ http://localhost:3100/_next/static/chunks/node_modules_next_dist_1gdrd03._.js:1945
[  453372ms] [ERROR] ./src/app/du-an/page.tsx:6:16
You're importing a module that depends on `useState` into a React Server Component module. This API is only available in Client Components. To fix, mark the file (or its parent) with the `"use client"` directive.
    Learn more: https://nextjs.org/docs/app/api-reference/directives/use-client
  4 | import { MapPin, Search } from "lucide-react";
  5 | import Link from "next/link";
> 6 | import { useMemo, useState } from "react";
    |                ^^^^^^^^
  7 |
  8 | const categories = [
  9 |   ["Biệt thự", "#biet-thu"],

Ecmascript file had an error @ http://localhost:3100/_next/static/chunks/node_modules_next_dist_1gdrd03._.js:1945
[  453435ms] [ERROR] ./src/app/du-an/page.tsx:6:16
You're importing a module that depends on `useState` into a React Server Component module. This API is only available in Client Components. To fix, mark the file (or its parent) with the `"use client"` directive.
    Learn more: https://nextjs.org/docs/app/api-reference/directives/use-client
  4 | import { MapPin, Search } from "lucide-react";
  5 | import Link from "next/link";
> 6 | import { useMemo, useState } from "react";
    |                ^^^^^^^^
  7 |
  8 | const categories = [
  9 |   ["Biệt thự", "#biet-thu"],

Ecmascript file had an error @ http://localhost:3100/_next/static/chunks/node_modules_next_dist_1gdrd03._.js:1945
[  453497ms] [ERROR] ./src/app/du-an/page.tsx:6:16
You're importing a module that depends on `useState` into a React Server Component module. This API is only available in Client Components. To fix, mark the file (or its parent) with the `"use client"` directive.
    Learn more: https://nextjs.org/docs/app/api-reference/directives/use-client
  4 | import { MapPin, Search } from "lucide-react";
  5 | import Link from "next/link";
> 6 | import { useMemo, useState } from "react";
    |                ^^^^^^^^
  7 |
  8 | const categories = [
  9 |   ["Biệt thự", "#biet-thu"],

Ecmascript file had an error @ http://localhost:3100/_next/static/chunks/node_modules_next_dist_1gdrd03._.js:1945
[  453559ms] [ERROR] ./src/app/du-an/page.tsx:6:16
You're importing a module that depends on `useState` into a React Server Component module. This API is only available in Client Components. To fix, mark the file (or its parent) with the `"use client"` directive.
    Learn more: https://nextjs.org/docs/app/api-reference/directives/use-client
  4 | import { MapPin, Search } from "lucide-react";
  5 | import Link from "next/link";
> 6 | import { useMemo, useState } from "react";
    |                ^^^^^^^^
  7 |
  8 | const categories = [
  9 |   ["Biệt thự", "#biet-thu"],

Ecmascript file had an error @ http://localhost:3100/_next/static/chunks/node_modules_next_dist_1gdrd03._.js:1945
[  453619ms] [ERROR] ./src/app/du-an/page.tsx:6:16
You're importing a module that depends on `useState` into a React Server Component module. This API is only available in Client Components. To fix, mark the file (or its parent) with the `"use client"` directive.
    Learn more: https://nextjs.org/docs/app/api-reference/directives/use-client
  4 | import { MapPin, Search } from "lucide-react";
  5 | import Link from "next/link";
> 6 | import { useMemo, useState } from "react";
    |                ^^^^^^^^
  7 |
  8 | const categories = [
  9 |   ["Biệt thự", "#biet-thu"],

Ecmascript file had an error @ http://localhost:3100/_next/static/chunks/node_modules_next_dist_1gdrd03._.js:1945
[  453682ms] [ERROR] ./src/app/du-an/page.tsx:6:16
You're importing a module that depends on `useState` into a React Server Component module. This API is only available in Client Components. To fix, mark the file (or its parent) with the `"use client"` directive.
    Learn more: https://nextjs.org/docs/app/api-reference/directives/use-client
  4 | import { MapPin, Search } from "lucide-react";
  5 | import Link from "next/link";
> 6 | import { useMemo, useState } from "react";
    |                ^^^^^^^^
  7 |
  8 | const categories = [
  9 |   ["Biệt thự", "#biet-thu"],

Ecmascript file had an error @ http://localhost:3100/_next/static/chunks/node_modules_next_dist_1gdrd03._.js:1945
[  453745ms] [ERROR] ./src/app/du-an/page.tsx:6:16
You're importing a module that depends on `useState` into a React Server Component module. This API is only available in Client Components. To fix, mark the file (or its parent) with the `"use client"` directive.
    Learn more: https://nextjs.org/docs/app/api-reference/directives/use-client
  4 | import { MapPin, Search } from "lucide-react";
  5 | import Link from "next/link";
> 6 | import { useMemo, useState } from "react";
    |                ^^^^^^^^
  7 |
  8 | const categories = [
  9 |   ["Biệt thự", "#biet-thu"],

Ecmascript file had an error @ http://localhost:3100/_next/static/chunks/node_modules_next_dist_1gdrd03._.js:1945
[  453808ms] [ERROR] ./src/app/du-an/page.tsx:6:16
You're importing a module that depends on `useState` into a React Server Component module. This API is only available in Client Components. To fix, mark the file (or its parent) with the `"use client"` directive.
    Learn more: https://nextjs.org/docs/app/api-reference/directives/use-client
  4 | import { MapPin, Search } from "lucide-react";
  5 | import Link from "next/link";
> 6 | import { useMemo, useState } from "react";
    |                ^^^^^^^^
  7 |
  8 | const categories = [
  9 |   ["Biệt thự", "#biet-thu"],

Ecmascript file had an error @ http://localhost:3100/_next/static/chunks/node_modules_next_dist_1gdrd03._.js:1945
[  453872ms] [ERROR] ./src/app/du-an/page.tsx:6:16
You're importing a module that depends on `useState` into a React Server Component module. This API is only available in Client Components. To fix, mark the file (or its parent) with the `"use client"` directive.
    Learn more: https://nextjs.org/docs/app/api-reference/directives/use-client
  4 | import { MapPin, Search } from "lucide-react";
  5 | import Link from "next/link";
> 6 | import { useMemo, useState } from "react";
    |                ^^^^^^^^
  7 |
  8 | const categories = [
  9 |   ["Biệt thự", "#biet-thu"],

Ecmascript file had an error @ http://localhost:3100/_next/static/chunks/node_modules_next_dist_1gdrd03._.js:1945
[  453936ms] [ERROR] ./src/app/du-an/page.tsx:6:16
You're importing a module that depends on `useState` into a React Server Component module. This API is only available in Client Components. To fix, mark the file (or its parent) with the `"use client"` directive.
    Learn more: https://nextjs.org/docs/app/api-reference/directives/use-client
  4 | import { MapPin, Search } from "lucide-react";
  5 | import Link from "next/link";
> 6 | import { useMemo, useState } from "react";
    |                ^^^^^^^^
  7 |
  8 | const categories = [
  9 |   ["Biệt thự", "#biet-thu"],

Ecmascript file had an error @ http://localhost:3100/_next/static/chunks/node_modules_next_dist_1gdrd03._.js:1945
[  453999ms] [ERROR] ./src/app/du-an/page.tsx:6:16
You're importing a module that depends on `useState` into a React Server Component module. This API is only available in Client Components. To fix, mark the file (or its parent) with the `"use client"` directive.
    Learn more: https://nextjs.org/docs/app/api-reference/directives/use-client
  4 | import { MapPin, Search } from "lucide-react";
  5 | import Link from "next/link";
> 6 | import { useMemo, useState } from "react";
    |                ^^^^^^^^
  7 |
  8 | const categories = [
  9 |   ["Biệt thự", "#biet-thu"],

Ecmascript file had an error @ http://localhost:3100/_next/static/chunks/node_modules_next_dist_1gdrd03._.js:1945
[  454063ms] [ERROR] ./src/app/du-an/page.tsx:6:16
You're importing a module that depends on `useState` into a React Server Component module. This API is only available in Client Components. To fix, mark the file (or its parent) with the `"use client"` directive.
    Learn more: https://nextjs.org/docs/app/api-reference/directives/use-client
  4 | import { MapPin, Search } from "lucide-react";
  5 | import Link from "next/link";
> 6 | import { useMemo, useState } from "react";
    |                ^^^^^^^^
  7 |
  8 | const categories = [
  9 |   ["Biệt thự", "#biet-thu"],

Ecmascript file had an error @ http://localhost:3100/_next/static/chunks/node_modules_next_dist_1gdrd03._.js:1945
[  454125ms] [ERROR] ./src/app/du-an/page.tsx:6:16
You're importing a module that depends on `useState` into a React Server Component module. This API is only available in Client Components. To fix, mark the file (or its parent) with the `"use client"` directive.
    Learn more: https://nextjs.org/docs/app/api-reference/directives/use-client
  4 | import { MapPin, Search } from "lucide-react";
  5 | import Link from "next/link";
> 6 | import { useMemo, useState } from "react";
    |                ^^^^^^^^
  7 |
  8 | const categories = [
  9 |   ["Biệt thự", "#biet-thu"],

Ecmascript file had an error @ http://localhost:3100/_next/static/chunks/node_modules_next_dist_1gdrd03._.js:1945
[  454188ms] [ERROR] ./src/app/du-an/page.tsx:6:16
You're importing a module that depends on `useState` into a React Server Component module. This API is only available in Client Components. To fix, mark the file (or its parent) with the `"use client"` directive.
    Learn more: https://nextjs.org/docs/app/api-reference/directives/use-client
  4 | import { MapPin, Search } from "lucide-react";
  5 | import Link from "next/link";
> 6 | import { useMemo, useState } from "react";
    |                ^^^^^^^^
  7 |
  8 | const categories = [
  9 |   ["Biệt thự", "#biet-thu"],

Ecmascript file had an error @ http://localhost:3100/_next/static/chunks/node_modules_next_dist_1gdrd03._.js:1945
[  454249ms] [ERROR] ./src/app/du-an/page.tsx:6:16
You're importing a module that depends on `useState` into a React Server Component module. This API is only available in Client Components. To fix, mark the file (or its parent) with the `"use client"` directive.
    Learn more: https://nextjs.org/docs/app/api-reference/directives/use-client
  4 | import { MapPin, Search } from "lucide-react";
  5 | import Link from "next/link";
> 6 | import { useMemo, useState } from "react";
    |                ^^^^^^^^
  7 |
  8 | const categories = [
  9 |   ["Biệt thự", "#biet-thu"],

Ecmascript file had an error @ http://localhost:3100/_next/static/chunks/node_modules_next_dist_1gdrd03._.js:1945
[  454313ms] [ERROR] ./src/app/du-an/page.tsx:6:16
You're importing a module that depends on `useState` into a React Server Component module. This API is only available in Client Components. To fix, mark the file (or its parent) with the `"use client"` directive.
    Learn more: https://nextjs.org/docs/app/api-reference/directives/use-client
  4 | import { MapPin, Search } from "lucide-react";
  5 | import Link from "next/link";
> 6 | import { useMemo, useState } from "react";
    |                ^^^^^^^^
  7 |
  8 | const categories = [
  9 |   ["Biệt thự", "#biet-thu"],

Ecmascript file had an error @ http://localhost:3100/_next/static/chunks/node_modules_next_dist_1gdrd03._.js:1945
[  454373ms] [ERROR] ./src/app/du-an/page.tsx:6:16
You're importing a module that depends on `useState` into a React Server Component module. This API is only available in Client Components. To fix, mark the file (or its parent) with the `"use client"` directive.
    Learn more: https://nextjs.org/docs/app/api-reference/directives/use-client
  4 | import { MapPin, Search } from "lucide-react";
  5 | import Link from "next/link";
> 6 | import { useMemo, useState } from "react";
    |                ^^^^^^^^
  7 |
  8 | const categories = [
  9 |   ["Biệt thự", "#biet-thu"],

Ecmascript file had an error @ http://localhost:3100/_next/static/chunks/node_modules_next_dist_1gdrd03._.js:1945
[  454437ms] [ERROR] ./src/app/du-an/page.tsx:6:16
You're importing a module that depends on `useState` into a React Server Component module. This API is only available in Client Components. To fix, mark the file (or its parent) with the `"use client"` directive.
    Learn more: https://nextjs.org/docs/app/api-reference/directives/use-client
  4 | import { MapPin, Search } from "lucide-react";
  5 | import Link from "next/link";
> 6 | import { useMemo, useState } from "react";
    |                ^^^^^^^^
  7 |
  8 | const categories = [
  9 |   ["Biệt thự", "#biet-thu"],

Ecmascript file had an error @ http://localhost:3100/_next/static/chunks/node_modules_next_dist_1gdrd03._.js:1945
[  454499ms] [ERROR] ./src/app/du-an/page.tsx:6:16
You're importing a module that depends on `useState` into a React Server Component module. This API is only available in Client Components. To fix, mark the file (or its parent) with the `"use client"` directive.
    Learn more: https://nextjs.org/docs/app/api-reference/directives/use-client
  4 | import { MapPin, Search } from "lucide-react";
  5 | import Link from "next/link";
> 6 | import { useMemo, useState } from "react";
    |                ^^^^^^^^
  7 |
  8 | const categories = [
  9 |   ["Biệt thự", "#biet-thu"],

Ecmascript file had an error @ http://localhost:3100/_next/static/chunks/node_modules_next_dist_1gdrd03._.js:1945
[  454557ms] [ERROR] ./src/app/du-an/page.tsx:6:16
You're importing a module that depends on `useState` into a React Server Component module. This API is only available in Client Components. To fix, mark the file (or its parent) with the `"use client"` directive.
    Learn more: https://nextjs.org/docs/app/api-reference/directives/use-client
  4 | import { MapPin, Search } from "lucide-react";
  5 | import Link from "next/link";
> 6 | import { useMemo, useState } from "react";
    |                ^^^^^^^^
  7 |
  8 | const categories = [
  9 |   ["Biệt thự", "#biet-thu"],

Ecmascript file had an error @ http://localhost:3100/_next/static/chunks/node_modules_next_dist_1gdrd03._.js:1945
[  454619ms] [ERROR] ./src/app/du-an/page.tsx:6:16
You're importing a module that depends on `useState` into a React Server Component module. This API is only available in Client Components. To fix, mark the file (or its parent) with the `"use client"` directive.
    Learn more: https://nextjs.org/docs/app/api-reference/directives/use-client
  4 | import { MapPin, Search } from "lucide-react";
  5 | import Link from "next/link";
> 6 | import { useMemo, useState } from "react";
    |                ^^^^^^^^
  7 |
  8 | const categories = [
  9 |   ["Biệt thự", "#biet-thu"],

Ecmascript file had an error @ http://localhost:3100/_next/static/chunks/node_modules_next_dist_1gdrd03._.js:1945
[  454681ms] [ERROR] ./src/app/du-an/page.tsx:6:16
You're importing a module that depends on `useState` into a React Server Component module. This API is only available in Client Components. To fix, mark the file (or its parent) with the `"use client"` directive.
    Learn more: https://nextjs.org/docs/app/api-reference/directives/use-client
  4 | import { MapPin, Search } from "lucide-react";
  5 | import Link from "next/link";
> 6 | import { useMemo, useState } from "react";
    |                ^^^^^^^^
  7 |
  8 | const categories = [
  9 |   ["Biệt thự", "#biet-thu"],

Ecmascript file had an error @ http://localhost:3100/_next/static/chunks/node_modules_next_dist_1gdrd03._.js:1945
[  454747ms] [ERROR] ./src/app/du-an/page.tsx:6:16
You're importing a module that depends on `useState` into a React Server Component module. This API is only available in Client Components. To fix, mark the file (or its parent) with the `"use client"` directive.
    Learn more: https://nextjs.org/docs/app/api-reference/directives/use-client
  4 | import { MapPin, Search } from "lucide-react";
  5 | import Link from "next/link";
> 6 | import { useMemo, useState } from "react";
    |                ^^^^^^^^
  7 |
  8 | const categories = [
  9 |   ["Biệt thự", "#biet-thu"],

Ecmascript file had an error @ http://localhost:3100/_next/static/chunks/node_modules_next_dist_1gdrd03._.js:1945
[  454806ms] [ERROR] ./src/app/du-an/page.tsx:6:16
You're importing a module that depends on `useState` into a React Server Component module. This API is only available in Client Components. To fix, mark the file (or its parent) with the `"use client"` directive.
    Learn more: https://nextjs.org/docs/app/api-reference/directives/use-client
  4 | import { MapPin, Search } from "lucide-react";
  5 | import Link from "next/link";
> 6 | import { useMemo, useState } from "react";
    |                ^^^^^^^^
  7 |
  8 | const categories = [
  9 |   ["Biệt thự", "#biet-thu"],

Ecmascript file had an error @ http://localhost:3100/_next/static/chunks/node_modules_next_dist_1gdrd03._.js:1945
[  454871ms] [ERROR] ./src/app/du-an/page.tsx:6:16
You're importing a module that depends on `useState` into a React Server Component module. This API is only available in Client Components. To fix, mark the file (or its parent) with the `"use client"` directive.
    Learn more: https://nextjs.org/docs/app/api-reference/directives/use-client
  4 | import { MapPin, Search } from "lucide-react";
  5 | import Link from "next/link";
> 6 | import { useMemo, useState } from "react";
    |                ^^^^^^^^
  7 |
  8 | const categories = [
  9 |   ["Biệt thự", "#biet-thu"],

Ecmascript file had an error @ http://localhost:3100/_next/static/chunks/node_modules_next_dist_1gdrd03._.js:1945
[  454932ms] [ERROR] ./src/app/du-an/page.tsx:6:16
You're importing a module that depends on `useState` into a React Server Component module. This API is only available in Client Components. To fix, mark the file (or its parent) with the `"use client"` directive.
    Learn more: https://nextjs.org/docs/app/api-reference/directives/use-client
  4 | import { MapPin, Search } from "lucide-react";
  5 | import Link from "next/link";
> 6 | import { useMemo, useState } from "react";
    |                ^^^^^^^^
  7 |
  8 | const categories = [
  9 |   ["Biệt thự", "#biet-thu"],

Ecmascript file had an error @ http://localhost:3100/_next/static/chunks/node_modules_next_dist_1gdrd03._.js:1945
[  454996ms] [ERROR] ./src/app/du-an/page.tsx:6:16
You're importing a module that depends on `useState` into a React Server Component module. This API is only available in Client Components. To fix, mark the file (or its parent) with the `"use client"` directive.
    Learn more: https://nextjs.org/docs/app/api-reference/directives/use-client
  4 | import { MapPin, Search } from "lucide-react";
  5 | import Link from "next/link";
> 6 | import { useMemo, useState } from "react";
    |                ^^^^^^^^
  7 |
  8 | const categories = [
  9 |   ["Biệt thự", "#biet-thu"],

Ecmascript file had an error @ http://localhost:3100/_next/static/chunks/node_modules_next_dist_1gdrd03._.js:1945
[  455059ms] [ERROR] ./src/app/du-an/page.tsx:6:16
You're importing a module that depends on `useState` into a React Server Component module. This API is only available in Client Components. To fix, mark the file (or its parent) with the `"use client"` directive.
    Learn more: https://nextjs.org/docs/app/api-reference/directives/use-client
  4 | import { MapPin, Search } from "lucide-react";
  5 | import Link from "next/link";
> 6 | import { useMemo, useState } from "react";
    |                ^^^^^^^^
  7 |
  8 | const categories = [
  9 |   ["Biệt thự", "#biet-thu"],

Ecmascript file had an error @ http://localhost:3100/_next/static/chunks/node_modules_next_dist_1gdrd03._.js:1945
[  455122ms] [ERROR] ./src/app/du-an/page.tsx:6:16
You're importing a module that depends on `useState` into a React Server Component module. This API is only available in Client Components. To fix, mark the file (or its parent) with the `"use client"` directive.
    Learn more: https://nextjs.org/docs/app/api-reference/directives/use-client
  4 | import { MapPin, Search } from "lucide-react";
  5 | import Link from "next/link";
> 6 | import { useMemo, useState } from "react";
    |                ^^^^^^^^
  7 |
  8 | const categories = [
  9 |   ["Biệt thự", "#biet-thu"],

Ecmascript file had an error @ http://localhost:3100/_next/static/chunks/node_modules_next_dist_1gdrd03._.js:1945
[  455184ms] [ERROR] ./src/app/du-an/page.tsx:6:16
You're importing a module that depends on `useState` into a React Server Component module. This API is only available in Client Components. To fix, mark the file (or its parent) with the `"use client"` directive.
    Learn more: https://nextjs.org/docs/app/api-reference/directives/use-client
  4 | import { MapPin, Search } from "lucide-react";
  5 | import Link from "next/link";
> 6 | import { useMemo, useState } from "react";
    |                ^^^^^^^^
  7 |
  8 | const categories = [
  9 |   ["Biệt thự", "#biet-thu"],

Ecmascript file had an error @ http://localhost:3100/_next/static/chunks/node_modules_next_dist_1gdrd03._.js:1945
[  455247ms] [ERROR] ./src/app/du-an/page.tsx:6:16
You're importing a module that depends on `useState` into a React Server Component module. This API is only available in Client Components. To fix, mark the file (or its parent) with the `"use client"` directive.
    Learn more: https://nextjs.org/docs/app/api-reference/directives/use-client
  4 | import { MapPin, Search } from "lucide-react";
  5 | import Link from "next/link";
> 6 | import { useMemo, useState } from "react";
    |                ^^^^^^^^
  7 |
  8 | const categories = [
  9 |   ["Biệt thự", "#biet-thu"],

Ecmascript file had an error @ http://localhost:3100/_next/static/chunks/node_modules_next_dist_1gdrd03._.js:1945
[  455311ms] [ERROR] ./src/app/du-an/page.tsx:6:16
You're importing a module that depends on `useState` into a React Server Component module. This API is only available in Client Components. To fix, mark the file (or its parent) with the `"use client"` directive.
    Learn more: https://nextjs.org/docs/app/api-reference/directives/use-client
  4 | import { MapPin, Search } from "lucide-react";
  5 | import Link from "next/link";
> 6 | import { useMemo, useState } from "react";
    |                ^^^^^^^^
  7 |
  8 | const categories = [
  9 |   ["Biệt thự", "#biet-thu"],

Ecmascript file had an error @ http://localhost:3100/_next/static/chunks/node_modules_next_dist_1gdrd03._.js:1945
[  455375ms] [ERROR] ./src/app/du-an/page.tsx:6:16
You're importing a module that depends on `useState` into a React Server Component module. This API is only available in Client Components. To fix, mark the file (or its parent) with the `"use client"` directive.
    Learn more: https://nextjs.org/docs/app/api-reference/directives/use-client
  4 | import { MapPin, Search } from "lucide-react";
  5 | import Link from "next/link";
> 6 | import { useMemo, useState } from "react";
    |                ^^^^^^^^
  7 |
  8 | const categories = [
  9 |   ["Biệt thự", "#biet-thu"],

Ecmascript file had an error @ http://localhost:3100/_next/static/chunks/node_modules_next_dist_1gdrd03._.js:1945
[  455437ms] [ERROR] ./src/app/du-an/page.tsx:6:16
You're importing a module that depends on `useState` into a React Server Component module. This API is only available in Client Components. To fix, mark the file (or its parent) with the `"use client"` directive.
    Learn more: https://nextjs.org/docs/app/api-reference/directives/use-client
  4 | import { MapPin, Search } from "lucide-react";
  5 | import Link from "next/link";
> 6 | import { useMemo, useState } from "react";
    |                ^^^^^^^^
  7 |
  8 | const categories = [
  9 |   ["Biệt thự", "#biet-thu"],

Ecmascript file had an error @ http://localhost:3100/_next/static/chunks/node_modules_next_dist_1gdrd03._.js:1945
[  455500ms] [ERROR] ./src/app/du-an/page.tsx:6:16
You're importing a module that depends on `useState` into a React Server Component module. This API is only available in Client Components. To fix, mark the file (or its parent) with the `"use client"` directive.
    Learn more: https://nextjs.org/docs/app/api-reference/directives/use-client
  4 | import { MapPin, Search } from "lucide-react";
  5 | import Link from "next/link";
> 6 | import { useMemo, useState } from "react";
    |                ^^^^^^^^
  7 |
  8 | const categories = [
  9 |   ["Biệt thự", "#biet-thu"],

Ecmascript file had an error @ http://localhost:3100/_next/static/chunks/node_modules_next_dist_1gdrd03._.js:1945
[  455562ms] [ERROR] ./src/app/du-an/page.tsx:6:16
You're importing a module that depends on `useState` into a React Server Component module. This API is only available in Client Components. To fix, mark the file (or its parent) with the `"use client"` directive.
    Learn more: https://nextjs.org/docs/app/api-reference/directives/use-client
  4 | import { MapPin, Search } from "lucide-react";
  5 | import Link from "next/link";
> 6 | import { useMemo, useState } from "react";
    |                ^^^^^^^^
  7 |
  8 | const categories = [
  9 |   ["Biệt thự", "#biet-thu"],

Ecmascript file had an error @ http://localhost:3100/_next/static/chunks/node_modules_next_dist_1gdrd03._.js:1945
[  455624ms] [ERROR] ./src/app/du-an/page.tsx:6:16
You're importing a module that depends on `useState` into a React Server Component module. This API is only available in Client Components. To fix, mark the file (or its parent) with the `"use client"` directive.
    Learn more: https://nextjs.org/docs/app/api-reference/directives/use-client
  4 | import { MapPin, Search } from "lucide-react";
  5 | import Link from "next/link";
> 6 | import { useMemo, useState } from "react";
    |                ^^^^^^^^
  7 |
  8 | const categories = [
  9 |   ["Biệt thự", "#biet-thu"],

Ecmascript file had an error @ http://localhost:3100/_next/static/chunks/node_modules_next_dist_1gdrd03._.js:1945
[  455688ms] [ERROR] ./src/app/du-an/page.tsx:6:16
You're importing a module that depends on `useState` into a React Server Component module. This API is only available in Client Components. To fix, mark the file (or its parent) with the `"use client"` directive.
    Learn more: https://nextjs.org/docs/app/api-reference/directives/use-client
  4 | import { MapPin, Search } from "lucide-react";
  5 | import Link from "next/link";
> 6 | import { useMemo, useState } from "react";
    |                ^^^^^^^^
  7 |
  8 | const categories = [
  9 |   ["Biệt thự", "#biet-thu"],

Ecmascript file had an error @ http://localhost:3100/_next/static/chunks/node_modules_next_dist_1gdrd03._.js:1945
[  455751ms] [ERROR] ./src/app/du-an/page.tsx:6:16
You're importing a module that depends on `useState` into a React Server Component module. This API is only available in Client Components. To fix, mark the file (or its parent) with the `"use client"` directive.
    Learn more: https://nextjs.org/docs/app/api-reference/directives/use-client
  4 | import { MapPin, Search } from "lucide-react";
  5 | import Link from "next/link";
> 6 | import { useMemo, useState } from "react";
    |                ^^^^^^^^
  7 |
  8 | const categories = [
  9 |   ["Biệt thự", "#biet-thu"],

Ecmascript file had an error @ http://localhost:3100/_next/static/chunks/node_modules_next_dist_1gdrd03._.js:1945
[  455813ms] [ERROR] ./src/app/du-an/page.tsx:6:16
You're importing a module that depends on `useState` into a React Server Component module. This API is only available in Client Components. To fix, mark the file (or its parent) with the `"use client"` directive.
    Learn more: https://nextjs.org/docs/app/api-reference/directives/use-client
  4 | import { MapPin, Search } from "lucide-react";
  5 | import Link from "next/link";
> 6 | import { useMemo, useState } from "react";
    |                ^^^^^^^^
  7 |
  8 | const categories = [
  9 |   ["Biệt thự", "#biet-thu"],

Ecmascript file had an error @ http://localhost:3100/_next/static/chunks/node_modules_next_dist_1gdrd03._.js:1945
[  455876ms] [ERROR] ./src/app/du-an/page.tsx:6:16
You're importing a module that depends on `useState` into a React Server Component module. This API is only available in Client Components. To fix, mark the file (or its parent) with the `"use client"` directive.
    Learn more: https://nextjs.org/docs/app/api-reference/directives/use-client
  4 | import { MapPin, Search } from "lucide-react";
  5 | import Link from "next/link";
> 6 | import { useMemo, useState } from "react";
    |                ^^^^^^^^
  7 |
  8 | const categories = [
  9 |   ["Biệt thự", "#biet-thu"],

Ecmascript file had an error @ http://localhost:3100/_next/static/chunks/node_modules_next_dist_1gdrd03._.js:1945
[  455938ms] [ERROR] ./src/app/du-an/page.tsx:6:16
You're importing a module that depends on `useState` into a React Server Component module. This API is only available in Client Components. To fix, mark the file (or its parent) with the `"use client"` directive.
    Learn more: https://nextjs.org/docs/app/api-reference/directives/use-client
  4 | import { MapPin, Search } from "lucide-react";
  5 | import Link from "next/link";
> 6 | import { useMemo, useState } from "react";
    |                ^^^^^^^^
  7 |
  8 | const categories = [
  9 |   ["Biệt thự", "#biet-thu"],

Ecmascript file had an error @ http://localhost:3100/_next/static/chunks/node_modules_next_dist_1gdrd03._.js:1945
[  456001ms] [ERROR] ./src/app/du-an/page.tsx:6:16
You're importing a module that depends on `useState` into a React Server Component module. This API is only available in Client Components. To fix, mark the file (or its parent) with the `"use client"` directive.
    Learn more: https://nextjs.org/docs/app/api-reference/directives/use-client
  4 | import { MapPin, Search } from "lucide-react";
  5 | import Link from "next/link";
> 6 | import { useMemo, useState } from "react";
    |                ^^^^^^^^
  7 |
  8 | const categories = [
  9 |   ["Biệt thự", "#biet-thu"],

Ecmascript file had an error @ http://localhost:3100/_next/static/chunks/node_modules_next_dist_1gdrd03._.js:1945
[  456063ms] [ERROR] ./src/app/du-an/page.tsx:6:16
You're importing a module that depends on `useState` into a React Server Component module. This API is only available in Client Components. To fix, mark the file (or its parent) with the `"use client"` directive.
    Learn more: https://nextjs.org/docs/app/api-reference/directives/use-client
  4 | import { MapPin, Search } from "lucide-react";
  5 | import Link from "next/link";
> 6 | import { useMemo, useState } from "react";
    |                ^^^^^^^^
  7 |
  8 | const categories = [
  9 |   ["Biệt thự", "#biet-thu"],

Ecmascript file had an error @ http://localhost:3100/_next/static/chunks/node_modules_next_dist_1gdrd03._.js:1945
[  456127ms] [ERROR] ./src/app/du-an/page.tsx:6:16
You're importing a module that depends on `useState` into a React Server Component module. This API is only available in Client Components. To fix, mark the file (or its parent) with the `"use client"` directive.
    Learn more: https://nextjs.org/docs/app/api-reference/directives/use-client
  4 | import { MapPin, Search } from "lucide-react";
  5 | import Link from "next/link";
> 6 | import { useMemo, useState } from "react";
    |                ^^^^^^^^
  7 |
  8 | const categories = [
  9 |   ["Biệt thự", "#biet-thu"],

Ecmascript file had an error @ http://localhost:3100/_next/static/chunks/node_modules_next_dist_1gdrd03._.js:1945
[  456190ms] [ERROR] ./src/app/du-an/page.tsx:6:16
You're importing a module that depends on `useState` into a React Server Component module. This API is only available in Client Components. To fix, mark the file (or its parent) with the `"use client"` directive.
    Learn more: https://nextjs.org/docs/app/api-reference/directives/use-client
  4 | import { MapPin, Search } from "lucide-react";
  5 | import Link from "next/link";
> 6 | import { useMemo, useState } from "react";
    |                ^^^^^^^^
  7 |
  8 | const categories = [
  9 |   ["Biệt thự", "#biet-thu"],

Ecmascript file had an error @ http://localhost:3100/_next/static/chunks/node_modules_next_dist_1gdrd03._.js:1945
[  456254ms] [ERROR] ./src/app/du-an/page.tsx:6:16
You're importing a module that depends on `useState` into a React Server Component module. This API is only available in Client Components. To fix, mark the file (or its parent) with the `"use client"` directive.
    Learn more: https://nextjs.org/docs/app/api-reference/directives/use-client
  4 | import { MapPin, Search } from "lucide-react";
  5 | import Link from "next/link";
> 6 | import { useMemo, useState } from "react";
    |                ^^^^^^^^
  7 |
  8 | const categories = [
  9 |   ["Biệt thự", "#biet-thu"],

Ecmascript file had an error @ http://localhost:3100/_next/static/chunks/node_modules_next_dist_1gdrd03._.js:1945
[  456315ms] [ERROR] ./src/app/du-an/page.tsx:6:16
You're importing a module that depends on `useState` into a React Server Component module. This API is only available in Client Components. To fix, mark the file (or its parent) with the `"use client"` directive.
    Learn more: https://nextjs.org/docs/app/api-reference/directives/use-client
  4 | import { MapPin, Search } from "lucide-react";
  5 | import Link from "next/link";
> 6 | import { useMemo, useState } from "react";
    |                ^^^^^^^^
  7 |
  8 | const categories = [
  9 |   ["Biệt thự", "#biet-thu"],

Ecmascript file had an error @ http://localhost:3100/_next/static/chunks/node_modules_next_dist_1gdrd03._.js:1945
[  456378ms] [ERROR] ./src/app/du-an/page.tsx:6:16
You're importing a module that depends on `useState` into a React Server Component module. This API is only available in Client Components. To fix, mark the file (or its parent) with the `"use client"` directive.
    Learn more: https://nextjs.org/docs/app/api-reference/directives/use-client
  4 | import { MapPin, Search } from "lucide-react";
  5 | import Link from "next/link";
> 6 | import { useMemo, useState } from "react";
    |                ^^^^^^^^
  7 |
  8 | const categories = [
  9 |   ["Biệt thự", "#biet-thu"],

Ecmascript file had an error @ http://localhost:3100/_next/static/chunks/node_modules_next_dist_1gdrd03._.js:1945
[  456440ms] [ERROR] ./src/app/du-an/page.tsx:6:16
You're importing a module that depends on `useState` into a React Server Component module. This API is only available in Client Components. To fix, mark the file (or its parent) with the `"use client"` directive.
    Learn more: https://nextjs.org/docs/app/api-reference/directives/use-client
  4 | import { MapPin, Search } from "lucide-react";
  5 | import Link from "next/link";
> 6 | import { useMemo, useState } from "react";
    |                ^^^^^^^^
  7 |
  8 | const categories = [
  9 |   ["Biệt thự", "#biet-thu"],

Ecmascript file had an error @ http://localhost:3100/_next/static/chunks/node_modules_next_dist_1gdrd03._.js:1945
[  456502ms] [ERROR] ./src/app/du-an/page.tsx:6:16
You're importing a module that depends on `useState` into a React Server Component module. This API is only available in Client Components. To fix, mark the file (or its parent) with the `"use client"` directive.
    Learn more: https://nextjs.org/docs/app/api-reference/directives/use-client
  4 | import { MapPin, Search } from "lucide-react";
  5 | import Link from "next/link";
> 6 | import { useMemo, useState } from "react";
    |                ^^^^^^^^
  7 |
  8 | const categories = [
  9 |   ["Biệt thự", "#biet-thu"],

Ecmascript file had an error @ http://localhost:3100/_next/static/chunks/node_modules_next_dist_1gdrd03._.js:1945
[  456563ms] [ERROR] ./src/app/du-an/page.tsx:6:16
You're importing a module that depends on `useState` into a React Server Component module. This API is only available in Client Components. To fix, mark the file (or its parent) with the `"use client"` directive.
    Learn more: https://nextjs.org/docs/app/api-reference/directives/use-client
  4 | import { MapPin, Search } from "lucide-react";
  5 | import Link from "next/link";
> 6 | import { useMemo, useState } from "react";
    |                ^^^^^^^^
  7 |
  8 | const categories = [
  9 |   ["Biệt thự", "#biet-thu"],

Ecmascript file had an error @ http://localhost:3100/_next/static/chunks/node_modules_next_dist_1gdrd03._.js:1945
[  456624ms] [ERROR] ./src/app/du-an/page.tsx:6:16
You're importing a module that depends on `useState` into a React Server Component module. This API is only available in Client Components. To fix, mark the file (or its parent) with the `"use client"` directive.
    Learn more: https://nextjs.org/docs/app/api-reference/directives/use-client
  4 | import { MapPin, Search } from "lucide-react";
  5 | import Link from "next/link";
> 6 | import { useMemo, useState } from "react";
    |                ^^^^^^^^
  7 |
  8 | const categories = [
  9 |   ["Biệt thự", "#biet-thu"],

Ecmascript file had an error @ http://localhost:3100/_next/static/chunks/node_modules_next_dist_1gdrd03._.js:1945
[  456687ms] [ERROR] ./src/app/du-an/page.tsx:6:16
You're importing a module that depends on `useState` into a React Server Component module. This API is only available in Client Components. To fix, mark the file (or its parent) with the `"use client"` directive.
    Learn more: https://nextjs.org/docs/app/api-reference/directives/use-client
  4 | import { MapPin, Search } from "lucide-react";
  5 | import Link from "next/link";
> 6 | import { useMemo, useState } from "react";
    |                ^^^^^^^^
  7 |
  8 | const categories = [
  9 |   ["Biệt thự", "#biet-thu"],

Ecmascript file had an error @ http://localhost:3100/_next/static/chunks/node_modules_next_dist_1gdrd03._.js:1945
[  456749ms] [ERROR] ./src/app/du-an/page.tsx:6:16
You're importing a module that depends on `useState` into a React Server Component module. This API is only available in Client Components. To fix, mark the file (or its parent) with the `"use client"` directive.
    Learn more: https://nextjs.org/docs/app/api-reference/directives/use-client
  4 | import { MapPin, Search } from "lucide-react";
  5 | import Link from "next/link";
> 6 | import { useMemo, useState } from "react";
    |                ^^^^^^^^
  7 |
  8 | const categories = [
  9 |   ["Biệt thự", "#biet-thu"],

Ecmascript file had an error @ http://localhost:3100/_next/static/chunks/node_modules_next_dist_1gdrd03._.js:1945
[  456811ms] [ERROR] ./src/app/du-an/page.tsx:6:16
You're importing a module that depends on `useState` into a React Server Component module. This API is only available in Client Components. To fix, mark the file (or its parent) with the `"use client"` directive.
    Learn more: https://nextjs.org/docs/app/api-reference/directives/use-client
  4 | import { MapPin, Search } from "lucide-react";
  5 | import Link from "next/link";
> 6 | import { useMemo, useState } from "react";
    |                ^^^^^^^^
  7 |
  8 | const categories = [
  9 |   ["Biệt thự", "#biet-thu"],

Ecmascript file had an error @ http://localhost:3100/_next/static/chunks/node_modules_next_dist_1gdrd03._.js:1945
[  456874ms] [ERROR] ./src/app/du-an/page.tsx:6:16
You're importing a module that depends on `useState` into a React Server Component module. This API is only available in Client Components. To fix, mark the file (or its parent) with the `"use client"` directive.
    Learn more: https://nextjs.org/docs/app/api-reference/directives/use-client
  4 | import { MapPin, Search } from "lucide-react";
  5 | import Link from "next/link";
> 6 | import { useMemo, useState } from "react";
    |                ^^^^^^^^
  7 |
  8 | const categories = [
  9 |   ["Biệt thự", "#biet-thu"],

Ecmascript file had an error @ http://localhost:3100/_next/static/chunks/node_modules_next_dist_1gdrd03._.js:1945
[  456937ms] [ERROR] ./src/app/du-an/page.tsx:6:16
You're importing a module that depends on `useState` into a React Server Component module. This API is only available in Client Components. To fix, mark the file (or its parent) with the `"use client"` directive.
    Learn more: https://nextjs.org/docs/app/api-reference/directives/use-client
  4 | import { MapPin, Search } from "lucide-react";
  5 | import Link from "next/link";
> 6 | import { useMemo, useState } from "react";
    |                ^^^^^^^^
  7 |
  8 | const categories = [
  9 |   ["Biệt thự", "#biet-thu"],

Ecmascript file had an error @ http://localhost:3100/_next/static/chunks/node_modules_next_dist_1gdrd03._.js:1945
[  457000ms] [ERROR] ./src/app/du-an/page.tsx:6:16
You're importing a module that depends on `useState` into a React Server Component module. This API is only available in Client Components. To fix, mark the file (or its parent) with the `"use client"` directive.
    Learn more: https://nextjs.org/docs/app/api-reference/directives/use-client
  4 | import { MapPin, Search } from "lucide-react";
  5 | import Link from "next/link";
> 6 | import { useMemo, useState } from "react";
    |                ^^^^^^^^
  7 |
  8 | const categories = [
  9 |   ["Biệt thự", "#biet-thu"],

Ecmascript file had an error @ http://localhost:3100/_next/static/chunks/node_modules_next_dist_1gdrd03._.js:1945
[  457063ms] [ERROR] ./src/app/du-an/page.tsx:6:16
You're importing a module that depends on `useState` into a React Server Component module. This API is only available in Client Components. To fix, mark the file (or its parent) with the `"use client"` directive.
    Learn more: https://nextjs.org/docs/app/api-reference/directives/use-client
  4 | import { MapPin, Search } from "lucide-react";
  5 | import Link from "next/link";
> 6 | import { useMemo, useState } from "react";
    |                ^^^^^^^^
  7 |
  8 | const categories = [
  9 |   ["Biệt thự", "#biet-thu"],

Ecmascript file had an error @ http://localhost:3100/_next/static/chunks/node_modules_next_dist_1gdrd03._.js:1945
[  457126ms] [ERROR] ./src/app/du-an/page.tsx:6:16
You're importing a module that depends on `useState` into a React Server Component module. This API is only available in Client Components. To fix, mark the file (or its parent) with the `"use client"` directive.
    Learn more: https://nextjs.org/docs/app/api-reference/directives/use-client
  4 | import { MapPin, Search } from "lucide-react";
  5 | import Link from "next/link";
> 6 | import { useMemo, useState } from "react";
    |                ^^^^^^^^
  7 |
  8 | const categories = [
  9 |   ["Biệt thự", "#biet-thu"],

Ecmascript file had an error @ http://localhost:3100/_next/static/chunks/node_modules_next_dist_1gdrd03._.js:1945
[  457187ms] [ERROR] ./src/app/du-an/page.tsx:6:16
You're importing a module that depends on `useState` into a React Server Component module. This API is only available in Client Components. To fix, mark the file (or its parent) with the `"use client"` directive.
    Learn more: https://nextjs.org/docs/app/api-reference/directives/use-client
  4 | import { MapPin, Search } from "lucide-react";
  5 | import Link from "next/link";
> 6 | import { useMemo, useState } from "react";
    |                ^^^^^^^^
  7 |
  8 | const categories = [
  9 |   ["Biệt thự", "#biet-thu"],

Ecmascript file had an error @ http://localhost:3100/_next/static/chunks/node_modules_next_dist_1gdrd03._.js:1945
[  457249ms] [ERROR] ./src/app/du-an/page.tsx:6:16
You're importing a module that depends on `useState` into a React Server Component module. This API is only available in Client Components. To fix, mark the file (or its parent) with the `"use client"` directive.
    Learn more: https://nextjs.org/docs/app/api-reference/directives/use-client
  4 | import { MapPin, Search } from "lucide-react";
  5 | import Link from "next/link";
> 6 | import { useMemo, useState } from "react";
    |                ^^^^^^^^
  7 |
  8 | const categories = [
  9 |   ["Biệt thự", "#biet-thu"],

Ecmascript file had an error @ http://localhost:3100/_next/static/chunks/node_modules_next_dist_1gdrd03._.js:1945
[  457310ms] [ERROR] ./src/app/du-an/page.tsx:6:16
You're importing a module that depends on `useState` into a React Server Component module. This API is only available in Client Components. To fix, mark the file (or its parent) with the `"use client"` directive.
    Learn more: https://nextjs.org/docs/app/api-reference/directives/use-client
  4 | import { MapPin, Search } from "lucide-react";
  5 | import Link from "next/link";
> 6 | import { useMemo, useState } from "react";
    |                ^^^^^^^^
  7 |
  8 | const categories = [
  9 |   ["Biệt thự", "#biet-thu"],

Ecmascript file had an error @ http://localhost:3100/_next/static/chunks/node_modules_next_dist_1gdrd03._.js:1945
[  457374ms] [ERROR] ./src/app/du-an/page.tsx:6:16
You're importing a module that depends on `useState` into a React Server Component module. This API is only available in Client Components. To fix, mark the file (or its parent) with the `"use client"` directive.
    Learn more: https://nextjs.org/docs/app/api-reference/directives/use-client
  4 | import { MapPin, Search } from "lucide-react";
  5 | import Link from "next/link";
> 6 | import { useMemo, useState } from "react";
    |                ^^^^^^^^
  7 |
  8 | const categories = [
  9 |   ["Biệt thự", "#biet-thu"],

Ecmascript file had an error @ http://localhost:3100/_next/static/chunks/node_modules_next_dist_1gdrd03._.js:1945
[  457438ms] [ERROR] ./src/app/du-an/page.tsx:6:16
You're importing a module that depends on `useState` into a React Server Component module. This API is only available in Client Components. To fix, mark the file (or its parent) with the `"use client"` directive.
    Learn more: https://nextjs.org/docs/app/api-reference/directives/use-client
  4 | import { MapPin, Search } from "lucide-react";
  5 | import Link from "next/link";
> 6 | import { useMemo, useState } from "react";
    |                ^^^^^^^^
  7 |
  8 | const categories = [
  9 |   ["Biệt thự", "#biet-thu"],

Ecmascript file had an error @ http://localhost:3100/_next/static/chunks/node_modules_next_dist_1gdrd03._.js:1945
[  457504ms] [ERROR] ./src/app/du-an/page.tsx:6:16
You're importing a module that depends on `useState` into a React Server Component module. This API is only available in Client Components. To fix, mark the file (or its parent) with the `"use client"` directive.
    Learn more: https://nextjs.org/docs/app/api-reference/directives/use-client
  4 | import { MapPin, Search } from "lucide-react";
  5 | import Link from "next/link";
> 6 | import { useMemo, useState } from "react";
    |                ^^^^^^^^
  7 |
  8 | const categories = [
  9 |   ["Biệt thự", "#biet-thu"],

Ecmascript file had an error @ http://localhost:3100/_next/static/chunks/node_modules_next_dist_1gdrd03._.js:1945
[  457565ms] [ERROR] ./src/app/du-an/page.tsx:6:16
You're importing a module that depends on `useState` into a React Server Component module. This API is only available in Client Components. To fix, mark the file (or its parent) with the `"use client"` directive.
    Learn more: https://nextjs.org/docs/app/api-reference/directives/use-client
  4 | import { MapPin, Search } from "lucide-react";
  5 | import Link from "next/link";
> 6 | import { useMemo, useState } from "react";
    |                ^^^^^^^^
  7 |
  8 | const categories = [
  9 |   ["Biệt thự", "#biet-thu"],

Ecmascript file had an error @ http://localhost:3100/_next/static/chunks/node_modules_next_dist_1gdrd03._.js:1945
[  457627ms] [ERROR] ./src/app/du-an/page.tsx:6:16
You're importing a module that depends on `useState` into a React Server Component module. This API is only available in Client Components. To fix, mark the file (or its parent) with the `"use client"` directive.
    Learn more: https://nextjs.org/docs/app/api-reference/directives/use-client
  4 | import { MapPin, Search } from "lucide-react";
  5 | import Link from "next/link";
> 6 | import { useMemo, useState } from "react";
    |                ^^^^^^^^
  7 |
  8 | const categories = [
  9 |   ["Biệt thự", "#biet-thu"],

Ecmascript file had an error @ http://localhost:3100/_next/static/chunks/node_modules_next_dist_1gdrd03._.js:1945
[  457690ms] [ERROR] ./src/app/du-an/page.tsx:6:16
You're importing a module that depends on `useState` into a React Server Component module. This API is only available in Client Components. To fix, mark the file (or its parent) with the `"use client"` directive.
    Learn more: https://nextjs.org/docs/app/api-reference/directives/use-client
  4 | import { MapPin, Search } from "lucide-react";
  5 | import Link from "next/link";
> 6 | import { useMemo, useState } from "react";
    |                ^^^^^^^^
  7 |
  8 | const categories = [
  9 |   ["Biệt thự", "#biet-thu"],

Ecmascript file had an error @ http://localhost:3100/_next/static/chunks/node_modules_next_dist_1gdrd03._.js:1945
[  457753ms] [ERROR] ./src/app/du-an/page.tsx:6:16
You're importing a module that depends on `useState` into a React Server Component module. This API is only available in Client Components. To fix, mark the file (or its parent) with the `"use client"` directive.
    Learn more: https://nextjs.org/docs/app/api-reference/directives/use-client
  4 | import { MapPin, Search } from "lucide-react";
  5 | import Link from "next/link";
> 6 | import { useMemo, useState } from "react";
    |                ^^^^^^^^
  7 |
  8 | const categories = [
  9 |   ["Biệt thự", "#biet-thu"],

Ecmascript file had an error @ http://localhost:3100/_next/static/chunks/node_modules_next_dist_1gdrd03._.js:1945
[  457814ms] [ERROR] ./src/app/du-an/page.tsx:6:16
You're importing a module that depends on `useState` into a React Server Component module. This API is only available in Client Components. To fix, mark the file (or its parent) with the `"use client"` directive.
    Learn more: https://nextjs.org/docs/app/api-reference/directives/use-client
  4 | import { MapPin, Search } from "lucide-react";
  5 | import Link from "next/link";
> 6 | import { useMemo, useState } from "react";
    |                ^^^^^^^^
  7 |
  8 | const categories = [
  9 |   ["Biệt thự", "#biet-thu"],

Ecmascript file had an error @ http://localhost:3100/_next/static/chunks/node_modules_next_dist_1gdrd03._.js:1945
[  457876ms] [ERROR] ./src/app/du-an/page.tsx:6:16
You're importing a module that depends on `useState` into a React Server Component module. This API is only available in Client Components. To fix, mark the file (or its parent) with the `"use client"` directive.
    Learn more: https://nextjs.org/docs/app/api-reference/directives/use-client
  4 | import { MapPin, Search } from "lucide-react";
  5 | import Link from "next/link";
> 6 | import { useMemo, useState } from "react";
    |                ^^^^^^^^
  7 |
  8 | const categories = [
  9 |   ["Biệt thự", "#biet-thu"],

Ecmascript file had an error @ http://localhost:3100/_next/static/chunks/node_modules_next_dist_1gdrd03._.js:1945
[  457939ms] [ERROR] ./src/app/du-an/page.tsx:6:16
You're importing a module that depends on `useState` into a React Server Component module. This API is only available in Client Components. To fix, mark the file (or its parent) with the `"use client"` directive.
    Learn more: https://nextjs.org/docs/app/api-reference/directives/use-client
  4 | import { MapPin, Search } from "lucide-react";
  5 | import Link from "next/link";
> 6 | import { useMemo, useState } from "react";
    |                ^^^^^^^^
  7 |
  8 | const categories = [
  9 |   ["Biệt thự", "#biet-thu"],

Ecmascript file had an error @ http://localhost:3100/_next/static/chunks/node_modules_next_dist_1gdrd03._.js:1945
[  458001ms] [ERROR] ./src/app/du-an/page.tsx:6:16
You're importing a module that depends on `useState` into a React Server Component module. This API is only available in Client Components. To fix, mark the file (or its parent) with the `"use client"` directive.
    Learn more: https://nextjs.org/docs/app/api-reference/directives/use-client
  4 | import { MapPin, Search } from "lucide-react";
  5 | import Link from "next/link";
> 6 | import { useMemo, useState } from "react";
    |                ^^^^^^^^
  7 |
  8 | const categories = [
  9 |   ["Biệt thự", "#biet-thu"],

Ecmascript file had an error @ http://localhost:3100/_next/static/chunks/node_modules_next_dist_1gdrd03._.js:1945
[  458063ms] [ERROR] ./src/app/du-an/page.tsx:6:16
You're importing a module that depends on `useState` into a React Server Component module. This API is only available in Client Components. To fix, mark the file (or its parent) with the `"use client"` directive.
    Learn more: https://nextjs.org/docs/app/api-reference/directives/use-client
  4 | import { MapPin, Search } from "lucide-react";
  5 | import Link from "next/link";
> 6 | import { useMemo, useState } from "react";
    |                ^^^^^^^^
  7 |
  8 | const categories = [
  9 |   ["Biệt thự", "#biet-thu"],

Ecmascript file had an error @ http://localhost:3100/_next/static/chunks/node_modules_next_dist_1gdrd03._.js:1945
[  458126ms] [ERROR] ./src/app/du-an/page.tsx:6:16
You're importing a module that depends on `useState` into a React Server Component module. This API is only available in Client Components. To fix, mark the file (or its parent) with the `"use client"` directive.
    Learn more: https://nextjs.org/docs/app/api-reference/directives/use-client
  4 | import { MapPin, Search } from "lucide-react";
  5 | import Link from "next/link";
> 6 | import { useMemo, useState } from "react";
    |                ^^^^^^^^
  7 |
  8 | const categories = [
  9 |   ["Biệt thự", "#biet-thu"],

Ecmascript file had an error @ http://localhost:3100/_next/static/chunks/node_modules_next_dist_1gdrd03._.js:1945
[  458188ms] [ERROR] ./src/app/du-an/page.tsx:6:16
You're importing a module that depends on `useState` into a React Server Component module. This API is only available in Client Components. To fix, mark the file (or its parent) with the `"use client"` directive.
    Learn more: https://nextjs.org/docs/app/api-reference/directives/use-client
  4 | import { MapPin, Search } from "lucide-react";
  5 | import Link from "next/link";
> 6 | import { useMemo, useState } from "react";
    |                ^^^^^^^^
  7 |
  8 | const categories = [
  9 |   ["Biệt thự", "#biet-thu"],

Ecmascript file had an error @ http://localhost:3100/_next/static/chunks/node_modules_next_dist_1gdrd03._.js:1945
[  458252ms] [ERROR] ./src/app/du-an/page.tsx:6:16
You're importing a module that depends on `useState` into a React Server Component module. This API is only available in Client Components. To fix, mark the file (or its parent) with the `"use client"` directive.
    Learn more: https://nextjs.org/docs/app/api-reference/directives/use-client
  4 | import { MapPin, Search } from "lucide-react";
  5 | import Link from "next/link";
> 6 | import { useMemo, useState } from "react";
    |                ^^^^^^^^
  7 |
  8 | const categories = [
  9 |   ["Biệt thự", "#biet-thu"],

Ecmascript file had an error @ http://localhost:3100/_next/static/chunks/node_modules_next_dist_1gdrd03._.js:1945
[  458313ms] [ERROR] ./src/app/du-an/page.tsx:6:16
You're importing a module that depends on `useState` into a React Server Component module. This API is only available in Client Components. To fix, mark the file (or its parent) with the `"use client"` directive.
    Learn more: https://nextjs.org/docs/app/api-reference/directives/use-client
  4 | import { MapPin, Search } from "lucide-react";
  5 | import Link from "next/link";
> 6 | import { useMemo, useState } from "react";
    |                ^^^^^^^^
  7 |
  8 | const categories = [
  9 |   ["Biệt thự", "#biet-thu"],

Ecmascript file had an error @ http://localhost:3100/_next/static/chunks/node_modules_next_dist_1gdrd03._.js:1945
[  458376ms] [ERROR] ./src/app/du-an/page.tsx:6:16
You're importing a module that depends on `useState` into a React Server Component module. This API is only available in Client Components. To fix, mark the file (or its parent) with the `"use client"` directive.
    Learn more: https://nextjs.org/docs/app/api-reference/directives/use-client
  4 | import { MapPin, Search } from "lucide-react";
  5 | import Link from "next/link";
> 6 | import { useMemo, useState } from "react";
    |                ^^^^^^^^
  7 |
  8 | const categories = [
  9 |   ["Biệt thự", "#biet-thu"],

Ecmascript file had an error @ http://localhost:3100/_next/static/chunks/node_modules_next_dist_1gdrd03._.js:1945
[  458438ms] [ERROR] ./src/app/du-an/page.tsx:6:16
You're importing a module that depends on `useState` into a React Server Component module. This API is only available in Client Components. To fix, mark the file (or its parent) with the `"use client"` directive.
    Learn more: https://nextjs.org/docs/app/api-reference/directives/use-client
  4 | import { MapPin, Search } from "lucide-react";
  5 | import Link from "next/link";
> 6 | import { useMemo, useState } from "react";
    |                ^^^^^^^^
  7 |
  8 | const categories = [
  9 |   ["Biệt thự", "#biet-thu"],

Ecmascript file had an error @ http://localhost:3100/_next/static/chunks/node_modules_next_dist_1gdrd03._.js:1945
[  458500ms] [ERROR] ./src/app/du-an/page.tsx:6:16
You're importing a module that depends on `useState` into a React Server Component module. This API is only available in Client Components. To fix, mark the file (or its parent) with the `"use client"` directive.
    Learn more: https://nextjs.org/docs/app/api-reference/directives/use-client
  4 | import { MapPin, Search } from "lucide-react";
  5 | import Link from "next/link";
> 6 | import { useMemo, useState } from "react";
    |                ^^^^^^^^
  7 |
  8 | const categories = [
  9 |   ["Biệt thự", "#biet-thu"],

Ecmascript file had an error @ http://localhost:3100/_next/static/chunks/node_modules_next_dist_1gdrd03._.js:1945
[  458564ms] [ERROR] ./src/app/du-an/page.tsx:6:16
You're importing a module that depends on `useState` into a React Server Component module. This API is only available in Client Components. To fix, mark the file (or its parent) with the `"use client"` directive.
    Learn more: https://nextjs.org/docs/app/api-reference/directives/use-client
  4 | import { MapPin, Search } from "lucide-react";
  5 | import Link from "next/link";
> 6 | import { useMemo, useState } from "react";
    |                ^^^^^^^^
  7 |
  8 | const categories = [
  9 |   ["Biệt thự", "#biet-thu"],

Ecmascript file had an error @ http://localhost:3100/_next/static/chunks/node_modules_next_dist_1gdrd03._.js:1945
[  458628ms] [ERROR] ./src/app/du-an/page.tsx:6:16
You're importing a module that depends on `useState` into a React Server Component module. This API is only available in Client Components. To fix, mark the file (or its parent) with the `"use client"` directive.
    Learn more: https://nextjs.org/docs/app/api-reference/directives/use-client
  4 | import { MapPin, Search } from "lucide-react";
  5 | import Link from "next/link";
> 6 | import { useMemo, useState } from "react";
    |                ^^^^^^^^
  7 |
  8 | const categories = [
  9 |   ["Biệt thự", "#biet-thu"],

Ecmascript file had an error @ http://localhost:3100/_next/static/chunks/node_modules_next_dist_1gdrd03._.js:1945
[  458692ms] [ERROR] ./src/app/du-an/page.tsx:6:16
You're importing a module that depends on `useState` into a React Server Component module. This API is only available in Client Components. To fix, mark the file (or its parent) with the `"use client"` directive.
    Learn more: https://nextjs.org/docs/app/api-reference/directives/use-client
  4 | import { MapPin, Search } from "lucide-react";
  5 | import Link from "next/link";
> 6 | import { useMemo, useState } from "react";
    |                ^^^^^^^^
  7 |
  8 | const categories = [
  9 |   ["Biệt thự", "#biet-thu"],

Ecmascript file had an error @ http://localhost:3100/_next/static/chunks/node_modules_next_dist_1gdrd03._.js:1945
[  458753ms] [ERROR] ./src/app/du-an/page.tsx:6:16
You're importing a module that depends on `useState` into a React Server Component module. This API is only available in Client Components. To fix, mark the file (or its parent) with the `"use client"` directive.
    Learn more: https://nextjs.org/docs/app/api-reference/directives/use-client
  4 | import { MapPin, Search } from "lucide-react";
  5 | import Link from "next/link";
> 6 | import { useMemo, useState } from "react";
    |                ^^^^^^^^
  7 |
  8 | const categories = [
  9 |   ["Biệt thự", "#biet-thu"],

Ecmascript file had an error @ http://localhost:3100/_next/static/chunks/node_modules_next_dist_1gdrd03._.js:1945
[  458816ms] [ERROR] ./src/app/du-an/page.tsx:6:16
You're importing a module that depends on `useState` into a React Server Component module. This API is only available in Client Components. To fix, mark the file (or its parent) with the `"use client"` directive.
    Learn more: https://nextjs.org/docs/app/api-reference/directives/use-client
  4 | import { MapPin, Search } from "lucide-react";
  5 | import Link from "next/link";
> 6 | import { useMemo, useState } from "react";
    |                ^^^^^^^^
  7 |
  8 | const categories = [
  9 |   ["Biệt thự", "#biet-thu"],

Ecmascript file had an error @ http://localhost:3100/_next/static/chunks/node_modules_next_dist_1gdrd03._.js:1945
[  458878ms] [ERROR] ./src/app/du-an/page.tsx:6:16
You're importing a module that depends on `useState` into a React Server Component module. This API is only available in Client Components. To fix, mark the file (or its parent) with the `"use client"` directive.
    Learn more: https://nextjs.org/docs/app/api-reference/directives/use-client
  4 | import { MapPin, Search } from "lucide-react";
  5 | import Link from "next/link";
> 6 | import { useMemo, useState } from "react";
    |                ^^^^^^^^
  7 |
  8 | const categories = [
  9 |   ["Biệt thự", "#biet-thu"],

Ecmascript file had an error @ http://localhost:3100/_next/static/chunks/node_modules_next_dist_1gdrd03._.js:1945
[  458940ms] [ERROR] ./src/app/du-an/page.tsx:6:16
You're importing a module that depends on `useState` into a React Server Component module. This API is only available in Client Components. To fix, mark the file (or its parent) with the `"use client"` directive.
    Learn more: https://nextjs.org/docs/app/api-reference/directives/use-client
  4 | import { MapPin, Search } from "lucide-react";
  5 | import Link from "next/link";
> 6 | import { useMemo, useState } from "react";
    |                ^^^^^^^^
  7 |
  8 | const categories = [
  9 |   ["Biệt thự", "#biet-thu"],

Ecmascript file had an error @ http://localhost:3100/_next/static/chunks/node_modules_next_dist_1gdrd03._.js:1945
[  459004ms] [ERROR] ./src/app/du-an/page.tsx:6:16
You're importing a module that depends on `useState` into a React Server Component module. This API is only available in Client Components. To fix, mark the file (or its parent) with the `"use client"` directive.
    Learn more: https://nextjs.org/docs/app/api-reference/directives/use-client
  4 | import { MapPin, Search } from "lucide-react";
  5 | import Link from "next/link";
> 6 | import { useMemo, useState } from "react";
    |                ^^^^^^^^
  7 |
  8 | const categories = [
  9 |   ["Biệt thự", "#biet-thu"],

Ecmascript file had an error @ http://localhost:3100/_next/static/chunks/node_modules_next_dist_1gdrd03._.js:1945
[  459066ms] [ERROR] ./src/app/du-an/page.tsx:6:16
You're importing a module that depends on `useState` into a React Server Component module. This API is only available in Client Components. To fix, mark the file (or its parent) with the `"use client"` directive.
    Learn more: https://nextjs.org/docs/app/api-reference/directives/use-client
  4 | import { MapPin, Search } from "lucide-react";
  5 | import Link from "next/link";
> 6 | import { useMemo, useState } from "react";
    |                ^^^^^^^^
  7 |
  8 | const categories = [
  9 |   ["Biệt thự", "#biet-thu"],

Ecmascript file had an error @ http://localhost:3100/_next/static/chunks/node_modules_next_dist_1gdrd03._.js:1945
[  459128ms] [ERROR] ./src/app/du-an/page.tsx:6:16
You're importing a module that depends on `useState` into a React Server Component module. This API is only available in Client Components. To fix, mark the file (or its parent) with the `"use client"` directive.
    Learn more: https://nextjs.org/docs/app/api-reference/directives/use-client
  4 | import { MapPin, Search } from "lucide-react";
  5 | import Link from "next/link";
> 6 | import { useMemo, useState } from "react";
    |                ^^^^^^^^
  7 |
  8 | const categories = [
  9 |   ["Biệt thự", "#biet-thu"],

Ecmascript file had an error @ http://localhost:3100/_next/static/chunks/node_modules_next_dist_1gdrd03._.js:1945
[  459190ms] [ERROR] ./src/app/du-an/page.tsx:6:16
You're importing a module that depends on `useState` into a React Server Component module. This API is only available in Client Components. To fix, mark the file (or its parent) with the `"use client"` directive.
    Learn more: https://nextjs.org/docs/app/api-reference/directives/use-client
  4 | import { MapPin, Search } from "lucide-react";
  5 | import Link from "next/link";
> 6 | import { useMemo, useState } from "react";
    |                ^^^^^^^^
  7 |
  8 | const categories = [
  9 |   ["Biệt thự", "#biet-thu"],

Ecmascript file had an error @ http://localhost:3100/_next/static/chunks/node_modules_next_dist_1gdrd03._.js:1945
[  459253ms] [ERROR] ./src/app/du-an/page.tsx:6:16
You're importing a module that depends on `useState` into a React Server Component module. This API is only available in Client Components. To fix, mark the file (or its parent) with the `"use client"` directive.
    Learn more: https://nextjs.org/docs/app/api-reference/directives/use-client
  4 | import { MapPin, Search } from "lucide-react";
  5 | import Link from "next/link";
> 6 | import { useMemo, useState } from "react";
    |                ^^^^^^^^
  7 |
  8 | const categories = [
  9 |   ["Biệt thự", "#biet-thu"],

Ecmascript file had an error @ http://localhost:3100/_next/static/chunks/node_modules_next_dist_1gdrd03._.js:1945
[  459313ms] [ERROR] ./src/app/du-an/page.tsx:6:16
You're importing a module that depends on `useState` into a React Server Component module. This API is only available in Client Components. To fix, mark the file (or its parent) with the `"use client"` directive.
    Learn more: https://nextjs.org/docs/app/api-reference/directives/use-client
  4 | import { MapPin, Search } from "lucide-react";
  5 | import Link from "next/link";
> 6 | import { useMemo, useState } from "react";
    |                ^^^^^^^^
  7 |
  8 | const categories = [
  9 |   ["Biệt thự", "#biet-thu"],

Ecmascript file had an error @ http://localhost:3100/_next/static/chunks/node_modules_next_dist_1gdrd03._.js:1945
[  459377ms] [ERROR] ./src/app/du-an/page.tsx:6:16
You're importing a module that depends on `useState` into a React Server Component module. This API is only available in Client Components. To fix, mark the file (or its parent) with the `"use client"` directive.
    Learn more: https://nextjs.org/docs/app/api-reference/directives/use-client
  4 | import { MapPin, Search } from "lucide-react";
  5 | import Link from "next/link";
> 6 | import { useMemo, useState } from "react";
    |                ^^^^^^^^
  7 |
  8 | const categories = [
  9 |   ["Biệt thự", "#biet-thu"],

Ecmascript file had an error @ http://localhost:3100/_next/static/chunks/node_modules_next_dist_1gdrd03._.js:1945
[  459436ms] [ERROR] ./src/app/du-an/page.tsx:6:16
You're importing a module that depends on `useState` into a React Server Component module. This API is only available in Client Components. To fix, mark the file (or its parent) with the `"use client"` directive.
    Learn more: https://nextjs.org/docs/app/api-reference/directives/use-client
  4 | import { MapPin, Search } from "lucide-react";
  5 | import Link from "next/link";
> 6 | import { useMemo, useState } from "react";
    |                ^^^^^^^^
  7 |
  8 | const categories = [
  9 |   ["Biệt thự", "#biet-thu"],

Ecmascript file had an error @ http://localhost:3100/_next/static/chunks/node_modules_next_dist_1gdrd03._.js:1945
[  459499ms] [ERROR] ./src/app/du-an/page.tsx:6:16
You're importing a module that depends on `useState` into a React Server Component module. This API is only available in Client Components. To fix, mark the file (or its parent) with the `"use client"` directive.
    Learn more: https://nextjs.org/docs/app/api-reference/directives/use-client
  4 | import { MapPin, Search } from "lucide-react";
  5 | import Link from "next/link";
> 6 | import { useMemo, useState } from "react";
    |                ^^^^^^^^
  7 |
  8 | const categories = [
  9 |   ["Biệt thự", "#biet-thu"],

Ecmascript file had an error @ http://localhost:3100/_next/static/chunks/node_modules_next_dist_1gdrd03._.js:1945
[  459562ms] [ERROR] ./src/app/du-an/page.tsx:6:16
You're importing a module that depends on `useState` into a React Server Component module. This API is only available in Client Components. To fix, mark the file (or its parent) with the `"use client"` directive.
    Learn more: https://nextjs.org/docs/app/api-reference/directives/use-client
  4 | import { MapPin, Search } from "lucide-react";
  5 | import Link from "next/link";
> 6 | import { useMemo, useState } from "react";
    |                ^^^^^^^^
  7 |
  8 | const categories = [
  9 |   ["Biệt thự", "#biet-thu"],

Ecmascript file had an error @ http://localhost:3100/_next/static/chunks/node_modules_next_dist_1gdrd03._.js:1945
[  459624ms] [ERROR] ./src/app/du-an/page.tsx:6:16
You're importing a module that depends on `useState` into a React Server Component module. This API is only available in Client Components. To fix, mark the file (or its parent) with the `"use client"` directive.
    Learn more: https://nextjs.org/docs/app/api-reference/directives/use-client
  4 | import { MapPin, Search } from "lucide-react";
  5 | import Link from "next/link";
> 6 | import { useMemo, useState } from "react";
    |                ^^^^^^^^
  7 |
  8 | const categories = [
  9 |   ["Biệt thự", "#biet-thu"],

Ecmascript file had an error @ http://localhost:3100/_next/static/chunks/node_modules_next_dist_1gdrd03._.js:1945
[  459687ms] [ERROR] ./src/app/du-an/page.tsx:6:16
You're importing a module that depends on `useState` into a React Server Component module. This API is only available in Client Components. To fix, mark the file (or its parent) with the `"use client"` directive.
    Learn more: https://nextjs.org/docs/app/api-reference/directives/use-client
  4 | import { MapPin, Search } from "lucide-react";
  5 | import Link from "next/link";
> 6 | import { useMemo, useState } from "react";
    |                ^^^^^^^^
  7 |
  8 | const categories = [
  9 |   ["Biệt thự", "#biet-thu"],

Ecmascript file had an error @ http://localhost:3100/_next/static/chunks/node_modules_next_dist_1gdrd03._.js:1945
[  459751ms] [ERROR] ./src/app/du-an/page.tsx:6:16
You're importing a module that depends on `useState` into a React Server Component module. This API is only available in Client Components. To fix, mark the file (or its parent) with the `"use client"` directive.
    Learn more: https://nextjs.org/docs/app/api-reference/directives/use-client
  4 | import { MapPin, Search } from "lucide-react";
  5 | import Link from "next/link";
> 6 | import { useMemo, useState } from "react";
    |                ^^^^^^^^
  7 |
  8 | const categories = [
  9 |   ["Biệt thự", "#biet-thu"],

Ecmascript file had an error @ http://localhost:3100/_next/static/chunks/node_modules_next_dist_1gdrd03._.js:1945
[  459812ms] [ERROR] ./src/app/du-an/page.tsx:6:16
You're importing a module that depends on `useState` into a React Server Component module. This API is only available in Client Components. To fix, mark the file (or its parent) with the `"use client"` directive.
    Learn more: https://nextjs.org/docs/app/api-reference/directives/use-client
  4 | import { MapPin, Search } from "lucide-react";
  5 | import Link from "next/link";
> 6 | import { useMemo, useState } from "react";
    |                ^^^^^^^^
  7 |
  8 | const categories = [
  9 |   ["Biệt thự", "#biet-thu"],

Ecmascript file had an error @ http://localhost:3100/_next/static/chunks/node_modules_next_dist_1gdrd03._.js:1945
[  459873ms] [ERROR] ./src/app/du-an/page.tsx:6:16
You're importing a module that depends on `useState` into a React Server Component module. This API is only available in Client Components. To fix, mark the file (or its parent) with the `"use client"` directive.
    Learn more: https://nextjs.org/docs/app/api-reference/directives/use-client
  4 | import { MapPin, Search } from "lucide-react";
  5 | import Link from "next/link";
> 6 | import { useMemo, useState } from "react";
    |                ^^^^^^^^
  7 |
  8 | const categories = [
  9 |   ["Biệt thự", "#biet-thu"],

Ecmascript file had an error @ http://localhost:3100/_next/static/chunks/node_modules_next_dist_1gdrd03._.js:1945
[  459936ms] [ERROR] ./src/app/du-an/page.tsx:6:16
You're importing a module that depends on `useState` into a React Server Component module. This API is only available in Client Components. To fix, mark the file (or its parent) with the `"use client"` directive.
    Learn more: https://nextjs.org/docs/app/api-reference/directives/use-client
  4 | import { MapPin, Search } from "lucide-react";
  5 | import Link from "next/link";
> 6 | import { useMemo, useState } from "react";
    |                ^^^^^^^^
  7 |
  8 | const categories = [
  9 |   ["Biệt thự", "#biet-thu"],

Ecmascript file had an error @ http://localhost:3100/_next/static/chunks/node_modules_next_dist_1gdrd03._.js:1945
[  459998ms] [ERROR] ./src/app/du-an/page.tsx:6:16
You're importing a module that depends on `useState` into a React Server Component module. This API is only available in Client Components. To fix, mark the file (or its parent) with the `"use client"` directive.
    Learn more: https://nextjs.org/docs/app/api-reference/directives/use-client
  4 | import { MapPin, Search } from "lucide-react";
  5 | import Link from "next/link";
> 6 | import { useMemo, useState } from "react";
    |                ^^^^^^^^
  7 |
  8 | const categories = [
  9 |   ["Biệt thự", "#biet-thu"],

Ecmascript file had an error @ http://localhost:3100/_next/static/chunks/node_modules_next_dist_1gdrd03._.js:1945
[  460061ms] [ERROR] ./src/app/du-an/page.tsx:6:16
You're importing a module that depends on `useState` into a React Server Component module. This API is only available in Client Components. To fix, mark the file (or its parent) with the `"use client"` directive.
    Learn more: https://nextjs.org/docs/app/api-reference/directives/use-client
  4 | import { MapPin, Search } from "lucide-react";
  5 | import Link from "next/link";
> 6 | import { useMemo, useState } from "react";
    |                ^^^^^^^^
  7 |
  8 | const categories = [
  9 |   ["Biệt thự", "#biet-thu"],

Ecmascript file had an error @ http://localhost:3100/_next/static/chunks/node_modules_next_dist_1gdrd03._.js:1945
[  460123ms] [ERROR] ./src/app/du-an/page.tsx:6:16
You're importing a module that depends on `useState` into a React Server Component module. This API is only available in Client Components. To fix, mark the file (or its parent) with the `"use client"` directive.
    Learn more: https://nextjs.org/docs/app/api-reference/directives/use-client
  4 | import { MapPin, Search } from "lucide-react";
  5 | import Link from "next/link";
> 6 | import { useMemo, useState } from "react";
    |                ^^^^^^^^
  7 |
  8 | const categories = [
  9 |   ["Biệt thự", "#biet-thu"],

Ecmascript file had an error @ http://localhost:3100/_next/static/chunks/node_modules_next_dist_1gdrd03._.js:1945
[  460183ms] [ERROR] ./src/app/du-an/page.tsx:6:16
You're importing a module that depends on `useState` into a React Server Component module. This API is only available in Client Components. To fix, mark the file (or its parent) with the `"use client"` directive.
    Learn more: https://nextjs.org/docs/app/api-reference/directives/use-client
  4 | import { MapPin, Search } from "lucide-react";
  5 | import Link from "next/link";
> 6 | import { useMemo, useState } from "react";
    |                ^^^^^^^^
  7 |
  8 | const categories = [
  9 |   ["Biệt thự", "#biet-thu"],

Ecmascript file had an error @ http://localhost:3100/_next/static/chunks/node_modules_next_dist_1gdrd03._.js:1945
[  460247ms] [ERROR] ./src/app/du-an/page.tsx:6:16
You're importing a module that depends on `useState` into a React Server Component module. This API is only available in Client Components. To fix, mark the file (or its parent) with the `"use client"` directive.
    Learn more: https://nextjs.org/docs/app/api-reference/directives/use-client
  4 | import { MapPin, Search } from "lucide-react";
  5 | import Link from "next/link";
> 6 | import { useMemo, useState } from "react";
    |                ^^^^^^^^
  7 |
  8 | const categories = [
  9 |   ["Biệt thự", "#biet-thu"],

Ecmascript file had an error @ http://localhost:3100/_next/static/chunks/node_modules_next_dist_1gdrd03._.js:1945
[  460309ms] [ERROR] ./src/app/du-an/page.tsx:6:16
You're importing a module that depends on `useState` into a React Server Component module. This API is only available in Client Components. To fix, mark the file (or its parent) with the `"use client"` directive.
    Learn more: https://nextjs.org/docs/app/api-reference/directives/use-client
  4 | import { MapPin, Search } from "lucide-react";
  5 | import Link from "next/link";
> 6 | import { useMemo, useState } from "react";
    |                ^^^^^^^^
  7 |
  8 | const categories = [
  9 |   ["Biệt thự", "#biet-thu"],

Ecmascript file had an error @ http://localhost:3100/_next/static/chunks/node_modules_next_dist_1gdrd03._.js:1945
[  460371ms] [ERROR] ./src/app/du-an/page.tsx:6:16
You're importing a module that depends on `useState` into a React Server Component module. This API is only available in Client Components. To fix, mark the file (or its parent) with the `"use client"` directive.
    Learn more: https://nextjs.org/docs/app/api-reference/directives/use-client
  4 | import { MapPin, Search } from "lucide-react";
  5 | import Link from "next/link";
> 6 | import { useMemo, useState } from "react";
    |                ^^^^^^^^
  7 |
  8 | const categories = [
  9 |   ["Biệt thự", "#biet-thu"],

Ecmascript file had an error @ http://localhost:3100/_next/static/chunks/node_modules_next_dist_1gdrd03._.js:1945
[  460433ms] [ERROR] ./src/app/du-an/page.tsx:6:16
You're importing a module that depends on `useState` into a React Server Component module. This API is only available in Client Components. To fix, mark the file (or its parent) with the `"use client"` directive.
    Learn more: https://nextjs.org/docs/app/api-reference/directives/use-client
  4 | import { MapPin, Search } from "lucide-react";
  5 | import Link from "next/link";
> 6 | import { useMemo, useState } from "react";
    |                ^^^^^^^^
  7 |
  8 | const categories = [
  9 |   ["Biệt thự", "#biet-thu"],

Ecmascript file had an error @ http://localhost:3100/_next/static/chunks/node_modules_next_dist_1gdrd03._.js:1945
[  460495ms] [ERROR] ./src/app/du-an/page.tsx:6:16
You're importing a module that depends on `useState` into a React Server Component module. This API is only available in Client Components. To fix, mark the file (or its parent) with the `"use client"` directive.
    Learn more: https://nextjs.org/docs/app/api-reference/directives/use-client
  4 | import { MapPin, Search } from "lucide-react";
  5 | import Link from "next/link";
> 6 | import { useMemo, useState } from "react";
    |                ^^^^^^^^
  7 |
  8 | const categories = [
  9 |   ["Biệt thự", "#biet-thu"],

Ecmascript file had an error @ http://localhost:3100/_next/static/chunks/node_modules_next_dist_1gdrd03._.js:1945
[  460558ms] [ERROR] ./src/app/du-an/page.tsx:6:16
You're importing a module that depends on `useState` into a React Server Component module. This API is only available in Client Components. To fix, mark the file (or its parent) with the `"use client"` directive.
    Learn more: https://nextjs.org/docs/app/api-reference/directives/use-client
  4 | import { MapPin, Search } from "lucide-react";
  5 | import Link from "next/link";
> 6 | import { useMemo, useState } from "react";
    |                ^^^^^^^^
  7 |
  8 | const categories = [
  9 |   ["Biệt thự", "#biet-thu"],

Ecmascript file had an error @ http://localhost:3100/_next/static/chunks/node_modules_next_dist_1gdrd03._.js:1945
[  460620ms] [ERROR] ./src/app/du-an/page.tsx:6:16
You're importing a module that depends on `useState` into a React Server Component module. This API is only available in Client Components. To fix, mark the file (or its parent) with the `"use client"` directive.
    Learn more: https://nextjs.org/docs/app/api-reference/directives/use-client
  4 | import { MapPin, Search } from "lucide-react";
  5 | import Link from "next/link";
> 6 | import { useMemo, useState } from "react";
    |                ^^^^^^^^
  7 |
  8 | const categories = [
  9 |   ["Biệt thự", "#biet-thu"],

Ecmascript file had an error @ http://localhost:3100/_next/static/chunks/node_modules_next_dist_1gdrd03._.js:1945
[  460685ms] [ERROR] ./src/app/du-an/page.tsx:6:16
You're importing a module that depends on `useState` into a React Server Component module. This API is only available in Client Components. To fix, mark the file (or its parent) with the `"use client"` directive.
    Learn more: https://nextjs.org/docs/app/api-reference/directives/use-client
  4 | import { MapPin, Search } from "lucide-react";
  5 | import Link from "next/link";
> 6 | import { useMemo, useState } from "react";
    |                ^^^^^^^^
  7 |
  8 | const categories = [
  9 |   ["Biệt thự", "#biet-thu"],

Ecmascript file had an error @ http://localhost:3100/_next/static/chunks/node_modules_next_dist_1gdrd03._.js:1945
[  460746ms] [ERROR] ./src/app/du-an/page.tsx:6:16
You're importing a module that depends on `useState` into a React Server Component module. This API is only available in Client Components. To fix, mark the file (or its parent) with the `"use client"` directive.
    Learn more: https://nextjs.org/docs/app/api-reference/directives/use-client
  4 | import { MapPin, Search } from "lucide-react";
  5 | import Link from "next/link";
> 6 | import { useMemo, useState } from "react";
    |                ^^^^^^^^
  7 |
  8 | const categories = [
  9 |   ["Biệt thự", "#biet-thu"],

Ecmascript file had an error @ http://localhost:3100/_next/static/chunks/node_modules_next_dist_1gdrd03._.js:1945
[  460808ms] [ERROR] ./src/app/du-an/page.tsx:6:16
You're importing a module that depends on `useState` into a React Server Component module. This API is only available in Client Components. To fix, mark the file (or its parent) with the `"use client"` directive.
    Learn more: https://nextjs.org/docs/app/api-reference/directives/use-client
  4 | import { MapPin, Search } from "lucide-react";
  5 | import Link from "next/link";
> 6 | import { useMemo, useState } from "react";
    |                ^^^^^^^^
  7 |
  8 | const categories = [
  9 |   ["Biệt thự", "#biet-thu"],

Ecmascript file had an error @ http://localhost:3100/_next/static/chunks/node_modules_next_dist_1gdrd03._.js:1945
[  460872ms] [ERROR] ./src/app/du-an/page.tsx:6:16
You're importing a module that depends on `useState` into a React Server Component module. This API is only available in Client Components. To fix, mark the file (or its parent) with the `"use client"` directive.
    Learn more: https://nextjs.org/docs/app/api-reference/directives/use-client
  4 | import { MapPin, Search } from "lucide-react";
  5 | import Link from "next/link";
> 6 | import { useMemo, useState } from "react";
    |                ^^^^^^^^
  7 |
  8 | const categories = [
  9 |   ["Biệt thự", "#biet-thu"],

Ecmascript file had an error @ http://localhost:3100/_next/static/chunks/node_modules_next_dist_1gdrd03._.js:1945
[  460936ms] [ERROR] ./src/app/du-an/page.tsx:6:16
You're importing a module that depends on `useState` into a React Server Component module. This API is only available in Client Components. To fix, mark the file (or its parent) with the `"use client"` directive.
    Learn more: https://nextjs.org/docs/app/api-reference/directives/use-client
  4 | import { MapPin, Search } from "lucide-react";
  5 | import Link from "next/link";
> 6 | import { useMemo, useState } from "react";
    |                ^^^^^^^^
  7 |
  8 | const categories = [
  9 |   ["Biệt thự", "#biet-thu"],

Ecmascript file had an error @ http://localhost:3100/_next/static/chunks/node_modules_next_dist_1gdrd03._.js:1945
[  460996ms] [ERROR] ./src/app/du-an/page.tsx:6:16
You're importing a module that depends on `useState` into a React Server Component module. This API is only available in Client Components. To fix, mark the file (or its parent) with the `"use client"` directive.
    Learn more: https://nextjs.org/docs/app/api-reference/directives/use-client
  4 | import { MapPin, Search } from "lucide-react";
  5 | import Link from "next/link";
> 6 | import { useMemo, useState } from "react";
    |                ^^^^^^^^
  7 |
  8 | const categories = [
  9 |   ["Biệt thự", "#biet-thu"],

Ecmascript file had an error @ http://localhost:3100/_next/static/chunks/node_modules_next_dist_1gdrd03._.js:1945
[  461057ms] [ERROR] ./src/app/du-an/page.tsx:6:16
You're importing a module that depends on `useState` into a React Server Component module. This API is only available in Client Components. To fix, mark the file (or its parent) with the `"use client"` directive.
    Learn more: https://nextjs.org/docs/app/api-reference/directives/use-client
  4 | import { MapPin, Search } from "lucide-react";
  5 | import Link from "next/link";
> 6 | import { useMemo, useState } from "react";
    |                ^^^^^^^^
  7 |
  8 | const categories = [
  9 |   ["Biệt thự", "#biet-thu"],

Ecmascript file had an error @ http://localhost:3100/_next/static/chunks/node_modules_next_dist_1gdrd03._.js:1945
[  461119ms] [ERROR] ./src/app/du-an/page.tsx:6:16
You're importing a module that depends on `useState` into a React Server Component module. This API is only available in Client Components. To fix, mark the file (or its parent) with the `"use client"` directive.
    Learn more: https://nextjs.org/docs/app/api-reference/directives/use-client
  4 | import { MapPin, Search } from "lucide-react";
  5 | import Link from "next/link";
> 6 | import { useMemo, useState } from "react";
    |                ^^^^^^^^
  7 |
  8 | const categories = [
  9 |   ["Biệt thự", "#biet-thu"],

Ecmascript file had an error @ http://localhost:3100/_next/static/chunks/node_modules_next_dist_1gdrd03._.js:1945
[  461182ms] [ERROR] ./src/app/du-an/page.tsx:6:16
You're importing a module that depends on `useState` into a React Server Component module. This API is only available in Client Components. To fix, mark the file (or its parent) with the `"use client"` directive.
    Learn more: https://nextjs.org/docs/app/api-reference/directives/use-client
  4 | import { MapPin, Search } from "lucide-react";
  5 | import Link from "next/link";
> 6 | import { useMemo, useState } from "react";
    |                ^^^^^^^^
  7 |
  8 | const categories = [
  9 |   ["Biệt thự", "#biet-thu"],

Ecmascript file had an error @ http://localhost:3100/_next/static/chunks/node_modules_next_dist_1gdrd03._.js:1945
[  461244ms] [ERROR] ./src/app/du-an/page.tsx:6:16
You're importing a module that depends on `useState` into a React Server Component module. This API is only available in Client Components. To fix, mark the file (or its parent) with the `"use client"` directive.
    Learn more: https://nextjs.org/docs/app/api-reference/directives/use-client
  4 | import { MapPin, Search } from "lucide-react";
  5 | import Link from "next/link";
> 6 | import { useMemo, useState } from "react";
    |                ^^^^^^^^
  7 |
  8 | const categories = [
  9 |   ["Biệt thự", "#biet-thu"],

Ecmascript file had an error @ http://localhost:3100/_next/static/chunks/node_modules_next_dist_1gdrd03._.js:1945
[  461305ms] [ERROR] ./src/app/du-an/page.tsx:6:16
You're importing a module that depends on `useState` into a React Server Component module. This API is only available in Client Components. To fix, mark the file (or its parent) with the `"use client"` directive.
    Learn more: https://nextjs.org/docs/app/api-reference/directives/use-client
  4 | import { MapPin, Search } from "lucide-react";
  5 | import Link from "next/link";
> 6 | import { useMemo, useState } from "react";
    |                ^^^^^^^^
  7 |
  8 | const categories = [
  9 |   ["Biệt thự", "#biet-thu"],

Ecmascript file had an error @ http://localhost:3100/_next/static/chunks/node_modules_next_dist_1gdrd03._.js:1945
[  461368ms] [ERROR] ./src/app/du-an/page.tsx:6:16
You're importing a module that depends on `useState` into a React Server Component module. This API is only available in Client Components. To fix, mark the file (or its parent) with the `"use client"` directive.
    Learn more: https://nextjs.org/docs/app/api-reference/directives/use-client
  4 | import { MapPin, Search } from "lucide-react";
  5 | import Link from "next/link";
> 6 | import { useMemo, useState } from "react";
    |                ^^^^^^^^
  7 |
  8 | const categories = [
  9 |   ["Biệt thự", "#biet-thu"],

Ecmascript file had an error @ http://localhost:3100/_next/static/chunks/node_modules_next_dist_1gdrd03._.js:1945
[  461429ms] [ERROR] ./src/app/du-an/page.tsx:6:16
You're importing a module that depends on `useState` into a React Server Component module. This API is only available in Client Components. To fix, mark the file (or its parent) with the `"use client"` directive.
    Learn more: https://nextjs.org/docs/app/api-reference/directives/use-client
  4 | import { MapPin, Search } from "lucide-react";
  5 | import Link from "next/link";
> 6 | import { useMemo, useState } from "react";
    |                ^^^^^^^^
  7 |
  8 | const categories = [
  9 |   ["Biệt thự", "#biet-thu"],

Ecmascript file had an error @ http://localhost:3100/_next/static/chunks/node_modules_next_dist_1gdrd03._.js:1945
[  461493ms] [ERROR] ./src/app/du-an/page.tsx:6:16
You're importing a module that depends on `useState` into a React Server Component module. This API is only available in Client Components. To fix, mark the file (or its parent) with the `"use client"` directive.
    Learn more: https://nextjs.org/docs/app/api-reference/directives/use-client
  4 | import { MapPin, Search } from "lucide-react";
  5 | import Link from "next/link";
> 6 | import { useMemo, useState } from "react";
    |                ^^^^^^^^
  7 |
  8 | const categories = [
  9 |   ["Biệt thự", "#biet-thu"],

Ecmascript file had an error @ http://localhost:3100/_next/static/chunks/node_modules_next_dist_1gdrd03._.js:1945
[  461554ms] [ERROR] ./src/app/du-an/page.tsx:6:16
You're importing a module that depends on `useState` into a React Server Component module. This API is only available in Client Components. To fix, mark the file (or its parent) with the `"use client"` directive.
    Learn more: https://nextjs.org/docs/app/api-reference/directives/use-client
  4 | import { MapPin, Search } from "lucide-react";
  5 | import Link from "next/link";
> 6 | import { useMemo, useState } from "react";
    |                ^^^^^^^^
  7 |
  8 | const categories = [
  9 |   ["Biệt thự", "#biet-thu"],

Ecmascript file had an error @ http://localhost:3100/_next/static/chunks/node_modules_next_dist_1gdrd03._.js:1945
[  461618ms] [ERROR] ./src/app/du-an/page.tsx:6:16
You're importing a module that depends on `useState` into a React Server Component module. This API is only available in Client Components. To fix, mark the file (or its parent) with the `"use client"` directive.
    Learn more: https://nextjs.org/docs/app/api-reference/directives/use-client
  4 | import { MapPin, Search } from "lucide-react";
  5 | import Link from "next/link";
> 6 | import { useMemo, useState } from "react";
    |                ^^^^^^^^
  7 |
  8 | const categories = [
  9 |   ["Biệt thự", "#biet-thu"],

Ecmascript file had an error @ http://localhost:3100/_next/static/chunks/node_modules_next_dist_1gdrd03._.js:1945
[  461681ms] [ERROR] ./src/app/du-an/page.tsx:6:16
You're importing a module that depends on `useState` into a React Server Component module. This API is only available in Client Components. To fix, mark the file (or its parent) with the `"use client"` directive.
    Learn more: https://nextjs.org/docs/app/api-reference/directives/use-client
  4 | import { MapPin, Search } from "lucide-react";
  5 | import Link from "next/link";
> 6 | import { useMemo, useState } from "react";
    |                ^^^^^^^^
  7 |
  8 | const categories = [
  9 |   ["Biệt thự", "#biet-thu"],

Ecmascript file had an error @ http://localhost:3100/_next/static/chunks/node_modules_next_dist_1gdrd03._.js:1945
[  461745ms] [ERROR] ./src/app/du-an/page.tsx:6:16
You're importing a module that depends on `useState` into a React Server Component module. This API is only available in Client Components. To fix, mark the file (or its parent) with the `"use client"` directive.
    Learn more: https://nextjs.org/docs/app/api-reference/directives/use-client
  4 | import { MapPin, Search } from "lucide-react";
  5 | import Link from "next/link";
> 6 | import { useMemo, useState } from "react";
    |                ^^^^^^^^
  7 |
  8 | const categories = [
  9 |   ["Biệt thự", "#biet-thu"],

Ecmascript file had an error @ http://localhost:3100/_next/static/chunks/node_modules_next_dist_1gdrd03._.js:1945
[  461809ms] [ERROR] ./src/app/du-an/page.tsx:6:16
You're importing a module that depends on `useState` into a React Server Component module. This API is only available in Client Components. To fix, mark the file (or its parent) with the `"use client"` directive.
    Learn more: https://nextjs.org/docs/app/api-reference/directives/use-client
  4 | import { MapPin, Search } from "lucide-react";
  5 | import Link from "next/link";
> 6 | import { useMemo, useState } from "react";
    |                ^^^^^^^^
  7 |
  8 | const categories = [
  9 |   ["Biệt thự", "#biet-thu"],

Ecmascript file had an error @ http://localhost:3100/_next/static/chunks/node_modules_next_dist_1gdrd03._.js:1945
[  461872ms] [ERROR] ./src/app/du-an/page.tsx:6:16
You're importing a module that depends on `useState` into a React Server Component module. This API is only available in Client Components. To fix, mark the file (or its parent) with the `"use client"` directive.
    Learn more: https://nextjs.org/docs/app/api-reference/directives/use-client
  4 | import { MapPin, Search } from "lucide-react";
  5 | import Link from "next/link";
> 6 | import { useMemo, useState } from "react";
    |                ^^^^^^^^
  7 |
  8 | const categories = [
  9 |   ["Biệt thự", "#biet-thu"],

Ecmascript file had an error @ http://localhost:3100/_next/static/chunks/node_modules_next_dist_1gdrd03._.js:1945
[  461935ms] [ERROR] ./src/app/du-an/page.tsx:6:16
You're importing a module that depends on `useState` into a React Server Component module. This API is only available in Client Components. To fix, mark the file (or its parent) with the `"use client"` directive.
    Learn more: https://nextjs.org/docs/app/api-reference/directives/use-client
  4 | import { MapPin, Search } from "lucide-react";
  5 | import Link from "next/link";
> 6 | import { useMemo, useState } from "react";
    |                ^^^^^^^^
  7 |
  8 | const categories = [
  9 |   ["Biệt thự", "#biet-thu"],

Ecmascript file had an error @ http://localhost:3100/_next/static/chunks/node_modules_next_dist_1gdrd03._.js:1945
[  461997ms] [ERROR] ./src/app/du-an/page.tsx:6:16
You're importing a module that depends on `useState` into a React Server Component module. This API is only available in Client Components. To fix, mark the file (or its parent) with the `"use client"` directive.
    Learn more: https://nextjs.org/docs/app/api-reference/directives/use-client
  4 | import { MapPin, Search } from "lucide-react";
  5 | import Link from "next/link";
> 6 | import { useMemo, useState } from "react";
    |                ^^^^^^^^
  7 |
  8 | const categories = [
  9 |   ["Biệt thự", "#biet-thu"],

Ecmascript file had an error @ http://localhost:3100/_next/static/chunks/node_modules_next_dist_1gdrd03._.js:1945
[  462060ms] [ERROR] ./src/app/du-an/page.tsx:6:16
You're importing a module that depends on `useState` into a React Server Component module. This API is only available in Client Components. To fix, mark the file (or its parent) with the `"use client"` directive.
    Learn more: https://nextjs.org/docs/app/api-reference/directives/use-client
  4 | import { MapPin, Search } from "lucide-react";
  5 | import Link from "next/link";
> 6 | import { useMemo, useState } from "react";
    |                ^^^^^^^^
  7 |
  8 | const categories = [
  9 |   ["Biệt thự", "#biet-thu"],

Ecmascript file had an error @ http://localhost:3100/_next/static/chunks/node_modules_next_dist_1gdrd03._.js:1945
[  462122ms] [ERROR] ./src/app/du-an/page.tsx:6:16
You're importing a module that depends on `useState` into a React Server Component module. This API is only available in Client Components. To fix, mark the file (or its parent) with the `"use client"` directive.
    Learn more: https://nextjs.org/docs/app/api-reference/directives/use-client
  4 | import { MapPin, Search } from "lucide-react";
  5 | import Link from "next/link";
> 6 | import { useMemo, useState } from "react";
    |                ^^^^^^^^
  7 |
  8 | const categories = [
  9 |   ["Biệt thự", "#biet-thu"],

Ecmascript file had an error @ http://localhost:3100/_next/static/chunks/node_modules_next_dist_1gdrd03._.js:1945
[  462184ms] [ERROR] ./src/app/du-an/page.tsx:6:16
You're importing a module that depends on `useState` into a React Server Component module. This API is only available in Client Components. To fix, mark the file (or its parent) with the `"use client"` directive.
    Learn more: https://nextjs.org/docs/app/api-reference/directives/use-client
  4 | import { MapPin, Search } from "lucide-react";
  5 | import Link from "next/link";
> 6 | import { useMemo, useState } from "react";
    |                ^^^^^^^^
  7 |
  8 | const categories = [
  9 |   ["Biệt thự", "#biet-thu"],

Ecmascript file had an error @ http://localhost:3100/_next/static/chunks/node_modules_next_dist_1gdrd03._.js:1945
[  462246ms] [ERROR] ./src/app/du-an/page.tsx:6:16
You're importing a module that depends on `useState` into a React Server Component module. This API is only available in Client Components. To fix, mark the file (or its parent) with the `"use client"` directive.
    Learn more: https://nextjs.org/docs/app/api-reference/directives/use-client
  4 | import { MapPin, Search } from "lucide-react";
  5 | import Link from "next/link";
> 6 | import { useMemo, useState } from "react";
    |                ^^^^^^^^
  7 |
  8 | const categories = [
  9 |   ["Biệt thự", "#biet-thu"],

Ecmascript file had an error @ http://localhost:3100/_next/static/chunks/node_modules_next_dist_1gdrd03._.js:1945
[  462309ms] [ERROR] ./src/app/du-an/page.tsx:6:16
You're importing a module that depends on `useState` into a React Server Component module. This API is only available in Client Components. To fix, mark the file (or its parent) with the `"use client"` directive.
    Learn more: https://nextjs.org/docs/app/api-reference/directives/use-client
  4 | import { MapPin, Search } from "lucide-react";
  5 | import Link from "next/link";
> 6 | import { useMemo, useState } from "react";
    |                ^^^^^^^^
  7 |
  8 | const categories = [
  9 |   ["Biệt thự", "#biet-thu"],

Ecmascript file had an error @ http://localhost:3100/_next/static/chunks/node_modules_next_dist_1gdrd03._.js:1945
[  462372ms] [ERROR] ./src/app/du-an/page.tsx:6:16
You're importing a module that depends on `useState` into a React Server Component module. This API is only available in Client Components. To fix, mark the file (or its parent) with the `"use client"` directive.
    Learn more: https://nextjs.org/docs/app/api-reference/directives/use-client
  4 | import { MapPin, Search } from "lucide-react";
  5 | import Link from "next/link";
> 6 | import { useMemo, useState } from "react";
    |                ^^^^^^^^
  7 |
  8 | const categories = [
  9 |   ["Biệt thự", "#biet-thu"],

Ecmascript file had an error @ http://localhost:3100/_next/static/chunks/node_modules_next_dist_1gdrd03._.js:1945
[  462435ms] [ERROR] ./src/app/du-an/page.tsx:6:16
You're importing a module that depends on `useState` into a React Server Component module. This API is only available in Client Components. To fix, mark the file (or its parent) with the `"use client"` directive.
    Learn more: https://nextjs.org/docs/app/api-reference/directives/use-client
  4 | import { MapPin, Search } from "lucide-react";
  5 | import Link from "next/link";
> 6 | import { useMemo, useState } from "react";
    |                ^^^^^^^^
  7 |
  8 | const categories = [
  9 |   ["Biệt thự", "#biet-thu"],

Ecmascript file had an error @ http://localhost:3100/_next/static/chunks/node_modules_next_dist_1gdrd03._.js:1945
[  462502ms] [ERROR] ./src/app/du-an/page.tsx:6:16
You're importing a module that depends on `useState` into a React Server Component module. This API is only available in Client Components. To fix, mark the file (or its parent) with the `"use client"` directive.
    Learn more: https://nextjs.org/docs/app/api-reference/directives/use-client
  4 | import { MapPin, Search } from "lucide-react";
  5 | import Link from "next/link";
> 6 | import { useMemo, useState } from "react";
    |                ^^^^^^^^
  7 |
  8 | const categories = [
  9 |   ["Biệt thự", "#biet-thu"],

Ecmascript file had an error @ http://localhost:3100/_next/static/chunks/node_modules_next_dist_1gdrd03._.js:1945
[  462559ms] [ERROR] ./src/app/du-an/page.tsx:6:16
You're importing a module that depends on `useState` into a React Server Component module. This API is only available in Client Components. To fix, mark the file (or its parent) with the `"use client"` directive.
    Learn more: https://nextjs.org/docs/app/api-reference/directives/use-client
  4 | import { MapPin, Search } from "lucide-react";
  5 | import Link from "next/link";
> 6 | import { useMemo, useState } from "react";
    |                ^^^^^^^^
  7 |
  8 | const categories = [
  9 |   ["Biệt thự", "#biet-thu"],

Ecmascript file had an error @ http://localhost:3100/_next/static/chunks/node_modules_next_dist_1gdrd03._.js:1945
[  462622ms] [ERROR] ./src/app/du-an/page.tsx:6:16
You're importing a module that depends on `useState` into a React Server Component module. This API is only available in Client Components. To fix, mark the file (or its parent) with the `"use client"` directive.
    Learn more: https://nextjs.org/docs/app/api-reference/directives/use-client
  4 | import { MapPin, Search } from "lucide-react";
  5 | import Link from "next/link";
> 6 | import { useMemo, useState } from "react";
    |                ^^^^^^^^
  7 |
  8 | const categories = [
  9 |   ["Biệt thự", "#biet-thu"],

Ecmascript file had an error @ http://localhost:3100/_next/static/chunks/node_modules_next_dist_1gdrd03._.js:1945
[  462705ms] [ERROR] ./src/app/du-an/page.tsx:6:16
You're importing a module that depends on `useState` into a React Server Component module. This API is only available in Client Components. To fix, mark the file (or its parent) with the `"use client"` directive.
    Learn more: https://nextjs.org/docs/app/api-reference/directives/use-client
  4 | import { MapPin, Search } from "lucide-react";
  5 | import Link from "next/link";
> 6 | import { useMemo, useState } from "react";
    |                ^^^^^^^^
  7 |
  8 | const categories = [
  9 |   ["Biệt thự", "#biet-thu"],

Ecmascript file had an error @ http://localhost:3100/_next/static/chunks/node_modules_next_dist_1gdrd03._.js:1945
[  462765ms] [ERROR] ./src/app/du-an/page.tsx:6:16
You're importing a module that depends on `useState` into a React Server Component module. This API is only available in Client Components. To fix, mark the file (or its parent) with the `"use client"` directive.
    Learn more: https://nextjs.org/docs/app/api-reference/directives/use-client
  4 | import { MapPin, Search } from "lucide-react";
  5 | import Link from "next/link";
> 6 | import { useMemo, useState } from "react";
    |                ^^^^^^^^
  7 |
  8 | const categories = [
  9 |   ["Biệt thự", "#biet-thu"],

Ecmascript file had an error @ http://localhost:3100/_next/static/chunks/node_modules_next_dist_1gdrd03._.js:1945
[  462828ms] [ERROR] ./src/app/du-an/page.tsx:6:16
You're importing a module that depends on `useState` into a React Server Component module. This API is only available in Client Components. To fix, mark the file (or its parent) with the `"use client"` directive.
    Learn more: https://nextjs.org/docs/app/api-reference/directives/use-client
  4 | import { MapPin, Search } from "lucide-react";
  5 | import Link from "next/link";
> 6 | import { useMemo, useState } from "react";
    |                ^^^^^^^^
  7 |
  8 | const categories = [
  9 |   ["Biệt thự", "#biet-thu"],

Ecmascript file had an error @ http://localhost:3100/_next/static/chunks/node_modules_next_dist_1gdrd03._.js:1945
[  462891ms] [ERROR] ./src/app/du-an/page.tsx:6:16
You're importing a module that depends on `useState` into a React Server Component module. This API is only available in Client Components. To fix, mark the file (or its parent) with the `"use client"` directive.
    Learn more: https://nextjs.org/docs/app/api-reference/directives/use-client
  4 | import { MapPin, Search } from "lucide-react";
  5 | import Link from "next/link";
> 6 | import { useMemo, useState } from "react";
    |                ^^^^^^^^
  7 |
  8 | const categories = [
  9 |   ["Biệt thự", "#biet-thu"],

Ecmascript file had an error @ http://localhost:3100/_next/static/chunks/node_modules_next_dist_1gdrd03._.js:1945
[  462972ms] [ERROR] ./src/app/du-an/page.tsx:6:16
You're importing a module that depends on `useState` into a React Server Component module. This API is only available in Client Components. To fix, mark the file (or its parent) with the `"use client"` directive.
    Learn more: https://nextjs.org/docs/app/api-reference/directives/use-client
  4 | import { MapPin, Search } from "lucide-react";
  5 | import Link from "next/link";
> 6 | import { useMemo, useState } from "react";
    |                ^^^^^^^^
  7 |
  8 | const categories = [
  9 |   ["Biệt thự", "#biet-thu"],

Ecmascript file had an error @ http://localhost:3100/_next/static/chunks/node_modules_next_dist_1gdrd03._.js:1945
[  463037ms] [ERROR] ./src/app/du-an/page.tsx:6:16
You're importing a module that depends on `useState` into a React Server Component module. This API is only available in Client Components. To fix, mark the file (or its parent) with the `"use client"` directive.
    Learn more: https://nextjs.org/docs/app/api-reference/directives/use-client
  4 | import { MapPin, Search } from "lucide-react";
  5 | import Link from "next/link";
> 6 | import { useMemo, useState } from "react";
    |                ^^^^^^^^
  7 |
  8 | const categories = [
  9 |   ["Biệt thự", "#biet-thu"],

Ecmascript file had an error @ http://localhost:3100/_next/static/chunks/node_modules_next_dist_1gdrd03._.js:1945
[  463097ms] [ERROR] ./src/app/du-an/page.tsx:6:16
You're importing a module that depends on `useState` into a React Server Component module. This API is only available in Client Components. To fix, mark the file (or its parent) with the `"use client"` directive.
    Learn more: https://nextjs.org/docs/app/api-reference/directives/use-client
  4 | import { MapPin, Search } from "lucide-react";
  5 | import Link from "next/link";
> 6 | import { useMemo, useState } from "react";
    |                ^^^^^^^^
  7 |
  8 | const categories = [
  9 |   ["Biệt thự", "#biet-thu"],

Ecmascript file had an error @ http://localhost:3100/_next/static/chunks/node_modules_next_dist_1gdrd03._.js:1945
[  463159ms] [ERROR] ./src/app/du-an/page.tsx:6:16
You're importing a module that depends on `useState` into a React Server Component module. This API is only available in Client Components. To fix, mark the file (or its parent) with the `"use client"` directive.
    Learn more: https://nextjs.org/docs/app/api-reference/directives/use-client
  4 | import { MapPin, Search } from "lucide-react";
  5 | import Link from "next/link";
> 6 | import { useMemo, useState } from "react";
    |                ^^^^^^^^
  7 |
  8 | const categories = [
  9 |   ["Biệt thự", "#biet-thu"],

Ecmascript file had an error @ http://localhost:3100/_next/static/chunks/node_modules_next_dist_1gdrd03._.js:1945
[  463222ms] [ERROR] ./src/app/du-an/page.tsx:6:16
You're importing a module that depends on `useState` into a React Server Component module. This API is only available in Client Components. To fix, mark the file (or its parent) with the `"use client"` directive.
    Learn more: https://nextjs.org/docs/app/api-reference/directives/use-client
  4 | import { MapPin, Search } from "lucide-react";
  5 | import Link from "next/link";
> 6 | import { useMemo, useState } from "react";
    |                ^^^^^^^^
  7 |
  8 | const categories = [
  9 |   ["Biệt thự", "#biet-thu"],

Ecmascript file had an error @ http://localhost:3100/_next/static/chunks/node_modules_next_dist_1gdrd03._.js:1945
[  463285ms] [ERROR] ./src/app/du-an/page.tsx:6:16
You're importing a module that depends on `useState` into a React Server Component module. This API is only available in Client Components. To fix, mark the file (or its parent) with the `"use client"` directive.
    Learn more: https://nextjs.org/docs/app/api-reference/directives/use-client
  4 | import { MapPin, Search } from "lucide-react";
  5 | import Link from "next/link";
> 6 | import { useMemo, useState } from "react";
    |                ^^^^^^^^
  7 |
  8 | const categories = [
  9 |   ["Biệt thự", "#biet-thu"],

Ecmascript file had an error @ http://localhost:3100/_next/static/chunks/node_modules_next_dist_1gdrd03._.js:1945
[  463347ms] [ERROR] ./src/app/du-an/page.tsx:6:16
You're importing a module that depends on `useState` into a React Server Component module. This API is only available in Client Components. To fix, mark the file (or its parent) with the `"use client"` directive.
    Learn more: https://nextjs.org/docs/app/api-reference/directives/use-client
  4 | import { MapPin, Search } from "lucide-react";
  5 | import Link from "next/link";
> 6 | import { useMemo, useState } from "react";
    |                ^^^^^^^^
  7 |
  8 | const categories = [
  9 |   ["Biệt thự", "#biet-thu"],

Ecmascript file had an error @ http://localhost:3100/_next/static/chunks/node_modules_next_dist_1gdrd03._.js:1945
[  463410ms] [ERROR] ./src/app/du-an/page.tsx:6:16
You're importing a module that depends on `useState` into a React Server Component module. This API is only available in Client Components. To fix, mark the file (or its parent) with the `"use client"` directive.
    Learn more: https://nextjs.org/docs/app/api-reference/directives/use-client
  4 | import { MapPin, Search } from "lucide-react";
  5 | import Link from "next/link";
> 6 | import { useMemo, useState } from "react";
    |                ^^^^^^^^
  7 |
  8 | const categories = [
  9 |   ["Biệt thự", "#biet-thu"],

Ecmascript file had an error @ http://localhost:3100/_next/static/chunks/node_modules_next_dist_1gdrd03._.js:1945
[  463474ms] [ERROR] ./src/app/du-an/page.tsx:6:16
You're importing a module that depends on `useState` into a React Server Component module. This API is only available in Client Components. To fix, mark the file (or its parent) with the `"use client"` directive.
    Learn more: https://nextjs.org/docs/app/api-reference/directives/use-client
  4 | import { MapPin, Search } from "lucide-react";
  5 | import Link from "next/link";
> 6 | import { useMemo, useState } from "react";
    |                ^^^^^^^^
  7 |
  8 | const categories = [
  9 |   ["Biệt thự", "#biet-thu"],

Ecmascript file had an error @ http://localhost:3100/_next/static/chunks/node_modules_next_dist_1gdrd03._.js:1945
[  463534ms] [ERROR] ./src/app/du-an/page.tsx:6:16
You're importing a module that depends on `useState` into a React Server Component module. This API is only available in Client Components. To fix, mark the file (or its parent) with the `"use client"` directive.
    Learn more: https://nextjs.org/docs/app/api-reference/directives/use-client
  4 | import { MapPin, Search } from "lucide-react";
  5 | import Link from "next/link";
> 6 | import { useMemo, useState } from "react";
    |                ^^^^^^^^
  7 |
  8 | const categories = [
  9 |   ["Biệt thự", "#biet-thu"],

Ecmascript file had an error @ http://localhost:3100/_next/static/chunks/node_modules_next_dist_1gdrd03._.js:1945
[  463598ms] [ERROR] ./src/app/du-an/page.tsx:6:16
You're importing a module that depends on `useState` into a React Server Component module. This API is only available in Client Components. To fix, mark the file (or its parent) with the `"use client"` directive.
    Learn more: https://nextjs.org/docs/app/api-reference/directives/use-client
  4 | import { MapPin, Search } from "lucide-react";
  5 | import Link from "next/link";
> 6 | import { useMemo, useState } from "react";
    |                ^^^^^^^^
  7 |
  8 | const categories = [
  9 |   ["Biệt thự", "#biet-thu"],

Ecmascript file had an error @ http://localhost:3100/_next/static/chunks/node_modules_next_dist_1gdrd03._.js:1945
[  463661ms] [ERROR] ./src/app/du-an/page.tsx:6:16
You're importing a module that depends on `useState` into a React Server Component module. This API is only available in Client Components. To fix, mark the file (or its parent) with the `"use client"` directive.
    Learn more: https://nextjs.org/docs/app/api-reference/directives/use-client
  4 | import { MapPin, Search } from "lucide-react";
  5 | import Link from "next/link";
> 6 | import { useMemo, useState } from "react";
    |                ^^^^^^^^
  7 |
  8 | const categories = [
  9 |   ["Biệt thự", "#biet-thu"],

Ecmascript file had an error @ http://localhost:3100/_next/static/chunks/node_modules_next_dist_1gdrd03._.js:1945
[  463725ms] [ERROR] ./src/app/du-an/page.tsx:6:16
You're importing a module that depends on `useState` into a React Server Component module. This API is only available in Client Components. To fix, mark the file (or its parent) with the `"use client"` directive.
    Learn more: https://nextjs.org/docs/app/api-reference/directives/use-client
  4 | import { MapPin, Search } from "lucide-react";
  5 | import Link from "next/link";
> 6 | import { useMemo, useState } from "react";
    |                ^^^^^^^^
  7 |
  8 | const categories = [
  9 |   ["Biệt thự", "#biet-thu"],

Ecmascript file had an error @ http://localhost:3100/_next/static/chunks/node_modules_next_dist_1gdrd03._.js:1945
[  463785ms] [ERROR] ./src/app/du-an/page.tsx:6:16
You're importing a module that depends on `useState` into a React Server Component module. This API is only available in Client Components. To fix, mark the file (or its parent) with the `"use client"` directive.
    Learn more: https://nextjs.org/docs/app/api-reference/directives/use-client
  4 | import { MapPin, Search } from "lucide-react";
  5 | import Link from "next/link";
> 6 | import { useMemo, useState } from "react";
    |                ^^^^^^^^
  7 |
  8 | const categories = [
  9 |   ["Biệt thự", "#biet-thu"],

Ecmascript file had an error @ http://localhost:3100/_next/static/chunks/node_modules_next_dist_1gdrd03._.js:1945
[  463853ms] [ERROR] ./src/app/du-an/page.tsx:6:16
You're importing a module that depends on `useState` into a React Server Component module. This API is only available in Client Components. To fix, mark the file (or its parent) with the `"use client"` directive.
    Learn more: https://nextjs.org/docs/app/api-reference/directives/use-client
  4 | import { MapPin, Search } from "lucide-react";
  5 | import Link from "next/link";
> 6 | import { useMemo, useState } from "react";
    |                ^^^^^^^^
  7 |
  8 | const categories = [
  9 |   ["Biệt thự", "#biet-thu"],

Ecmascript file had an error @ http://localhost:3100/_next/static/chunks/node_modules_next_dist_1gdrd03._.js:1945
[  463925ms] [ERROR] ./src/app/du-an/page.tsx:6:16
You're importing a module that depends on `useState` into a React Server Component module. This API is only available in Client Components. To fix, mark the file (or its parent) with the `"use client"` directive.
    Learn more: https://nextjs.org/docs/app/api-reference/directives/use-client
  4 | import { MapPin, Search } from "lucide-react";
  5 | import Link from "next/link";
> 6 | import { useMemo, useState } from "react";
    |                ^^^^^^^^
  7 |
  8 | const categories = [
  9 |   ["Biệt thự", "#biet-thu"],

Ecmascript file had an error @ http://localhost:3100/_next/static/chunks/node_modules_next_dist_1gdrd03._.js:1945
[  463989ms] [ERROR] ./src/app/du-an/page.tsx:6:16
You're importing a module that depends on `useState` into a React Server Component module. This API is only available in Client Components. To fix, mark the file (or its parent) with the `"use client"` directive.
    Learn more: https://nextjs.org/docs/app/api-reference/directives/use-client
  4 | import { MapPin, Search } from "lucide-react";
  5 | import Link from "next/link";
> 6 | import { useMemo, useState } from "react";
    |                ^^^^^^^^
  7 |
  8 | const categories = [
  9 |   ["Biệt thự", "#biet-thu"],

Ecmascript file had an error @ http://localhost:3100/_next/static/chunks/node_modules_next_dist_1gdrd03._.js:1945
[  464068ms] [ERROR] ./src/app/du-an/page.tsx:6:16
You're importing a module that depends on `useState` into a React Server Component module. This API is only available in Client Components. To fix, mark the file (or its parent) with the `"use client"` directive.
    Learn more: https://nextjs.org/docs/app/api-reference/directives/use-client
  4 | import { MapPin, Search } from "lucide-react";
  5 | import Link from "next/link";
> 6 | import { useMemo, useState } from "react";
    |                ^^^^^^^^
  7 |
  8 | const categories = [
  9 |   ["Biệt thự", "#biet-thu"],

Ecmascript file had an error @ http://localhost:3100/_next/static/chunks/node_modules_next_dist_1gdrd03._.js:1945
[  464130ms] [ERROR] ./src/app/du-an/page.tsx:6:16
You're importing a module that depends on `useState` into a React Server Component module. This API is only available in Client Components. To fix, mark the file (or its parent) with the `"use client"` directive.
    Learn more: https://nextjs.org/docs/app/api-reference/directives/use-client
  4 | import { MapPin, Search } from "lucide-react";
  5 | import Link from "next/link";
> 6 | import { useMemo, useState } from "react";
    |                ^^^^^^^^
  7 |
  8 | const categories = [
  9 |   ["Biệt thự", "#biet-thu"],

Ecmascript file had an error @ http://localhost:3100/_next/static/chunks/node_modules_next_dist_1gdrd03._.js:1945
[  464192ms] [ERROR] ./src/app/du-an/page.tsx:6:16
You're importing a module that depends on `useState` into a React Server Component module. This API is only available in Client Components. To fix, mark the file (or its parent) with the `"use client"` directive.
    Learn more: https://nextjs.org/docs/app/api-reference/directives/use-client
  4 | import { MapPin, Search } from "lucide-react";
  5 | import Link from "next/link";
> 6 | import { useMemo, useState } from "react";
    |                ^^^^^^^^
  7 |
  8 | const categories = [
  9 |   ["Biệt thự", "#biet-thu"],

Ecmascript file had an error @ http://localhost:3100/_next/static/chunks/node_modules_next_dist_1gdrd03._.js:1945
[  464255ms] [ERROR] ./src/app/du-an/page.tsx:6:16
You're importing a module that depends on `useState` into a React Server Component module. This API is only available in Client Components. To fix, mark the file (or its parent) with the `"use client"` directive.
    Learn more: https://nextjs.org/docs/app/api-reference/directives/use-client
  4 | import { MapPin, Search } from "lucide-react";
  5 | import Link from "next/link";
> 6 | import { useMemo, useState } from "react";
    |                ^^^^^^^^
  7 |
  8 | const categories = [
  9 |   ["Biệt thự", "#biet-thu"],

Ecmascript file had an error @ http://localhost:3100/_next/static/chunks/node_modules_next_dist_1gdrd03._.js:1945
[  464318ms] [ERROR] ./src/app/du-an/page.tsx:6:16
You're importing a module that depends on `useState` into a React Server Component module. This API is only available in Client Components. To fix, mark the file (or its parent) with the `"use client"` directive.
    Learn more: https://nextjs.org/docs/app/api-reference/directives/use-client
  4 | import { MapPin, Search } from "lucide-react";
  5 | import Link from "next/link";
> 6 | import { useMemo, useState } from "react";
    |                ^^^^^^^^
  7 |
  8 | const categories = [
  9 |   ["Biệt thự", "#biet-thu"],

Ecmascript file had an error @ http://localhost:3100/_next/static/chunks/node_modules_next_dist_1gdrd03._.js:1945
[  464378ms] [ERROR] ./src/app/du-an/page.tsx:6:16
You're importing a module that depends on `useState` into a React Server Component module. This API is only available in Client Components. To fix, mark the file (or its parent) with the `"use client"` directive.
    Learn more: https://nextjs.org/docs/app/api-reference/directives/use-client
  4 | import { MapPin, Search } from "lucide-react";
  5 | import Link from "next/link";
> 6 | import { useMemo, useState } from "react";
    |                ^^^^^^^^
  7 |
  8 | const categories = [
  9 |   ["Biệt thự", "#biet-thu"],

Ecmascript file had an error @ http://localhost:3100/_next/static/chunks/node_modules_next_dist_1gdrd03._.js:1945
[  464440ms] [ERROR] ./src/app/du-an/page.tsx:6:16
You're importing a module that depends on `useState` into a React Server Component module. This API is only available in Client Components. To fix, mark the file (or its parent) with the `"use client"` directive.
    Learn more: https://nextjs.org/docs/app/api-reference/directives/use-client
  4 | import { MapPin, Search } from "lucide-react";
  5 | import Link from "next/link";
> 6 | import { useMemo, useState } from "react";
    |                ^^^^^^^^
  7 |
  8 | const categories = [
  9 |   ["Biệt thự", "#biet-thu"],

Ecmascript file had an error @ http://localhost:3100/_next/static/chunks/node_modules_next_dist_1gdrd03._.js:1945
[  464502ms] [ERROR] ./src/app/du-an/page.tsx:6:16
You're importing a module that depends on `useState` into a React Server Component module. This API is only available in Client Components. To fix, mark the file (or its parent) with the `"use client"` directive.
    Learn more: https://nextjs.org/docs/app/api-reference/directives/use-client
  4 | import { MapPin, Search } from "lucide-react";
  5 | import Link from "next/link";
> 6 | import { useMemo, useState } from "react";
    |                ^^^^^^^^
  7 |
  8 | const categories = [
  9 |   ["Biệt thự", "#biet-thu"],

Ecmascript file had an error @ http://localhost:3100/_next/static/chunks/node_modules_next_dist_1gdrd03._.js:1945
[  464566ms] [ERROR] ./src/app/du-an/page.tsx:6:16
You're importing a module that depends on `useState` into a React Server Component module. This API is only available in Client Components. To fix, mark the file (or its parent) with the `"use client"` directive.
    Learn more: https://nextjs.org/docs/app/api-reference/directives/use-client
  4 | import { MapPin, Search } from "lucide-react";
  5 | import Link from "next/link";
> 6 | import { useMemo, useState } from "react";
    |                ^^^^^^^^
  7 |
  8 | const categories = [
  9 |   ["Biệt thự", "#biet-thu"],

Ecmascript file had an error @ http://localhost:3100/_next/static/chunks/node_modules_next_dist_1gdrd03._.js:1945
[  464627ms] [ERROR] ./src/app/du-an/page.tsx:6:16
You're importing a module that depends on `useState` into a React Server Component module. This API is only available in Client Components. To fix, mark the file (or its parent) with the `"use client"` directive.
    Learn more: https://nextjs.org/docs/app/api-reference/directives/use-client
  4 | import { MapPin, Search } from "lucide-react";
  5 | import Link from "next/link";
> 6 | import { useMemo, useState } from "react";
    |                ^^^^^^^^
  7 |
  8 | const categories = [
  9 |   ["Biệt thự", "#biet-thu"],

Ecmascript file had an error @ http://localhost:3100/_next/static/chunks/node_modules_next_dist_1gdrd03._.js:1945
[  464689ms] [ERROR] ./src/app/du-an/page.tsx:6:16
You're importing a module that depends on `useState` into a React Server Component module. This API is only available in Client Components. To fix, mark the file (or its parent) with the `"use client"` directive.
    Learn more: https://nextjs.org/docs/app/api-reference/directives/use-client
  4 | import { MapPin, Search } from "lucide-react";
  5 | import Link from "next/link";
> 6 | import { useMemo, useState } from "react";
    |                ^^^^^^^^
  7 |
  8 | const categories = [
  9 |   ["Biệt thự", "#biet-thu"],

Ecmascript file had an error @ http://localhost:3100/_next/static/chunks/node_modules_next_dist_1gdrd03._.js:1945
[  464751ms] [ERROR] ./src/app/du-an/page.tsx:6:16
You're importing a module that depends on `useState` into a React Server Component module. This API is only available in Client Components. To fix, mark the file (or its parent) with the `"use client"` directive.
    Learn more: https://nextjs.org/docs/app/api-reference/directives/use-client
  4 | import { MapPin, Search } from "lucide-react";
  5 | import Link from "next/link";
> 6 | import { useMemo, useState } from "react";
    |                ^^^^^^^^
  7 |
  8 | const categories = [
  9 |   ["Biệt thự", "#biet-thu"],

Ecmascript file had an error @ http://localhost:3100/_next/static/chunks/node_modules_next_dist_1gdrd03._.js:1945
[  464812ms] [ERROR] ./src/app/du-an/page.tsx:6:16
You're importing a module that depends on `useState` into a React Server Component module. This API is only available in Client Components. To fix, mark the file (or its parent) with the `"use client"` directive.
    Learn more: https://nextjs.org/docs/app/api-reference/directives/use-client
  4 | import { MapPin, Search } from "lucide-react";
  5 | import Link from "next/link";
> 6 | import { useMemo, useState } from "react";
    |                ^^^^^^^^
  7 |
  8 | const categories = [
  9 |   ["Biệt thự", "#biet-thu"],

Ecmascript file had an error @ http://localhost:3100/_next/static/chunks/node_modules_next_dist_1gdrd03._.js:1945
[  464874ms] [ERROR] ./src/app/du-an/page.tsx:6:16
You're importing a module that depends on `useState` into a React Server Component module. This API is only available in Client Components. To fix, mark the file (or its parent) with the `"use client"` directive.
    Learn more: https://nextjs.org/docs/app/api-reference/directives/use-client
  4 | import { MapPin, Search } from "lucide-react";
  5 | import Link from "next/link";
> 6 | import { useMemo, useState } from "react";
    |                ^^^^^^^^
  7 |
  8 | const categories = [
  9 |   ["Biệt thự", "#biet-thu"],

Ecmascript file had an error @ http://localhost:3100/_next/static/chunks/node_modules_next_dist_1gdrd03._.js:1945
[  464957ms] [ERROR] ./src/app/du-an/page.tsx:6:16
You're importing a module that depends on `useState` into a React Server Component module. This API is only available in Client Components. To fix, mark the file (or its parent) with the `"use client"` directive.
    Learn more: https://nextjs.org/docs/app/api-reference/directives/use-client
  4 | import { MapPin, Search } from "lucide-react";
  5 | import Link from "next/link";
> 6 | import { useMemo, useState } from "react";
    |                ^^^^^^^^
  7 |
  8 | const categories = [
  9 |   ["Biệt thự", "#biet-thu"],

Ecmascript file had an error @ http://localhost:3100/_next/static/chunks/node_modules_next_dist_1gdrd03._.js:1945
[  464993ms] [LOG] [Fast Refresh] rebuilding @ http://localhost:3100/_next/static/chunks/node_modules_next_dist_1gdrd03._.js:1226
[  465062ms] [ERROR] ./src/app/du-an/page.tsx:6:16
You're importing a module that depends on `useState` into a React Server Component module. This API is only available in Client Components. To fix, mark the file (or its parent) with the `"use client"` directive.
    Learn more: https://nextjs.org/docs/app/api-reference/directives/use-client
  4 | import { MapPin, Search } from "lucide-react";
  5 | import Link from "next/link";
> 6 | import { useMemo, useState } from "react";
    |                ^^^^^^^^
  7 |
  8 | const categories = [
  9 |   ["Biệt thự", "#biet-thu"],

Ecmascript file had an error @ http://localhost:3100/_next/static/chunks/node_modules_next_dist_1gdrd03._.js:1945
[  465142ms] [ERROR] ./src/app/du-an/page.tsx:6:16
You're importing a module that depends on `useState` into a React Server Component module. This API is only available in Client Components. To fix, mark the file (or its parent) with the `"use client"` directive.
    Learn more: https://nextjs.org/docs/app/api-reference/directives/use-client
  4 | import { MapPin, Search } from "lucide-react";
  5 | import Link from "next/link";
> 6 | import { useMemo, useState } from "react";
    |                ^^^^^^^^
  7 |
  8 | const categories = [
  9 |   ["Biệt thự", "#biet-thu"],

Ecmascript file had an error @ http://localhost:3100/_next/static/chunks/node_modules_next_dist_1gdrd03._.js:1945
[  465248ms] [ERROR] ./src/app/du-an/page.tsx:6:16
You're importing a module that depends on `useState` into a React Server Component module. This API is only available in Client Components. To fix, mark the file (or its parent) with the `"use client"` directive.
    Learn more: https://nextjs.org/docs/app/api-reference/directives/use-client
  4 | import { MapPin, Search } from "lucide-react";
  5 | import Link from "next/link";
> 6 | import { useMemo, useState } from "react";
    |                ^^^^^^^^
  7 |
  8 | const categories = [
  9 |   ["Biệt thự", "#biet-thu"],

Ecmascript file had an error @ http://localhost:3100/_next/static/chunks/node_modules_next_dist_1gdrd03._.js:1945
[  465309ms] [ERROR] ./src/app/du-an/page.tsx:6:16
You're importing a module that depends on `useState` into a React Server Component module. This API is only available in Client Components. To fix, mark the file (or its parent) with the `"use client"` directive.
    Learn more: https://nextjs.org/docs/app/api-reference/directives/use-client
  4 | import { MapPin, Search } from "lucide-react";
  5 | import Link from "next/link";
> 6 | import { useMemo, useState } from "react";
    |                ^^^^^^^^
  7 |
  8 | const categories = [
  9 |   ["Biệt thự", "#biet-thu"],

Ecmascript file had an error @ http://localhost:3100/_next/static/chunks/node_modules_next_dist_1gdrd03._.js:1945
[  465371ms] [ERROR] ./src/app/du-an/page.tsx:6:16
You're importing a module that depends on `useState` into a React Server Component module. This API is only available in Client Components. To fix, mark the file (or its parent) with the `"use client"` directive.
    Learn more: https://nextjs.org/docs/app/api-reference/directives/use-client
  4 | import { MapPin, Search } from "lucide-react";
  5 | import Link from "next/link";
> 6 | import { useMemo, useState } from "react";
    |                ^^^^^^^^
  7 |
  8 | const categories = [
  9 |   ["Biệt thự", "#biet-thu"],

Ecmascript file had an error @ http://localhost:3100/_next/static/chunks/node_modules_next_dist_1gdrd03._.js:1945
[  465434ms] [ERROR] ./src/app/du-an/page.tsx:6:16
You're importing a module that depends on `useState` into a React Server Component module. This API is only available in Client Components. To fix, mark the file (or its parent) with the `"use client"` directive.
    Learn more: https://nextjs.org/docs/app/api-reference/directives/use-client
  4 | import { MapPin, Search } from "lucide-react";
  5 | import Link from "next/link";
> 6 | import { useMemo, useState } from "react";
    |                ^^^^^^^^
  7 |
  8 | const categories = [
  9 |   ["Biệt thự", "#biet-thu"],

Ecmascript file had an error @ http://localhost:3100/_next/static/chunks/node_modules_next_dist_1gdrd03._.js:1945
[  465497ms] [ERROR] ./src/app/du-an/page.tsx:6:16
You're importing a module that depends on `useState` into a React Server Component module. This API is only available in Client Components. To fix, mark the file (or its parent) with the `"use client"` directive.
    Learn more: https://nextjs.org/docs/app/api-reference/directives/use-client
  4 | import { MapPin, Search } from "lucide-react";
  5 | import Link from "next/link";
> 6 | import { useMemo, useState } from "react";
    |                ^^^^^^^^
  7 |
  8 | const categories = [
  9 |   ["Biệt thự", "#biet-thu"],

Ecmascript file had an error @ http://localhost:3100/_next/static/chunks/node_modules_next_dist_1gdrd03._.js:1945
[  465560ms] [ERROR] ./src/app/du-an/page.tsx:6:16
You're importing a module that depends on `useState` into a React Server Component module. This API is only available in Client Components. To fix, mark the file (or its parent) with the `"use client"` directive.
    Learn more: https://nextjs.org/docs/app/api-reference/directives/use-client
  4 | import { MapPin, Search } from "lucide-react";
  5 | import Link from "next/link";
> 6 | import { useMemo, useState } from "react";
    |                ^^^^^^^^
  7 |
  8 | const categories = [
  9 |   ["Biệt thự", "#biet-thu"],

Ecmascript file had an error @ http://localhost:3100/_next/static/chunks/node_modules_next_dist_1gdrd03._.js:1945
[  465622ms] [ERROR] ./src/app/du-an/page.tsx:6:16
You're importing a module that depends on `useState` into a React Server Component module. This API is only available in Client Components. To fix, mark the file (or its parent) with the `"use client"` directive.
    Learn more: https://nextjs.org/docs/app/api-reference/directives/use-client
  4 | import { MapPin, Search } from "lucide-react";
  5 | import Link from "next/link";
> 6 | import { useMemo, useState } from "react";
    |                ^^^^^^^^
  7 |
  8 | const categories = [
  9 |   ["Biệt thự", "#biet-thu"],

Ecmascript file had an error @ http://localhost:3100/_next/static/chunks/node_modules_next_dist_1gdrd03._.js:1945
[  465686ms] [ERROR] ./src/app/du-an/page.tsx:6:16
You're importing a module that depends on `useState` into a React Server Component module. This API is only available in Client Components. To fix, mark the file (or its parent) with the `"use client"` directive.
    Learn more: https://nextjs.org/docs/app/api-reference/directives/use-client
  4 | import { MapPin, Search } from "lucide-react";
  5 | import Link from "next/link";
> 6 | import { useMemo, useState } from "react";
    |                ^^^^^^^^
  7 |
  8 | const categories = [
  9 |   ["Biệt thự", "#biet-thu"],

Ecmascript file had an error @ http://localhost:3100/_next/static/chunks/node_modules_next_dist_1gdrd03._.js:1945
[  465750ms] [ERROR] ./src/app/du-an/page.tsx:6:16
You're importing a module that depends on `useState` into a React Server Component module. This API is only available in Client Components. To fix, mark the file (or its parent) with the `"use client"` directive.
    Learn more: https://nextjs.org/docs/app/api-reference/directives/use-client
  4 | import { MapPin, Search } from "lucide-react";
  5 | import Link from "next/link";
> 6 | import { useMemo, useState } from "react";
    |                ^^^^^^^^
  7 |
  8 | const categories = [
  9 |   ["Biệt thự", "#biet-thu"],

Ecmascript file had an error @ http://localhost:3100/_next/static/chunks/node_modules_next_dist_1gdrd03._.js:1945
[  465800ms] [ERROR] ./src/app/du-an/page.tsx:6:16
You're importing a module that depends on `useState` into a React Server Component module. This API is only available in Client Components. To fix, mark the file (or its parent) with the `"use client"` directive.
    Learn more: https://nextjs.org/docs/app/api-reference/directives/use-client
  4 | import { MapPin, Search } from "lucide-react";
  5 | import Link from "next/link";
> 6 | import { useMemo, useState } from "react";
    |                ^^^^^^^^
  7 |
  8 | const categories = [
  9 |   ["Biệt thự", "#biet-thu"],

Ecmascript file had an error @ http://localhost:3100/_next/static/chunks/node_modules_next_dist_1gdrd03._.js:1945
[  465862ms] [ERROR] ./src/app/du-an/page.tsx:6:16
You're importing a module that depends on `useState` into a React Server Component module. This API is only available in Client Components. To fix, mark the file (or its parent) with the `"use client"` directive.
    Learn more: https://nextjs.org/docs/app/api-reference/directives/use-client
  4 | import { MapPin, Search } from "lucide-react";
  5 | import Link from "next/link";
> 6 | import { useMemo, useState } from "react";
    |                ^^^^^^^^
  7 |
  8 | const categories = [
  9 |   ["Biệt thự", "#biet-thu"],

Ecmascript file had an error @ http://localhost:3100/_next/static/chunks/node_modules_next_dist_1gdrd03._.js:1945
[  465926ms] [ERROR] ./src/app/du-an/page.tsx:6:16
You're importing a module that depends on `useState` into a React Server Component module. This API is only available in Client Components. To fix, mark the file (or its parent) with the `"use client"` directive.
    Learn more: https://nextjs.org/docs/app/api-reference/directives/use-client
  4 | import { MapPin, Search } from "lucide-react";
  5 | import Link from "next/link";
> 6 | import { useMemo, useState } from "react";
    |                ^^^^^^^^
  7 |
  8 | const categories = [
  9 |   ["Biệt thự", "#biet-thu"],

Ecmascript file had an error @ http://localhost:3100/_next/static/chunks/node_modules_next_dist_1gdrd03._.js:1945
[  465988ms] [ERROR] ./src/app/du-an/page.tsx:6:16
You're importing a module that depends on `useState` into a React Server Component module. This API is only available in Client Components. To fix, mark the file (or its parent) with the `"use client"` directive.
    Learn more: https://nextjs.org/docs/app/api-reference/directives/use-client
  4 | import { MapPin, Search } from "lucide-react";
  5 | import Link from "next/link";
> 6 | import { useMemo, useState } from "react";
    |                ^^^^^^^^
  7 |
  8 | const categories = [
  9 |   ["Biệt thự", "#biet-thu"],

Ecmascript file had an error @ http://localhost:3100/_next/static/chunks/node_modules_next_dist_1gdrd03._.js:1945
[  466052ms] [ERROR] ./src/app/du-an/page.tsx:6:16
You're importing a module that depends on `useState` into a React Server Component module. This API is only available in Client Components. To fix, mark the file (or its parent) with the `"use client"` directive.
    Learn more: https://nextjs.org/docs/app/api-reference/directives/use-client
  4 | import { MapPin, Search } from "lucide-react";
  5 | import Link from "next/link";
> 6 | import { useMemo, useState } from "react";
    |                ^^^^^^^^
  7 |
  8 | const categories = [
  9 |   ["Biệt thự", "#biet-thu"],

Ecmascript file had an error @ http://localhost:3100/_next/static/chunks/node_modules_next_dist_1gdrd03._.js:1945
[  466116ms] [ERROR] ./src/app/du-an/page.tsx:6:16
You're importing a module that depends on `useState` into a React Server Component module. This API is only available in Client Components. To fix, mark the file (or its parent) with the `"use client"` directive.
    Learn more: https://nextjs.org/docs/app/api-reference/directives/use-client
  4 | import { MapPin, Search } from "lucide-react";
  5 | import Link from "next/link";
> 6 | import { useMemo, useState } from "react";
    |                ^^^^^^^^
  7 |
  8 | const categories = [
  9 |   ["Biệt thự", "#biet-thu"],

Ecmascript file had an error @ http://localhost:3100/_next/static/chunks/node_modules_next_dist_1gdrd03._.js:1945
[  466179ms] [ERROR] ./src/app/du-an/page.tsx:6:16
You're importing a module that depends on `useState` into a React Server Component module. This API is only available in Client Components. To fix, mark the file (or its parent) with the `"use client"` directive.
    Learn more: https://nextjs.org/docs/app/api-reference/directives/use-client
  4 | import { MapPin, Search } from "lucide-react";
  5 | import Link from "next/link";
> 6 | import { useMemo, useState } from "react";
    |                ^^^^^^^^
  7 |
  8 | const categories = [
  9 |   ["Biệt thự", "#biet-thu"],

Ecmascript file had an error @ http://localhost:3100/_next/static/chunks/node_modules_next_dist_1gdrd03._.js:1945
[  466241ms] [ERROR] ./src/app/du-an/page.tsx:6:16
You're importing a module that depends on `useState` into a React Server Component module. This API is only available in Client Components. To fix, mark the file (or its parent) with the `"use client"` directive.
    Learn more: https://nextjs.org/docs/app/api-reference/directives/use-client
  4 | import { MapPin, Search } from "lucide-react";
  5 | import Link from "next/link";
> 6 | import { useMemo, useState } from "react";
    |                ^^^^^^^^
  7 |
  8 | const categories = [
  9 |   ["Biệt thự", "#biet-thu"],

Ecmascript file had an error @ http://localhost:3100/_next/static/chunks/node_modules_next_dist_1gdrd03._.js:1945
[  466306ms] [ERROR] ./src/app/du-an/page.tsx:6:16
You're importing a module that depends on `useState` into a React Server Component module. This API is only available in Client Components. To fix, mark the file (or its parent) with the `"use client"` directive.
    Learn more: https://nextjs.org/docs/app/api-reference/directives/use-client
  4 | import { MapPin, Search } from "lucide-react";
  5 | import Link from "next/link";
> 6 | import { useMemo, useState } from "react";
    |                ^^^^^^^^
  7 |
  8 | const categories = [
  9 |   ["Biệt thự", "#biet-thu"],

Ecmascript file had an error @ http://localhost:3100/_next/static/chunks/node_modules_next_dist_1gdrd03._.js:1945
[  466367ms] [ERROR] ./src/app/du-an/page.tsx:6:16
You're importing a module that depends on `useState` into a React Server Component module. This API is only available in Client Components. To fix, mark the file (or its parent) with the `"use client"` directive.
    Learn more: https://nextjs.org/docs/app/api-reference/directives/use-client
  4 | import { MapPin, Search } from "lucide-react";
  5 | import Link from "next/link";
> 6 | import { useMemo, useState } from "react";
    |                ^^^^^^^^
  7 |
  8 | const categories = [
  9 |   ["Biệt thự", "#biet-thu"],

Ecmascript file had an error @ http://localhost:3100/_next/static/chunks/node_modules_next_dist_1gdrd03._.js:1945
[  466430ms] [ERROR] ./src/app/du-an/page.tsx:6:16
You're importing a module that depends on `useState` into a React Server Component module. This API is only available in Client Components. To fix, mark the file (or its parent) with the `"use client"` directive.
    Learn more: https://nextjs.org/docs/app/api-reference/directives/use-client
  4 | import { MapPin, Search } from "lucide-react";
  5 | import Link from "next/link";
> 6 | import { useMemo, useState } from "react";
    |                ^^^^^^^^
  7 |
  8 | const categories = [
  9 |   ["Biệt thự", "#biet-thu"],

Ecmascript file had an error @ http://localhost:3100/_next/static/chunks/node_modules_next_dist_1gdrd03._.js:1945
[  466492ms] [ERROR] ./src/app/du-an/page.tsx:6:16
You're importing a module that depends on `useState` into a React Server Component module. This API is only available in Client Components. To fix, mark the file (or its parent) with the `"use client"` directive.
    Learn more: https://nextjs.org/docs/app/api-reference/directives/use-client
  4 | import { MapPin, Search } from "lucide-react";
  5 | import Link from "next/link";
> 6 | import { useMemo, useState } from "react";
    |                ^^^^^^^^
  7 |
  8 | const categories = [
  9 |   ["Biệt thự", "#biet-thu"],

Ecmascript file had an error @ http://localhost:3100/_next/static/chunks/node_modules_next_dist_1gdrd03._.js:1945
[  466556ms] [ERROR] ./src/app/du-an/page.tsx:6:16
You're importing a module that depends on `useState` into a React Server Component module. This API is only available in Client Components. To fix, mark the file (or its parent) with the `"use client"` directive.
    Learn more: https://nextjs.org/docs/app/api-reference/directives/use-client
  4 | import { MapPin, Search } from "lucide-react";
  5 | import Link from "next/link";
> 6 | import { useMemo, useState } from "react";
    |                ^^^^^^^^
  7 |
  8 | const categories = [
  9 |   ["Biệt thự", "#biet-thu"],

Ecmascript file had an error @ http://localhost:3100/_next/static/chunks/node_modules_next_dist_1gdrd03._.js:1945
[  466616ms] [ERROR] ./src/app/du-an/page.tsx:6:16
You're importing a module that depends on `useState` into a React Server Component module. This API is only available in Client Components. To fix, mark the file (or its parent) with the `"use client"` directive.
    Learn more: https://nextjs.org/docs/app/api-reference/directives/use-client
  4 | import { MapPin, Search } from "lucide-react";
  5 | import Link from "next/link";
> 6 | import { useMemo, useState } from "react";
    |                ^^^^^^^^
  7 |
  8 | const categories = [
  9 |   ["Biệt thự", "#biet-thu"],

Ecmascript file had an error @ http://localhost:3100/_next/static/chunks/node_modules_next_dist_1gdrd03._.js:1945
[  466678ms] [ERROR] ./src/app/du-an/page.tsx:6:16
You're importing a module that depends on `useState` into a React Server Component module. This API is only available in Client Components. To fix, mark the file (or its parent) with the `"use client"` directive.
    Learn more: https://nextjs.org/docs/app/api-reference/directives/use-client
  4 | import { MapPin, Search } from "lucide-react";
  5 | import Link from "next/link";
> 6 | import { useMemo, useState } from "react";
    |                ^^^^^^^^
  7 |
  8 | const categories = [
  9 |   ["Biệt thự", "#biet-thu"],

Ecmascript file had an error @ http://localhost:3100/_next/static/chunks/node_modules_next_dist_1gdrd03._.js:1945
[  466741ms] [ERROR] ./src/app/du-an/page.tsx:6:16
You're importing a module that depends on `useState` into a React Server Component module. This API is only available in Client Components. To fix, mark the file (or its parent) with the `"use client"` directive.
    Learn more: https://nextjs.org/docs/app/api-reference/directives/use-client
  4 | import { MapPin, Search } from "lucide-react";
  5 | import Link from "next/link";
> 6 | import { useMemo, useState } from "react";
    |                ^^^^^^^^
  7 |
  8 | const categories = [
  9 |   ["Biệt thự", "#biet-thu"],

Ecmascript file had an error @ http://localhost:3100/_next/static/chunks/node_modules_next_dist_1gdrd03._.js:1945
[  466803ms] [ERROR] ./src/app/du-an/page.tsx:6:16
You're importing a module that depends on `useState` into a React Server Component module. This API is only available in Client Components. To fix, mark the file (or its parent) with the `"use client"` directive.
    Learn more: https://nextjs.org/docs/app/api-reference/directives/use-client
  4 | import { MapPin, Search } from "lucide-react";
  5 | import Link from "next/link";
> 6 | import { useMemo, useState } from "react";
    |                ^^^^^^^^
  7 |
  8 | const categories = [
  9 |   ["Biệt thự", "#biet-thu"],

Ecmascript file had an error @ http://localhost:3100/_next/static/chunks/node_modules_next_dist_1gdrd03._.js:1945
[  466867ms] [ERROR] ./src/app/du-an/page.tsx:6:16
You're importing a module that depends on `useState` into a React Server Component module. This API is only available in Client Components. To fix, mark the file (or its parent) with the `"use client"` directive.
    Learn more: https://nextjs.org/docs/app/api-reference/directives/use-client
  4 | import { MapPin, Search } from "lucide-react";
  5 | import Link from "next/link";
> 6 | import { useMemo, useState } from "react";
    |                ^^^^^^^^
  7 |
  8 | const categories = [
  9 |   ["Biệt thự", "#biet-thu"],

Ecmascript file had an error @ http://localhost:3100/_next/static/chunks/node_modules_next_dist_1gdrd03._.js:1945
[  466930ms] [ERROR] ./src/app/du-an/page.tsx:6:16
You're importing a module that depends on `useState` into a React Server Component module. This API is only available in Client Components. To fix, mark the file (or its parent) with the `"use client"` directive.
    Learn more: https://nextjs.org/docs/app/api-reference/directives/use-client
  4 | import { MapPin, Search } from "lucide-react";
  5 | import Link from "next/link";
> 6 | import { useMemo, useState } from "react";
    |                ^^^^^^^^
  7 |
  8 | const categories = [
  9 |   ["Biệt thự", "#biet-thu"],

Ecmascript file had an error @ http://localhost:3100/_next/static/chunks/node_modules_next_dist_1gdrd03._.js:1945
[  466994ms] [ERROR] ./src/app/du-an/page.tsx:6:16
You're importing a module that depends on `useState` into a React Server Component module. This API is only available in Client Components. To fix, mark the file (or its parent) with the `"use client"` directive.
    Learn more: https://nextjs.org/docs/app/api-reference/directives/use-client
  4 | import { MapPin, Search } from "lucide-react";
  5 | import Link from "next/link";
> 6 | import { useMemo, useState } from "react";
    |                ^^^^^^^^
  7 |
  8 | const categories = [
  9 |   ["Biệt thự", "#biet-thu"],

Ecmascript file had an error @ http://localhost:3100/_next/static/chunks/node_modules_next_dist_1gdrd03._.js:1945
[  467059ms] [ERROR] ./src/app/du-an/page.tsx:6:16
You're importing a module that depends on `useState` into a React Server Component module. This API is only available in Client Components. To fix, mark the file (or its parent) with the `"use client"` directive.
    Learn more: https://nextjs.org/docs/app/api-reference/directives/use-client
  4 | import { MapPin, Search } from "lucide-react";
  5 | import Link from "next/link";
> 6 | import { useMemo, useState } from "react";
    |                ^^^^^^^^
  7 |
  8 | const categories = [
  9 |   ["Biệt thự", "#biet-thu"],

Ecmascript file had an error @ http://localhost:3100/_next/static/chunks/node_modules_next_dist_1gdrd03._.js:1945
[  467119ms] [ERROR] ./src/app/du-an/page.tsx:6:16
You're importing a module that depends on `useState` into a React Server Component module. This API is only available in Client Components. To fix, mark the file (or its parent) with the `"use client"` directive.
    Learn more: https://nextjs.org/docs/app/api-reference/directives/use-client
  4 | import { MapPin, Search } from "lucide-react";
  5 | import Link from "next/link";
> 6 | import { useMemo, useState } from "react";
    |                ^^^^^^^^
  7 |
  8 | const categories = [
  9 |   ["Biệt thự", "#biet-thu"],

Ecmascript file had an error @ http://localhost:3100/_next/static/chunks/node_modules_next_dist_1gdrd03._.js:1945
[  467182ms] [ERROR] ./src/app/du-an/page.tsx:6:16
You're importing a module that depends on `useState` into a React Server Component module. This API is only available in Client Components. To fix, mark the file (or its parent) with the `"use client"` directive.
    Learn more: https://nextjs.org/docs/app/api-reference/directives/use-client
  4 | import { MapPin, Search } from "lucide-react";
  5 | import Link from "next/link";
> 6 | import { useMemo, useState } from "react";
    |                ^^^^^^^^
  7 |
  8 | const categories = [
  9 |   ["Biệt thự", "#biet-thu"],

Ecmascript file had an error @ http://localhost:3100/_next/static/chunks/node_modules_next_dist_1gdrd03._.js:1945
[  467246ms] [ERROR] ./src/app/du-an/page.tsx:6:16
You're importing a module that depends on `useState` into a React Server Component module. This API is only available in Client Components. To fix, mark the file (or its parent) with the `"use client"` directive.
    Learn more: https://nextjs.org/docs/app/api-reference/directives/use-client
  4 | import { MapPin, Search } from "lucide-react";
  5 | import Link from "next/link";
> 6 | import { useMemo, useState } from "react";
    |                ^^^^^^^^
  7 |
  8 | const categories = [
  9 |   ["Biệt thự", "#biet-thu"],

Ecmascript file had an error @ http://localhost:3100/_next/static/chunks/node_modules_next_dist_1gdrd03._.js:1945
[  467309ms] [ERROR] ./src/app/du-an/page.tsx:6:16
You're importing a module that depends on `useState` into a React Server Component module. This API is only available in Client Components. To fix, mark the file (or its parent) with the `"use client"` directive.
    Learn more: https://nextjs.org/docs/app/api-reference/directives/use-client
  4 | import { MapPin, Search } from "lucide-react";
  5 | import Link from "next/link";
> 6 | import { useMemo, useState } from "react";
    |                ^^^^^^^^
  7 |
  8 | const categories = [
  9 |   ["Biệt thự", "#biet-thu"],

Ecmascript file had an error @ http://localhost:3100/_next/static/chunks/node_modules_next_dist_1gdrd03._.js:1945
[  467374ms] [ERROR] ./src/app/du-an/page.tsx:6:16
You're importing a module that depends on `useState` into a React Server Component module. This API is only available in Client Components. To fix, mark the file (or its parent) with the `"use client"` directive.
    Learn more: https://nextjs.org/docs/app/api-reference/directives/use-client
  4 | import { MapPin, Search } from "lucide-react";
  5 | import Link from "next/link";
> 6 | import { useMemo, useState } from "react";
    |                ^^^^^^^^
  7 |
  8 | const categories = [
  9 |   ["Biệt thự", "#biet-thu"],

Ecmascript file had an error @ http://localhost:3100/_next/static/chunks/node_modules_next_dist_1gdrd03._.js:1945
[  467434ms] [ERROR] ./src/app/du-an/page.tsx:6:16
You're importing a module that depends on `useState` into a React Server Component module. This API is only available in Client Components. To fix, mark the file (or its parent) with the `"use client"` directive.
    Learn more: https://nextjs.org/docs/app/api-reference/directives/use-client
  4 | import { MapPin, Search } from "lucide-react";
  5 | import Link from "next/link";
> 6 | import { useMemo, useState } from "react";
    |                ^^^^^^^^
  7 |
  8 | const categories = [
  9 |   ["Biệt thự", "#biet-thu"],

Ecmascript file had an error @ http://localhost:3100/_next/static/chunks/node_modules_next_dist_1gdrd03._.js:1945
[  467496ms] [ERROR] ./src/app/du-an/page.tsx:6:16
You're importing a module that depends on `useState` into a React Server Component module. This API is only available in Client Components. To fix, mark the file (or its parent) with the `"use client"` directive.
    Learn more: https://nextjs.org/docs/app/api-reference/directives/use-client
  4 | import { MapPin, Search } from "lucide-react";
  5 | import Link from "next/link";
> 6 | import { useMemo, useState } from "react";
    |                ^^^^^^^^
  7 |
  8 | const categories = [
  9 |   ["Biệt thự", "#biet-thu"],

Ecmascript file had an error @ http://localhost:3100/_next/static/chunks/node_modules_next_dist_1gdrd03._.js:1945
[  467558ms] [ERROR] ./src/app/du-an/page.tsx:6:16
You're importing a module that depends on `useState` into a React Server Component module. This API is only available in Client Components. To fix, mark the file (or its parent) with the `"use client"` directive.
    Learn more: https://nextjs.org/docs/app/api-reference/directives/use-client
  4 | import { MapPin, Search } from "lucide-react";
  5 | import Link from "next/link";
> 6 | import { useMemo, useState } from "react";
    |                ^^^^^^^^
  7 |
  8 | const categories = [
  9 |   ["Biệt thự", "#biet-thu"],

Ecmascript file had an error @ http://localhost:3100/_next/static/chunks/node_modules_next_dist_1gdrd03._.js:1945
[  467615ms] [ERROR] ./src/app/du-an/page.tsx:6:16
You're importing a module that depends on `useState` into a React Server Component module. This API is only available in Client Components. To fix, mark the file (or its parent) with the `"use client"` directive.
    Learn more: https://nextjs.org/docs/app/api-reference/directives/use-client
  4 | import { MapPin, Search } from "lucide-react";
  5 | import Link from "next/link";
> 6 | import { useMemo, useState } from "react";
    |                ^^^^^^^^
  7 |
  8 | const categories = [
  9 |   ["Biệt thự", "#biet-thu"],

Ecmascript file had an error @ http://localhost:3100/_next/static/chunks/node_modules_next_dist_1gdrd03._.js:1945
[  467677ms] [ERROR] ./src/app/du-an/page.tsx:6:16
You're importing a module that depends on `useState` into a React Server Component module. This API is only available in Client Components. To fix, mark the file (or its parent) with the `"use client"` directive.
    Learn more: https://nextjs.org/docs/app/api-reference/directives/use-client
  4 | import { MapPin, Search } from "lucide-react";
  5 | import Link from "next/link";
> 6 | import { useMemo, useState } from "react";
    |                ^^^^^^^^
  7 |
  8 | const categories = [
  9 |   ["Biệt thự", "#biet-thu"],

Ecmascript file had an error @ http://localhost:3100/_next/static/chunks/node_modules_next_dist_1gdrd03._.js:1945
[  467739ms] [ERROR] ./src/app/du-an/page.tsx:6:16
You're importing a module that depends on `useState` into a React Server Component module. This API is only available in Client Components. To fix, mark the file (or its parent) with the `"use client"` directive.
    Learn more: https://nextjs.org/docs/app/api-reference/directives/use-client
  4 | import { MapPin, Search } from "lucide-react";
  5 | import Link from "next/link";
> 6 | import { useMemo, useState } from "react";
    |                ^^^^^^^^
  7 |
  8 | const categories = [
  9 |   ["Biệt thự", "#biet-thu"],

Ecmascript file had an error @ http://localhost:3100/_next/static/chunks/node_modules_next_dist_1gdrd03._.js:1945
[  467802ms] [ERROR] ./src/app/du-an/page.tsx:6:16
You're importing a module that depends on `useState` into a React Server Component module. This API is only available in Client Components. To fix, mark the file (or its parent) with the `"use client"` directive.
    Learn more: https://nextjs.org/docs/app/api-reference/directives/use-client
  4 | import { MapPin, Search } from "lucide-react";
  5 | import Link from "next/link";
> 6 | import { useMemo, useState } from "react";
    |                ^^^^^^^^
  7 |
  8 | const categories = [
  9 |   ["Biệt thự", "#biet-thu"],

Ecmascript file had an error @ http://localhost:3100/_next/static/chunks/node_modules_next_dist_1gdrd03._.js:1945
[  467865ms] [ERROR] ./src/app/du-an/page.tsx:6:16
You're importing a module that depends on `useState` into a React Server Component module. This API is only available in Client Components. To fix, mark the file (or its parent) with the `"use client"` directive.
    Learn more: https://nextjs.org/docs/app/api-reference/directives/use-client
  4 | import { MapPin, Search } from "lucide-react";
  5 | import Link from "next/link";
> 6 | import { useMemo, useState } from "react";
    |                ^^^^^^^^
  7 |
  8 | const categories = [
  9 |   ["Biệt thự", "#biet-thu"],

Ecmascript file had an error @ http://localhost:3100/_next/static/chunks/node_modules_next_dist_1gdrd03._.js:1945
[  467928ms] [ERROR] ./src/app/du-an/page.tsx:6:16
You're importing a module that depends on `useState` into a React Server Component module. This API is only available in Client Components. To fix, mark the file (or its parent) with the `"use client"` directive.
    Learn more: https://nextjs.org/docs/app/api-reference/directives/use-client
  4 | import { MapPin, Search } from "lucide-react";
  5 | import Link from "next/link";
> 6 | import { useMemo, useState } from "react";
    |                ^^^^^^^^
  7 |
  8 | const categories = [
  9 |   ["Biệt thự", "#biet-thu"],

Ecmascript file had an error @ http://localhost:3100/_next/static/chunks/node_modules_next_dist_1gdrd03._.js:1945
[  467991ms] [ERROR] ./src/app/du-an/page.tsx:6:16
You're importing a module that depends on `useState` into a React Server Component module. This API is only available in Client Components. To fix, mark the file (or its parent) with the `"use client"` directive.
    Learn more: https://nextjs.org/docs/app/api-reference/directives/use-client
  4 | import { MapPin, Search } from "lucide-react";
  5 | import Link from "next/link";
> 6 | import { useMemo, useState } from "react";
    |                ^^^^^^^^
  7 |
  8 | const categories = [
  9 |   ["Biệt thự", "#biet-thu"],

Ecmascript file had an error @ http://localhost:3100/_next/static/chunks/node_modules_next_dist_1gdrd03._.js:1945
[  468055ms] [ERROR] ./src/app/du-an/page.tsx:6:16
You're importing a module that depends on `useState` into a React Server Component module. This API is only available in Client Components. To fix, mark the file (or its parent) with the `"use client"` directive.
    Learn more: https://nextjs.org/docs/app/api-reference/directives/use-client
  4 | import { MapPin, Search } from "lucide-react";
  5 | import Link from "next/link";
> 6 | import { useMemo, useState } from "react";
    |                ^^^^^^^^
  7 |
  8 | const categories = [
  9 |   ["Biệt thự", "#biet-thu"],

Ecmascript file had an error @ http://localhost:3100/_next/static/chunks/node_modules_next_dist_1gdrd03._.js:1945
[  468118ms] [ERROR] ./src/app/du-an/page.tsx:6:16
You're importing a module that depends on `useState` into a React Server Component module. This API is only available in Client Components. To fix, mark the file (or its parent) with the `"use client"` directive.
    Learn more: https://nextjs.org/docs/app/api-reference/directives/use-client
  4 | import { MapPin, Search } from "lucide-react";
  5 | import Link from "next/link";
> 6 | import { useMemo, useState } from "react";
    |                ^^^^^^^^
  7 |
  8 | const categories = [
  9 |   ["Biệt thự", "#biet-thu"],

Ecmascript file had an error @ http://localhost:3100/_next/static/chunks/node_modules_next_dist_1gdrd03._.js:1945
[  468179ms] [ERROR] ./src/app/du-an/page.tsx:6:16
You're importing a module that depends on `useState` into a React Server Component module. This API is only available in Client Components. To fix, mark the file (or its parent) with the `"use client"` directive.
    Learn more: https://nextjs.org/docs/app/api-reference/directives/use-client
  4 | import { MapPin, Search } from "lucide-react";
  5 | import Link from "next/link";
> 6 | import { useMemo, useState } from "react";
    |                ^^^^^^^^
  7 |
  8 | const categories = [
  9 |   ["Biệt thự", "#biet-thu"],

Ecmascript file had an error @ http://localhost:3100/_next/static/chunks/node_modules_next_dist_1gdrd03._.js:1945
[  468242ms] [ERROR] ./src/app/du-an/page.tsx:6:16
You're importing a module that depends on `useState` into a React Server Component module. This API is only available in Client Components. To fix, mark the file (or its parent) with the `"use client"` directive.
    Learn more: https://nextjs.org/docs/app/api-reference/directives/use-client
  4 | import { MapPin, Search } from "lucide-react";
  5 | import Link from "next/link";
> 6 | import { useMemo, useState } from "react";
    |                ^^^^^^^^
  7 |
  8 | const categories = [
  9 |   ["Biệt thự", "#biet-thu"],

Ecmascript file had an error @ http://localhost:3100/_next/static/chunks/node_modules_next_dist_1gdrd03._.js:1945
[  468297ms] [ERROR] ./src/app/du-an/page.tsx:6:16
You're importing a module that depends on `useState` into a React Server Component module. This API is only available in Client Components. To fix, mark the file (or its parent) with the `"use client"` directive.
    Learn more: https://nextjs.org/docs/app/api-reference/directives/use-client
  4 | import { MapPin, Search } from "lucide-react";
  5 | import Link from "next/link";
> 6 | import { useMemo, useState } from "react";
    |                ^^^^^^^^
  7 |
  8 | const categories = [
  9 |   ["Biệt thự", "#biet-thu"],

Ecmascript file had an error @ http://localhost:3100/_next/static/chunks/node_modules_next_dist_1gdrd03._.js:1945
[  468347ms] [ERROR] ./src/app/du-an/page.tsx:6:16
You're importing a module that depends on `useState` into a React Server Component module. This API is only available in Client Components. To fix, mark the file (or its parent) with the `"use client"` directive.
    Learn more: https://nextjs.org/docs/app/api-reference/directives/use-client
  4 | import { MapPin, Search } from "lucide-react";
  5 | import Link from "next/link";
> 6 | import { useMemo, useState } from "react";
    |                ^^^^^^^^
  7 |
  8 | const categories = [
  9 |   ["Biệt thự", "#biet-thu"],

Ecmascript file had an error @ http://localhost:3100/_next/static/chunks/node_modules_next_dist_1gdrd03._.js:1945
[  468438ms] [LOG] [Fast Refresh] rebuilding @ http://localhost:3100/_next/static/chunks/node_modules_next_dist_1gdrd03._.js:1226
[  468440ms] [ERROR] ./src/app/du-an/page.tsx:6:16
You're importing a module that depends on `useState` into a React Server Component module. This API is only available in Client Components. To fix, mark the file (or its parent) with the `"use client"` directive.
    Learn more: https://nextjs.org/docs/app/api-reference/directives/use-client
  4 | import { MapPin, Search } from "lucide-react";
  5 | import Link from "next/link";
> 6 | import { useMemo, useState } from "react";
    |                ^^^^^^^^
  7 |
  8 | const categories = [
  9 |   ["Biệt thự", "#biet-thu"],

Ecmascript file had an error @ http://localhost:3100/_next/static/chunks/node_modules_next_dist_1gdrd03._.js:1945
[  468478ms] [ERROR] Failed to load resource: the server responded with a status of 500 (Internal Server Error) @ http://localhost:3100/:0
[  468498ms] [INFO] %cDownload the React DevTools for a better development experience: https://react.dev/link/react-devtools font-weight:bold @ http://localhost:3100/_next/static/chunks/node_modules_react-dom_0kla17-._.js:15305
[  468506ms] Error: ./src/app/du-an/page.tsx:6:16
You're importing a module that depends on `useState` into a React Server Component module. This API is only available in Client Components. To fix, mark the file (or its parent) with the `"use client"` directive.
    Learn more: https://nextjs.org/docs/app/api-reference/directives/use-client
  4 | import { MapPin, Search } from "lucide-react";
  5 | import Link from "next/link";
> 6 | import { useMemo, useState } from "react";
    |                ^^^^^^^^
  7 |
  8 | const categories = [
  9 |   ["Biệt thự", "#biet-thu"],

Ecmascript file had an error


    at <unknown> (Error: ./src/app/du-an/page.tsx:6:16)
    at Object.getCompilationErrors (file://F:\Nextjs\eurowindowhcm\node_modules\next\dist\server\dev\hot-reloader-turbopack.js:1186:59)
    at DevBundlerService.getCompilationError (file://F:\Nextjs\eurowindowhcm\node_modules\next\dist\server\lib\dev-bundler-service.js:44:55)
    at DevServer.getCompilationError (file://F:\Nextjs\eurowindowhcm\node_modules\next\dist\server\dev\next-dev-server.js:720:42)
    at DevServer.findPageComponents (file://F:\Nextjs\eurowindowhcm\node_modules\next\dist\server\dev\next-dev-server.js:690:43)
    at async DevServer.renderErrorToResponseImpl (file://F:\Nextjs\eurowindowhcm\node_modules\next\dist\server\base-server.js:1753:26)
[  468508ms] [LOG] [HMR] connected @ http://localhost:3100/_next/static/chunks/node_modules_next_dist_1gdrd03._.js:1226
[  468509ms] [ERROR] ./src/app/du-an/page.tsx:6:16
You're importing a module that depends on `useState` into a React Server Component module. This API is only available in Client Components. To fix, mark the file (or its parent) with the `"use client"` directive.
    Learn more: https://nextjs.org/docs/app/api-reference/directives/use-client
  4 | import { MapPin, Search } from "lucide-react";
  5 | import Link from "next/link";
> 6 | import { useMemo, useState } from "react";
    |                ^^^^^^^^
  7 |
  8 | const categories = [
  9 |   ["Biệt thự", "#biet-thu"],

Ecmascript file had an error @ http://localhost:3100/_next/static/chunks/node_modules_next_dist_1gdrd03._.js:1945
[  468567ms] [ERROR] ./src/app/du-an/page.tsx:6:16
You're importing a module that depends on `useState` into a React Server Component module. This API is only available in Client Components. To fix, mark the file (or its parent) with the `"use client"` directive.
    Learn more: https://nextjs.org/docs/app/api-reference/directives/use-client
  4 | import { MapPin, Search } from "lucide-react";
  5 | import Link from "next/link";
> 6 | import { useMemo, useState } from "react";
    |                ^^^^^^^^
  7 |
  8 | const categories = [
  9 |   ["Biệt thự", "#biet-thu"],

Ecmascript file had an error @ http://localhost:3100/_next/static/chunks/node_modules_next_dist_1gdrd03._.js:1945
[  468629ms] [ERROR] ./src/app/du-an/page.tsx:6:16
You're importing a module that depends on `useState` into a React Server Component module. This API is only available in Client Components. To fix, mark the file (or its parent) with the `"use client"` directive.
    Learn more: https://nextjs.org/docs/app/api-reference/directives/use-client
  4 | import { MapPin, Search } from "lucide-react";
  5 | import Link from "next/link";
> 6 | import { useMemo, useState } from "react";
    |                ^^^^^^^^
  7 |
  8 | const categories = [
  9 |   ["Biệt thự", "#biet-thu"],

Ecmascript file had an error @ http://localhost:3100/_next/static/chunks/node_modules_next_dist_1gdrd03._.js:1945
[  468692ms] [ERROR] ./src/app/du-an/page.tsx:6:16
You're importing a module that depends on `useState` into a React Server Component module. This API is only available in Client Components. To fix, mark the file (or its parent) with the `"use client"` directive.
    Learn more: https://nextjs.org/docs/app/api-reference/directives/use-client
  4 | import { MapPin, Search } from "lucide-react";
  5 | import Link from "next/link";
> 6 | import { useMemo, useState } from "react";
    |                ^^^^^^^^
  7 |
  8 | const categories = [
  9 |   ["Biệt thự", "#biet-thu"],

Ecmascript file had an error @ http://localhost:3100/_next/static/chunks/node_modules_next_dist_1gdrd03._.js:1945
[  468756ms] [ERROR] ./src/app/du-an/page.tsx:6:16
You're importing a module that depends on `useState` into a React Server Component module. This API is only available in Client Components. To fix, mark the file (or its parent) with the `"use client"` directive.
    Learn more: https://nextjs.org/docs/app/api-reference/directives/use-client
  4 | import { MapPin, Search } from "lucide-react";
  5 | import Link from "next/link";
> 6 | import { useMemo, useState } from "react";
    |                ^^^^^^^^
  7 |
  8 | const categories = [
  9 |   ["Biệt thự", "#biet-thu"],

Ecmascript file had an error @ http://localhost:3100/_next/static/chunks/node_modules_next_dist_1gdrd03._.js:1945
[  468818ms] [ERROR] ./src/app/du-an/page.tsx:6:16
You're importing a module that depends on `useState` into a React Server Component module. This API is only available in Client Components. To fix, mark the file (or its parent) with the `"use client"` directive.
    Learn more: https://nextjs.org/docs/app/api-reference/directives/use-client
  4 | import { MapPin, Search } from "lucide-react";
  5 | import Link from "next/link";
> 6 | import { useMemo, useState } from "react";
    |                ^^^^^^^^
  7 |
  8 | const categories = [
  9 |   ["Biệt thự", "#biet-thu"],

Ecmascript file had an error @ http://localhost:3100/_next/static/chunks/node_modules_next_dist_1gdrd03._.js:1945
[  468889ms] [ERROR] ./src/app/du-an/page.tsx:6:16
You're importing a module that depends on `useState` into a React Server Component module. This API is only available in Client Components. To fix, mark the file (or its parent) with the `"use client"` directive.
    Learn more: https://nextjs.org/docs/app/api-reference/directives/use-client
  4 | import { MapPin, Search } from "lucide-react";
  5 | import Link from "next/link";
> 6 | import { useMemo, useState } from "react";
    |                ^^^^^^^^
  7 |
  8 | const categories = [
  9 |   ["Biệt thự", "#biet-thu"],

Ecmascript file had an error @ http://localhost:3100/_next/static/chunks/node_modules_next_dist_1gdrd03._.js:1945
[  468952ms] [ERROR] ./src/app/du-an/page.tsx:6:16
You're importing a module that depends on `useState` into a React Server Component module. This API is only available in Client Components. To fix, mark the file (or its parent) with the `"use client"` directive.
    Learn more: https://nextjs.org/docs/app/api-reference/directives/use-client
  4 | import { MapPin, Search } from "lucide-react";
  5 | import Link from "next/link";
> 6 | import { useMemo, useState } from "react";
    |                ^^^^^^^^
  7 |
  8 | const categories = [
  9 |   ["Biệt thự", "#biet-thu"],

Ecmascript file had an error @ http://localhost:3100/_next/static/chunks/node_modules_next_dist_1gdrd03._.js:1945
[  469007ms] [ERROR] ./src/app/du-an/page.tsx:6:16
You're importing a module that depends on `useState` into a React Server Component module. This API is only available in Client Components. To fix, mark the file (or its parent) with the `"use client"` directive.
    Learn more: https://nextjs.org/docs/app/api-reference/directives/use-client
  4 | import { MapPin, Search } from "lucide-react";
  5 | import Link from "next/link";
> 6 | import { useMemo, useState } from "react";
    |                ^^^^^^^^
  7 |
  8 | const categories = [
  9 |   ["Biệt thự", "#biet-thu"],

Ecmascript file had an error @ http://localhost:3100/_next/static/chunks/node_modules_next_dist_1gdrd03._.js:1945
[  469064ms] [ERROR] ./src/app/du-an/page.tsx:6:16
You're importing a module that depends on `useState` into a React Server Component module. This API is only available in Client Components. To fix, mark the file (or its parent) with the `"use client"` directive.
    Learn more: https://nextjs.org/docs/app/api-reference/directives/use-client
  4 | import { MapPin, Search } from "lucide-react";
  5 | import Link from "next/link";
> 6 | import { useMemo, useState } from "react";
    |                ^^^^^^^^
  7 |
  8 | const categories = [
  9 |   ["Biệt thự", "#biet-thu"],

Ecmascript file had an error @ http://localhost:3100/_next/static/chunks/node_modules_next_dist_1gdrd03._.js:1945
[  469116ms] [ERROR] ./src/app/du-an/page.tsx:6:16
You're importing a module that depends on `useState` into a React Server Component module. This API is only available in Client Components. To fix, mark the file (or its parent) with the `"use client"` directive.
    Learn more: https://nextjs.org/docs/app/api-reference/directives/use-client
  4 | import { MapPin, Search } from "lucide-react";
  5 | import Link from "next/link";
> 6 | import { useMemo, useState } from "react";
    |                ^^^^^^^^
  7 |
  8 | const categories = [
  9 |   ["Biệt thự", "#biet-thu"],

Ecmascript file had an error @ http://localhost:3100/_next/static/chunks/node_modules_next_dist_1gdrd03._.js:1945
[  469172ms] [ERROR] ./src/app/du-an/page.tsx:6:16
You're importing a module that depends on `useState` into a React Server Component module. This API is only available in Client Components. To fix, mark the file (or its parent) with the `"use client"` directive.
    Learn more: https://nextjs.org/docs/app/api-reference/directives/use-client
  4 | import { MapPin, Search } from "lucide-react";
  5 | import Link from "next/link";
> 6 | import { useMemo, useState } from "react";
    |                ^^^^^^^^
  7 |
  8 | const categories = [
  9 |   ["Biệt thự", "#biet-thu"],

Ecmascript file had an error @ http://localhost:3100/_next/static/chunks/node_modules_next_dist_1gdrd03._.js:1945
[  469215ms] [ERROR] ./src/app/du-an/page.tsx:6:16
You're importing a module that depends on `useState` into a React Server Component module. This API is only available in Client Components. To fix, mark the file (or its parent) with the `"use client"` directive.
    Learn more: https://nextjs.org/docs/app/api-reference/directives/use-client
  4 | import { MapPin, Search } from "lucide-react";
  5 | import Link from "next/link";
> 6 | import { useMemo, useState } from "react";
    |                ^^^^^^^^
  7 |
  8 | const categories = [
  9 |   ["Biệt thự", "#biet-thu"],

Ecmascript file had an error @ http://localhost:3100/_next/static/chunks/node_modules_next_dist_1gdrd03._.js:1945
[  469258ms] [ERROR] ./src/app/du-an/page.tsx:6:16
You're importing a module that depends on `useState` into a React Server Component module. This API is only available in Client Components. To fix, mark the file (or its parent) with the `"use client"` directive.
    Learn more: https://nextjs.org/docs/app/api-reference/directives/use-client
  4 | import { MapPin, Search } from "lucide-react";
  5 | import Link from "next/link";
> 6 | import { useMemo, useState } from "react";
    |                ^^^^^^^^
  7 |
  8 | const categories = [
  9 |   ["Biệt thự", "#biet-thu"],

Ecmascript file had an error @ http://localhost:3100/_next/static/chunks/node_modules_next_dist_1gdrd03._.js:1945
[  469304ms] [ERROR] ./src/app/du-an/page.tsx:6:16
You're importing a module that depends on `useState` into a React Server Component module. This API is only available in Client Components. To fix, mark the file (or its parent) with the `"use client"` directive.
    Learn more: https://nextjs.org/docs/app/api-reference/directives/use-client
  4 | import { MapPin, Search } from "lucide-react";
  5 | import Link from "next/link";
> 6 | import { useMemo, useState } from "react";
    |                ^^^^^^^^
  7 |
  8 | const categories = [
  9 |   ["Biệt thự", "#biet-thu"],

Ecmascript file had an error @ http://localhost:3100/_next/static/chunks/node_modules_next_dist_1gdrd03._.js:1945
[  469360ms] [ERROR] ./src/app/du-an/page.tsx:6:16
You're importing a module that depends on `useState` into a React Server Component module. This API is only available in Client Components. To fix, mark the file (or its parent) with the `"use client"` directive.
    Learn more: https://nextjs.org/docs/app/api-reference/directives/use-client
  4 | import { MapPin, Search } from "lucide-react";
  5 | import Link from "next/link";
> 6 | import { useMemo, useState } from "react";
    |                ^^^^^^^^
  7 |
  8 | const categories = [
  9 |   ["Biệt thự", "#biet-thu"],

Ecmascript file had an error @ http://localhost:3100/_next/static/chunks/node_modules_next_dist_1gdrd03._.js:1945
[  469405ms] [ERROR] ./src/app/du-an/page.tsx:6:16
You're importing a module that depends on `useState` into a React Server Component module. This API is only available in Client Components. To fix, mark the file (or its parent) with the `"use client"` directive.
    Learn more: https://nextjs.org/docs/app/api-reference/directives/use-client
  4 | import { MapPin, Search } from "lucide-react";
  5 | import Link from "next/link";
> 6 | import { useMemo, useState } from "react";
    |                ^^^^^^^^
  7 |
  8 | const categories = [
  9 |   ["Biệt thự", "#biet-thu"],

Ecmascript file had an error @ http://localhost:3100/_next/static/chunks/node_modules_next_dist_1gdrd03._.js:1945
[  469461ms] [ERROR] ./src/app/du-an/page.tsx:6:16
You're importing a module that depends on `useState` into a React Server Component module. This API is only available in Client Components. To fix, mark the file (or its parent) with the `"use client"` directive.
    Learn more: https://nextjs.org/docs/app/api-reference/directives/use-client
  4 | import { MapPin, Search } from "lucide-react";
  5 | import Link from "next/link";
> 6 | import { useMemo, useState } from "react";
    |                ^^^^^^^^
  7 |
  8 | const categories = [
  9 |   ["Biệt thự", "#biet-thu"],

Ecmascript file had an error @ http://localhost:3100/_next/static/chunks/node_modules_next_dist_1gdrd03._.js:1945
[  469516ms] [ERROR] ./src/app/du-an/page.tsx:6:16
You're importing a module that depends on `useState` into a React Server Component module. This API is only available in Client Components. To fix, mark the file (or its parent) with the `"use client"` directive.
    Learn more: https://nextjs.org/docs/app/api-reference/directives/use-client
  4 | import { MapPin, Search } from "lucide-react";
  5 | import Link from "next/link";
> 6 | import { useMemo, useState } from "react";
    |                ^^^^^^^^
  7 |
  8 | const categories = [
  9 |   ["Biệt thự", "#biet-thu"],

Ecmascript file had an error @ http://localhost:3100/_next/static/chunks/node_modules_next_dist_1gdrd03._.js:1945
[  469566ms] [ERROR] ./src/app/du-an/page.tsx:6:16
You're importing a module that depends on `useState` into a React Server Component module. This API is only available in Client Components. To fix, mark the file (or its parent) with the `"use client"` directive.
    Learn more: https://nextjs.org/docs/app/api-reference/directives/use-client
  4 | import { MapPin, Search } from "lucide-react";
  5 | import Link from "next/link";
> 6 | import { useMemo, useState } from "react";
    |                ^^^^^^^^
  7 |
  8 | const categories = [
  9 |   ["Biệt thự", "#biet-thu"],

Ecmascript file had an error @ http://localhost:3100/_next/static/chunks/node_modules_next_dist_1gdrd03._.js:1945
[  469627ms] [ERROR] ./src/app/du-an/page.tsx:6:16
You're importing a module that depends on `useState` into a React Server Component module. This API is only available in Client Components. To fix, mark the file (or its parent) with the `"use client"` directive.
    Learn more: https://nextjs.org/docs/app/api-reference/directives/use-client
  4 | import { MapPin, Search } from "lucide-react";
  5 | import Link from "next/link";
> 6 | import { useMemo, useState } from "react";
    |                ^^^^^^^^
  7 |
  8 | const categories = [
  9 |   ["Biệt thự", "#biet-thu"],

Ecmascript file had an error @ http://localhost:3100/_next/static/chunks/node_modules_next_dist_1gdrd03._.js:1945
[  469691ms] [ERROR] ./src/app/du-an/page.tsx:6:16
You're importing a module that depends on `useState` into a React Server Component module. This API is only available in Client Components. To fix, mark the file (or its parent) with the `"use client"` directive.
    Learn more: https://nextjs.org/docs/app/api-reference/directives/use-client
  4 | import { MapPin, Search } from "lucide-react";
  5 | import Link from "next/link";
> 6 | import { useMemo, useState } from "react";
    |                ^^^^^^^^
  7 |
  8 | const categories = [
  9 |   ["Biệt thự", "#biet-thu"],

Ecmascript file had an error @ http://localhost:3100/_next/static/chunks/node_modules_next_dist_1gdrd03._.js:1945
[  469753ms] [ERROR] ./src/app/du-an/page.tsx:6:16
You're importing a module that depends on `useState` into a React Server Component module. This API is only available in Client Components. To fix, mark the file (or its parent) with the `"use client"` directive.
    Learn more: https://nextjs.org/docs/app/api-reference/directives/use-client
  4 | import { MapPin, Search } from "lucide-react";
  5 | import Link from "next/link";
> 6 | import { useMemo, useState } from "react";
    |                ^^^^^^^^
  7 |
  8 | const categories = [
  9 |   ["Biệt thự", "#biet-thu"],

Ecmascript file had an error @ http://localhost:3100/_next/static/chunks/node_modules_next_dist_1gdrd03._.js:1945
[  469816ms] [ERROR] ./src/app/du-an/page.tsx:6:16
You're importing a module that depends on `useState` into a React Server Component module. This API is only available in Client Components. To fix, mark the file (or its parent) with the `"use client"` directive.
    Learn more: https://nextjs.org/docs/app/api-reference/directives/use-client
  4 | import { MapPin, Search } from "lucide-react";
  5 | import Link from "next/link";
> 6 | import { useMemo, useState } from "react";
    |                ^^^^^^^^
  7 |
  8 | const categories = [
  9 |   ["Biệt thự", "#biet-thu"],

Ecmascript file had an error @ http://localhost:3100/_next/static/chunks/node_modules_next_dist_1gdrd03._.js:1945
[  469879ms] [ERROR] ./src/app/du-an/page.tsx:6:16
You're importing a module that depends on `useState` into a React Server Component module. This API is only available in Client Components. To fix, mark the file (or its parent) with the `"use client"` directive.
    Learn more: https://nextjs.org/docs/app/api-reference/directives/use-client
  4 | import { MapPin, Search } from "lucide-react";
  5 | import Link from "next/link";
> 6 | import { useMemo, useState } from "react";
    |                ^^^^^^^^
  7 |
  8 | const categories = [
  9 |   ["Biệt thự", "#biet-thu"],

Ecmascript file had an error @ http://localhost:3100/_next/static/chunks/node_modules_next_dist_1gdrd03._.js:1945
[  469941ms] [ERROR] ./src/app/du-an/page.tsx:6:16
You're importing a module that depends on `useState` into a React Server Component module. This API is only available in Client Components. To fix, mark the file (or its parent) with the `"use client"` directive.
    Learn more: https://nextjs.org/docs/app/api-reference/directives/use-client
  4 | import { MapPin, Search } from "lucide-react";
  5 | import Link from "next/link";
> 6 | import { useMemo, useState } from "react";
    |                ^^^^^^^^
  7 |
  8 | const categories = [
  9 |   ["Biệt thự", "#biet-thu"],

Ecmascript file had an error @ http://localhost:3100/_next/static/chunks/node_modules_next_dist_1gdrd03._.js:1945
[  470004ms] [ERROR] ./src/app/du-an/page.tsx:6:16
You're importing a module that depends on `useState` into a React Server Component module. This API is only available in Client Components. To fix, mark the file (or its parent) with the `"use client"` directive.
    Learn more: https://nextjs.org/docs/app/api-reference/directives/use-client
  4 | import { MapPin, Search } from "lucide-react";
  5 | import Link from "next/link";
> 6 | import { useMemo, useState } from "react";
    |                ^^^^^^^^
  7 |
  8 | const categories = [
  9 |   ["Biệt thự", "#biet-thu"],

Ecmascript file had an error @ http://localhost:3100/_next/static/chunks/node_modules_next_dist_1gdrd03._.js:1945
[  470067ms] [ERROR] ./src/app/du-an/page.tsx:6:16
You're importing a module that depends on `useState` into a React Server Component module. This API is only available in Client Components. To fix, mark the file (or its parent) with the `"use client"` directive.
    Learn more: https://nextjs.org/docs/app/api-reference/directives/use-client
  4 | import { MapPin, Search } from "lucide-react";
  5 | import Link from "next/link";
> 6 | import { useMemo, useState } from "react";
    |                ^^^^^^^^
  7 |
  8 | const categories = [
  9 |   ["Biệt thự", "#biet-thu"],

Ecmascript file had an error @ http://localhost:3100/_next/static/chunks/node_modules_next_dist_1gdrd03._.js:1945
[  470162ms] [ERROR] ./src/app/du-an/page.tsx:6:16
You're importing a module that depends on `useState` into a React Server Component module. This API is only available in Client Components. To fix, mark the file (or its parent) with the `"use client"` directive.
    Learn more: https://nextjs.org/docs/app/api-reference/directives/use-client
  4 | import { MapPin, Search } from "lucide-react";
  5 | import Link from "next/link";
> 6 | import { useMemo, useState } from "react";
    |                ^^^^^^^^
  7 |
  8 | const categories = [
  9 |   ["Biệt thự", "#biet-thu"],

Ecmascript file had an error @ http://localhost:3100/_next/static/chunks/node_modules_next_dist_1gdrd03._.js:1945
[  470221ms] [ERROR] Failed to load resource: the server responded with a status of 500 (Internal Server Error) @ http://localhost:3100/:0
[  470240ms] [INFO] %cDownload the React DevTools for a better development experience: https://react.dev/link/react-devtools font-weight:bold @ http://localhost:3100/_next/static/chunks/node_modules_react-dom_0kla17-._.js:15305
[  470246ms] Error: ./src/app/du-an/page.tsx:6:16
You're importing a module that depends on `useState` into a React Server Component module. This API is only available in Client Components. To fix, mark the file (or its parent) with the `"use client"` directive.
    Learn more: https://nextjs.org/docs/app/api-reference/directives/use-client
  4 | import { MapPin, Search } from "lucide-react";
  5 | import Link from "next/link";
> 6 | import { useMemo, useState } from "react";
    |                ^^^^^^^^
  7 |
  8 | const categories = [
  9 |   ["Biệt thự", "#biet-thu"],

Ecmascript file had an error


    at <unknown> (Error: ./src/app/du-an/page.tsx:6:16)
    at Object.getCompilationErrors (file://F:\Nextjs\eurowindowhcm\node_modules\next\dist\server\dev\hot-reloader-turbopack.js:1186:59)
    at DevBundlerService.getCompilationError (file://F:\Nextjs\eurowindowhcm\node_modules\next\dist\server\lib\dev-bundler-service.js:44:55)
    at DevServer.getCompilationError (file://F:\Nextjs\eurowindowhcm\node_modules\next\dist\server\dev\next-dev-server.js:720:42)
    at DevServer.findPageComponents (file://F:\Nextjs\eurowindowhcm\node_modules\next\dist\server\dev\next-dev-server.js:690:43)
    at async DevServer.renderErrorToResponseImpl (file://F:\Nextjs\eurowindowhcm\node_modules\next\dist\server\base-server.js:1753:26)
[  470248ms] [LOG] [HMR] connected @ http://localhost:3100/_next/static/chunks/node_modules_next_dist_1gdrd03._.js:1226
[  470249ms] [ERROR] ./src/app/du-an/page.tsx:6:16
You're importing a module that depends on `useState` into a React Server Component module. This API is only available in Client Components. To fix, mark the file (or its parent) with the `"use client"` directive.
    Learn more: https://nextjs.org/docs/app/api-reference/directives/use-client
  4 | import { MapPin, Search } from "lucide-react";
  5 | import Link from "next/link";
> 6 | import { useMemo, useState } from "react";
    |                ^^^^^^^^
  7 |
  8 | const categories = [
  9 |   ["Biệt thự", "#biet-thu"],

Ecmascript file had an error @ http://localhost:3100/_next/static/chunks/node_modules_next_dist_1gdrd03._.js:1945
[  470313ms] [ERROR] ./src/app/du-an/page.tsx:6:16
You're importing a module that depends on `useState` into a React Server Component module. This API is only available in Client Components. To fix, mark the file (or its parent) with the `"use client"` directive.
    Learn more: https://nextjs.org/docs/app/api-reference/directives/use-client
  4 | import { MapPin, Search } from "lucide-react";
  5 | import Link from "next/link";
> 6 | import { useMemo, useState } from "react";
    |                ^^^^^^^^
  7 |
  8 | const categories = [
  9 |   ["Biệt thự", "#biet-thu"],

Ecmascript file had an error @ http://localhost:3100/_next/static/chunks/node_modules_next_dist_1gdrd03._.js:1945
[  470374ms] [ERROR] ./src/app/du-an/page.tsx:6:16
You're importing a module that depends on `useState` into a React Server Component module. This API is only available in Client Components. To fix, mark the file (or its parent) with the `"use client"` directive.
    Learn more: https://nextjs.org/docs/app/api-reference/directives/use-client
  4 | import { MapPin, Search } from "lucide-react";
  5 | import Link from "next/link";
> 6 | import { useMemo, useState } from "react";
    |                ^^^^^^^^
  7 |
  8 | const categories = [
  9 |   ["Biệt thự", "#biet-thu"],

Ecmascript file had an error @ http://localhost:3100/_next/static/chunks/node_modules_next_dist_1gdrd03._.js:1945
[  470438ms] [ERROR] ./src/app/du-an/page.tsx:6:16
You're importing a module that depends on `useState` into a React Server Component module. This API is only available in Client Components. To fix, mark the file (or its parent) with the `"use client"` directive.
    Learn more: https://nextjs.org/docs/app/api-reference/directives/use-client
  4 | import { MapPin, Search } from "lucide-react";
  5 | import Link from "next/link";
> 6 | import { useMemo, useState } from "react";
    |                ^^^^^^^^
  7 |
  8 | const categories = [
  9 |   ["Biệt thự", "#biet-thu"],

Ecmascript file had an error @ http://localhost:3100/_next/static/chunks/node_modules_next_dist_1gdrd03._.js:1945
[  470499ms] [ERROR] ./src/app/du-an/page.tsx:6:16
You're importing a module that depends on `useState` into a React Server Component module. This API is only available in Client Components. To fix, mark the file (or its parent) with the `"use client"` directive.
    Learn more: https://nextjs.org/docs/app/api-reference/directives/use-client
  4 | import { MapPin, Search } from "lucide-react";
  5 | import Link from "next/link";
> 6 | import { useMemo, useState } from "react";
    |                ^^^^^^^^
  7 |
  8 | const categories = [
  9 |   ["Biệt thự", "#biet-thu"],

Ecmascript file had an error @ http://localhost:3100/_next/static/chunks/node_modules_next_dist_1gdrd03._.js:1945
[  470560ms] [ERROR] ./src/app/du-an/page.tsx:6:16
You're importing a module that depends on `useState` into a React Server Component module. This API is only available in Client Components. To fix, mark the file (or its parent) with the `"use client"` directive.
    Learn more: https://nextjs.org/docs/app/api-reference/directives/use-client
  4 | import { MapPin, Search } from "lucide-react";
  5 | import Link from "next/link";
> 6 | import { useMemo, useState } from "react";
    |                ^^^^^^^^
  7 |
  8 | const categories = [
  9 |   ["Biệt thự", "#biet-thu"],

Ecmascript file had an error @ http://localhost:3100/_next/static/chunks/node_modules_next_dist_1gdrd03._.js:1945
[  470617ms] [ERROR] ./src/app/du-an/page.tsx:6:16
You're importing a module that depends on `useState` into a React Server Component module. This API is only available in Client Components. To fix, mark the file (or its parent) with the `"use client"` directive.
    Learn more: https://nextjs.org/docs/app/api-reference/directives/use-client
  4 | import { MapPin, Search } from "lucide-react";
  5 | import Link from "next/link";
> 6 | import { useMemo, useState } from "react";
    |                ^^^^^^^^
  7 |
  8 | const categories = [
  9 |   ["Biệt thự", "#biet-thu"],

Ecmascript file had an error @ http://localhost:3100/_next/static/chunks/node_modules_next_dist_1gdrd03._.js:1945
[  470680ms] [ERROR] ./src/app/du-an/page.tsx:6:16
You're importing a module that depends on `useState` into a React Server Component module. This API is only available in Client Components. To fix, mark the file (or its parent) with the `"use client"` directive.
    Learn more: https://nextjs.org/docs/app/api-reference/directives/use-client
  4 | import { MapPin, Search } from "lucide-react";
  5 | import Link from "next/link";
> 6 | import { useMemo, useState } from "react";
    |                ^^^^^^^^
  7 |
  8 | const categories = [
  9 |   ["Biệt thự", "#biet-thu"],

Ecmascript file had an error @ http://localhost:3100/_next/static/chunks/node_modules_next_dist_1gdrd03._.js:1945
[  470743ms] [ERROR] ./src/app/du-an/page.tsx:6:16
You're importing a module that depends on `useState` into a React Server Component module. This API is only available in Client Components. To fix, mark the file (or its parent) with the `"use client"` directive.
    Learn more: https://nextjs.org/docs/app/api-reference/directives/use-client
  4 | import { MapPin, Search } from "lucide-react";
  5 | import Link from "next/link";
> 6 | import { useMemo, useState } from "react";
    |                ^^^^^^^^
  7 |
  8 | const categories = [
  9 |   ["Biệt thự", "#biet-thu"],

Ecmascript file had an error @ http://localhost:3100/_next/static/chunks/node_modules_next_dist_1gdrd03._.js:1945
[  470807ms] [ERROR] ./src/app/du-an/page.tsx:6:16
You're importing a module that depends on `useState` into a React Server Component module. This API is only available in Client Components. To fix, mark the file (or its parent) with the `"use client"` directive.
    Learn more: https://nextjs.org/docs/app/api-reference/directives/use-client
  4 | import { MapPin, Search } from "lucide-react";
  5 | import Link from "next/link";
> 6 | import { useMemo, useState } from "react";
    |                ^^^^^^^^
  7 |
  8 | const categories = [
  9 |   ["Biệt thự", "#biet-thu"],

Ecmascript file had an error @ http://localhost:3100/_next/static/chunks/node_modules_next_dist_1gdrd03._.js:1945
[  470865ms] [ERROR] ./src/app/du-an/page.tsx:6:16
You're importing a module that depends on `useState` into a React Server Component module. This API is only available in Client Components. To fix, mark the file (or its parent) with the `"use client"` directive.
    Learn more: https://nextjs.org/docs/app/api-reference/directives/use-client
  4 | import { MapPin, Search } from "lucide-react";
  5 | import Link from "next/link";
> 6 | import { useMemo, useState } from "react";
    |                ^^^^^^^^
  7 |
  8 | const categories = [
  9 |   ["Biệt thự", "#biet-thu"],

Ecmascript file had an error @ http://localhost:3100/_next/static/chunks/node_modules_next_dist_1gdrd03._.js:1945
[  470928ms] [ERROR] ./src/app/du-an/page.tsx:6:16
You're importing a module that depends on `useState` into a React Server Component module. This API is only available in Client Components. To fix, mark the file (or its parent) with the `"use client"` directive.
    Learn more: https://nextjs.org/docs/app/api-reference/directives/use-client
  4 | import { MapPin, Search } from "lucide-react";
  5 | import Link from "next/link";
> 6 | import { useMemo, useState } from "react";
    |                ^^^^^^^^
  7 |
  8 | const categories = [
  9 |   ["Biệt thự", "#biet-thu"],

Ecmascript file had an error @ http://localhost:3100/_next/static/chunks/node_modules_next_dist_1gdrd03._.js:1945
[  470992ms] [ERROR] ./src/app/du-an/page.tsx:6:16
You're importing a module that depends on `useState` into a React Server Component module. This API is only available in Client Components. To fix, mark the file (or its parent) with the `"use client"` directive.
    Learn more: https://nextjs.org/docs/app/api-reference/directives/use-client
  4 | import { MapPin, Search } from "lucide-react";
  5 | import Link from "next/link";
> 6 | import { useMemo, useState } from "react";
    |                ^^^^^^^^
  7 |
  8 | const categories = [
  9 |   ["Biệt thự", "#biet-thu"],

Ecmascript file had an error @ http://localhost:3100/_next/static/chunks/node_modules_next_dist_1gdrd03._.js:1945
[  471055ms] [ERROR] ./src/app/du-an/page.tsx:6:16
You're importing a module that depends on `useState` into a React Server Component module. This API is only available in Client Components. To fix, mark the file (or its parent) with the `"use client"` directive.
    Learn more: https://nextjs.org/docs/app/api-reference/directives/use-client
  4 | import { MapPin, Search } from "lucide-react";
  5 | import Link from "next/link";
> 6 | import { useMemo, useState } from "react";
    |                ^^^^^^^^
  7 |
  8 | const categories = [
  9 |   ["Biệt thự", "#biet-thu"],

Ecmascript file had an error @ http://localhost:3100/_next/static/chunks/node_modules_next_dist_1gdrd03._.js:1945
[  471118ms] [ERROR] ./src/app/du-an/page.tsx:6:16
You're importing a module that depends on `useState` into a React Server Component module. This API is only available in Client Components. To fix, mark the file (or its parent) with the `"use client"` directive.
    Learn more: https://nextjs.org/docs/app/api-reference/directives/use-client
  4 | import { MapPin, Search } from "lucide-react";
  5 | import Link from "next/link";
> 6 | import { useMemo, useState } from "react";
    |                ^^^^^^^^
  7 |
  8 | const categories = [
  9 |   ["Biệt thự", "#biet-thu"],

Ecmascript file had an error @ http://localhost:3100/_next/static/chunks/node_modules_next_dist_1gdrd03._.js:1945
[  471180ms] [ERROR] ./src/app/du-an/page.tsx:6:16
You're importing a module that depends on `useState` into a React Server Component module. This API is only available in Client Components. To fix, mark the file (or its parent) with the `"use client"` directive.
    Learn more: https://nextjs.org/docs/app/api-reference/directives/use-client
  4 | import { MapPin, Search } from "lucide-react";
  5 | import Link from "next/link";
> 6 | import { useMemo, useState } from "react";
    |                ^^^^^^^^
  7 |
  8 | const categories = [
  9 |   ["Biệt thự", "#biet-thu"],

Ecmascript file had an error @ http://localhost:3100/_next/static/chunks/node_modules_next_dist_1gdrd03._.js:1945
[  471243ms] [ERROR] ./src/app/du-an/page.tsx:6:16
You're importing a module that depends on `useState` into a React Server Component module. This API is only available in Client Components. To fix, mark the file (or its parent) with the `"use client"` directive.
    Learn more: https://nextjs.org/docs/app/api-reference/directives/use-client
  4 | import { MapPin, Search } from "lucide-react";
  5 | import Link from "next/link";
> 6 | import { useMemo, useState } from "react";
    |                ^^^^^^^^
  7 |
  8 | const categories = [
  9 |   ["Biệt thự", "#biet-thu"],

Ecmascript file had an error @ http://localhost:3100/_next/static/chunks/node_modules_next_dist_1gdrd03._.js:1945
[  471305ms] [ERROR] ./src/app/du-an/page.tsx:6:16
You're importing a module that depends on `useState` into a React Server Component module. This API is only available in Client Components. To fix, mark the file (or its parent) with the `"use client"` directive.
    Learn more: https://nextjs.org/docs/app/api-reference/directives/use-client
  4 | import { MapPin, Search } from "lucide-react";
  5 | import Link from "next/link";
> 6 | import { useMemo, useState } from "react";
    |                ^^^^^^^^
  7 |
  8 | const categories = [
  9 |   ["Biệt thự", "#biet-thu"],

Ecmascript file had an error @ http://localhost:3100/_next/static/chunks/node_modules_next_dist_1gdrd03._.js:1945
[  471368ms] [ERROR] ./src/app/du-an/page.tsx:6:16
You're importing a module that depends on `useState` into a React Server Component module. This API is only available in Client Components. To fix, mark the file (or its parent) with the `"use client"` directive.
    Learn more: https://nextjs.org/docs/app/api-reference/directives/use-client
  4 | import { MapPin, Search } from "lucide-react";
  5 | import Link from "next/link";
> 6 | import { useMemo, useState } from "react";
    |                ^^^^^^^^
  7 |
  8 | const categories = [
  9 |   ["Biệt thự", "#biet-thu"],

Ecmascript file had an error @ http://localhost:3100/_next/static/chunks/node_modules_next_dist_1gdrd03._.js:1945
[  471430ms] [ERROR] ./src/app/du-an/page.tsx:6:16
You're importing a module that depends on `useState` into a React Server Component module. This API is only available in Client Components. To fix, mark the file (or its parent) with the `"use client"` directive.
    Learn more: https://nextjs.org/docs/app/api-reference/directives/use-client
  4 | import { MapPin, Search } from "lucide-react";
  5 | import Link from "next/link";
> 6 | import { useMemo, useState } from "react";
    |                ^^^^^^^^
  7 |
  8 | const categories = [
  9 |   ["Biệt thự", "#biet-thu"],

Ecmascript file had an error @ http://localhost:3100/_next/static/chunks/node_modules_next_dist_1gdrd03._.js:1945
[  471491ms] [ERROR] ./src/app/du-an/page.tsx:6:16
You're importing a module that depends on `useState` into a React Server Component module. This API is only available in Client Components. To fix, mark the file (or its parent) with the `"use client"` directive.
    Learn more: https://nextjs.org/docs/app/api-reference/directives/use-client
  4 | import { MapPin, Search } from "lucide-react";
  5 | import Link from "next/link";
> 6 | import { useMemo, useState } from "react";
    |                ^^^^^^^^
  7 |
  8 | const categories = [
  9 |   ["Biệt thự", "#biet-thu"],

Ecmascript file had an error @ http://localhost:3100/_next/static/chunks/node_modules_next_dist_1gdrd03._.js:1945
[  471554ms] [ERROR] ./src/app/du-an/page.tsx:6:16
You're importing a module that depends on `useState` into a React Server Component module. This API is only available in Client Components. To fix, mark the file (or its parent) with the `"use client"` directive.
    Learn more: https://nextjs.org/docs/app/api-reference/directives/use-client
  4 | import { MapPin, Search } from "lucide-react";
  5 | import Link from "next/link";
> 6 | import { useMemo, useState } from "react";
    |                ^^^^^^^^
  7 |
  8 | const categories = [
  9 |   ["Biệt thự", "#biet-thu"],

Ecmascript file had an error @ http://localhost:3100/_next/static/chunks/node_modules_next_dist_1gdrd03._.js:1945
[  471617ms] [ERROR] ./src/app/du-an/page.tsx:6:16
You're importing a module that depends on `useState` into a React Server Component module. This API is only available in Client Components. To fix, mark the file (or its parent) with the `"use client"` directive.
    Learn more: https://nextjs.org/docs/app/api-reference/directives/use-client
  4 | import { MapPin, Search } from "lucide-react";
  5 | import Link from "next/link";
> 6 | import { useMemo, useState } from "react";
    |                ^^^^^^^^
  7 |
  8 | const categories = [
  9 |   ["Biệt thự", "#biet-thu"],

Ecmascript file had an error @ http://localhost:3100/_next/static/chunks/node_modules_next_dist_1gdrd03._.js:1945
[  471680ms] [ERROR] ./src/app/du-an/page.tsx:6:16
You're importing a module that depends on `useState` into a React Server Component module. This API is only available in Client Components. To fix, mark the file (or its parent) with the `"use client"` directive.
    Learn more: https://nextjs.org/docs/app/api-reference/directives/use-client
  4 | import { MapPin, Search } from "lucide-react";
  5 | import Link from "next/link";
> 6 | import { useMemo, useState } from "react";
    |                ^^^^^^^^
  7 |
  8 | const categories = [
  9 |   ["Biệt thự", "#biet-thu"],

Ecmascript file had an error @ http://localhost:3100/_next/static/chunks/node_modules_next_dist_1gdrd03._.js:1945
[  471743ms] [ERROR] ./src/app/du-an/page.tsx:6:16
You're importing a module that depends on `useState` into a React Server Component module. This API is only available in Client Components. To fix, mark the file (or its parent) with the `"use client"` directive.
    Learn more: https://nextjs.org/docs/app/api-reference/directives/use-client
  4 | import { MapPin, Search } from "lucide-react";
  5 | import Link from "next/link";
> 6 | import { useMemo, useState } from "react";
    |                ^^^^^^^^
  7 |
  8 | const categories = [
  9 |   ["Biệt thự", "#biet-thu"],

Ecmascript file had an error @ http://localhost:3100/_next/static/chunks/node_modules_next_dist_1gdrd03._.js:1945
[  471805ms] [ERROR] ./src/app/du-an/page.tsx:6:16
You're importing a module that depends on `useState` into a React Server Component module. This API is only available in Client Components. To fix, mark the file (or its parent) with the `"use client"` directive.
    Learn more: https://nextjs.org/docs/app/api-reference/directives/use-client
  4 | import { MapPin, Search } from "lucide-react";
  5 | import Link from "next/link";
> 6 | import { useMemo, useState } from "react";
    |                ^^^^^^^^
  7 |
  8 | const categories = [
  9 |   ["Biệt thự", "#biet-thu"],

Ecmascript file had an error @ http://localhost:3100/_next/static/chunks/node_modules_next_dist_1gdrd03._.js:1945
[  471869ms] [ERROR] ./src/app/du-an/page.tsx:6:16
You're importing a module that depends on `useState` into a React Server Component module. This API is only available in Client Components. To fix, mark the file (or its parent) with the `"use client"` directive.
    Learn more: https://nextjs.org/docs/app/api-reference/directives/use-client
  4 | import { MapPin, Search } from "lucide-react";
  5 | import Link from "next/link";
> 6 | import { useMemo, useState } from "react";
    |                ^^^^^^^^
  7 |
  8 | const categories = [
  9 |   ["Biệt thự", "#biet-thu"],

Ecmascript file had an error @ http://localhost:3100/_next/static/chunks/node_modules_next_dist_1gdrd03._.js:1945
[  471932ms] [ERROR] ./src/app/du-an/page.tsx:6:16
You're importing a module that depends on `useState` into a React Server Component module. This API is only available in Client Components. To fix, mark the file (or its parent) with the `"use client"` directive.
    Learn more: https://nextjs.org/docs/app/api-reference/directives/use-client
  4 | import { MapPin, Search } from "lucide-react";
  5 | import Link from "next/link";
> 6 | import { useMemo, useState } from "react";
    |                ^^^^^^^^
  7 |
  8 | const categories = [
  9 |   ["Biệt thự", "#biet-thu"],

Ecmascript file had an error @ http://localhost:3100/_next/static/chunks/node_modules_next_dist_1gdrd03._.js:1945
[  471994ms] [ERROR] ./src/app/du-an/page.tsx:6:16
You're importing a module that depends on `useState` into a React Server Component module. This API is only available in Client Components. To fix, mark the file (or its parent) with the `"use client"` directive.
    Learn more: https://nextjs.org/docs/app/api-reference/directives/use-client
  4 | import { MapPin, Search } from "lucide-react";
  5 | import Link from "next/link";
> 6 | import { useMemo, useState } from "react";
    |                ^^^^^^^^
  7 |
  8 | const categories = [
  9 |   ["Biệt thự", "#biet-thu"],

Ecmascript file had an error @ http://localhost:3100/_next/static/chunks/node_modules_next_dist_1gdrd03._.js:1945
[  472057ms] [ERROR] ./src/app/du-an/page.tsx:6:16
You're importing a module that depends on `useState` into a React Server Component module. This API is only available in Client Components. To fix, mark the file (or its parent) with the `"use client"` directive.
    Learn more: https://nextjs.org/docs/app/api-reference/directives/use-client
  4 | import { MapPin, Search } from "lucide-react";
  5 | import Link from "next/link";
> 6 | import { useMemo, useState } from "react";
    |                ^^^^^^^^
  7 |
  8 | const categories = [
  9 |   ["Biệt thự", "#biet-thu"],

Ecmascript file had an error @ http://localhost:3100/_next/static/chunks/node_modules_next_dist_1gdrd03._.js:1945
[  472120ms] [ERROR] ./src/app/du-an/page.tsx:6:16
You're importing a module that depends on `useState` into a React Server Component module. This API is only available in Client Components. To fix, mark the file (or its parent) with the `"use client"` directive.
    Learn more: https://nextjs.org/docs/app/api-reference/directives/use-client
  4 | import { MapPin, Search } from "lucide-react";
  5 | import Link from "next/link";
> 6 | import { useMemo, useState } from "react";
    |                ^^^^^^^^
  7 |
  8 | const categories = [
  9 |   ["Biệt thự", "#biet-thu"],

Ecmascript file had an error @ http://localhost:3100/_next/static/chunks/node_modules_next_dist_1gdrd03._.js:1945
[  472184ms] [ERROR] ./src/app/du-an/page.tsx:6:16
You're importing a module that depends on `useState` into a React Server Component module. This API is only available in Client Components. To fix, mark the file (or its parent) with the `"use client"` directive.
    Learn more: https://nextjs.org/docs/app/api-reference/directives/use-client
  4 | import { MapPin, Search } from "lucide-react";
  5 | import Link from "next/link";
> 6 | import { useMemo, useState } from "react";
    |                ^^^^^^^^
  7 |
  8 | const categories = [
  9 |   ["Biệt thự", "#biet-thu"],

Ecmascript file had an error @ http://localhost:3100/_next/static/chunks/node_modules_next_dist_1gdrd03._.js:1945
[  472246ms] [ERROR] ./src/app/du-an/page.tsx:6:16
You're importing a module that depends on `useState` into a React Server Component module. This API is only available in Client Components. To fix, mark the file (or its parent) with the `"use client"` directive.
    Learn more: https://nextjs.org/docs/app/api-reference/directives/use-client
  4 | import { MapPin, Search } from "lucide-react";
  5 | import Link from "next/link";
> 6 | import { useMemo, useState } from "react";
    |                ^^^^^^^^
  7 |
  8 | const categories = [
  9 |   ["Biệt thự", "#biet-thu"],

Ecmascript file had an error @ http://localhost:3100/_next/static/chunks/node_modules_next_dist_1gdrd03._.js:1945
[  472310ms] [ERROR] ./src/app/du-an/page.tsx:6:16
You're importing a module that depends on `useState` into a React Server Component module. This API is only available in Client Components. To fix, mark the file (or its parent) with the `"use client"` directive.
    Learn more: https://nextjs.org/docs/app/api-reference/directives/use-client
  4 | import { MapPin, Search } from "lucide-react";
  5 | import Link from "next/link";
> 6 | import { useMemo, useState } from "react";
    |                ^^^^^^^^
  7 |
  8 | const categories = [
  9 |   ["Biệt thự", "#biet-thu"],

Ecmascript file had an error @ http://localhost:3100/_next/static/chunks/node_modules_next_dist_1gdrd03._.js:1945
[  472373ms] [ERROR] ./src/app/du-an/page.tsx:6:16
You're importing a module that depends on `useState` into a React Server Component module. This API is only available in Client Components. To fix, mark the file (or its parent) with the `"use client"` directive.
    Learn more: https://nextjs.org/docs/app/api-reference/directives/use-client
  4 | import { MapPin, Search } from "lucide-react";
  5 | import Link from "next/link";
> 6 | import { useMemo, useState } from "react";
    |                ^^^^^^^^
  7 |
  8 | const categories = [
  9 |   ["Biệt thự", "#biet-thu"],

Ecmascript file had an error @ http://localhost:3100/_next/static/chunks/node_modules_next_dist_1gdrd03._.js:1945
[  472435ms] [ERROR] ./src/app/du-an/page.tsx:6:16
You're importing a module that depends on `useState` into a React Server Component module. This API is only available in Client Components. To fix, mark the file (or its parent) with the `"use client"` directive.
    Learn more: https://nextjs.org/docs/app/api-reference/directives/use-client
  4 | import { MapPin, Search } from "lucide-react";
  5 | import Link from "next/link";
> 6 | import { useMemo, useState } from "react";
    |                ^^^^^^^^
  7 |
  8 | const categories = [
  9 |   ["Biệt thự", "#biet-thu"],

Ecmascript file had an error @ http://localhost:3100/_next/static/chunks/node_modules_next_dist_1gdrd03._.js:1945
[  472497ms] [ERROR] ./src/app/du-an/page.tsx:6:16
You're importing a module that depends on `useState` into a React Server Component module. This API is only available in Client Components. To fix, mark the file (or its parent) with the `"use client"` directive.
    Learn more: https://nextjs.org/docs/app/api-reference/directives/use-client
  4 | import { MapPin, Search } from "lucide-react";
  5 | import Link from "next/link";
> 6 | import { useMemo, useState } from "react";
    |                ^^^^^^^^
  7 |
  8 | const categories = [
  9 |   ["Biệt thự", "#biet-thu"],

Ecmascript file had an error @ http://localhost:3100/_next/static/chunks/node_modules_next_dist_1gdrd03._.js:1945
[  472559ms] [ERROR] ./src/app/du-an/page.tsx:6:16
You're importing a module that depends on `useState` into a React Server Component module. This API is only available in Client Components. To fix, mark the file (or its parent) with the `"use client"` directive.
    Learn more: https://nextjs.org/docs/app/api-reference/directives/use-client
  4 | import { MapPin, Search } from "lucide-react";
  5 | import Link from "next/link";
> 6 | import { useMemo, useState } from "react";
    |                ^^^^^^^^
  7 |
  8 | const categories = [
  9 |   ["Biệt thự", "#biet-thu"],

Ecmascript file had an error @ http://localhost:3100/_next/static/chunks/node_modules_next_dist_1gdrd03._.js:1945
[  472613ms] [ERROR] ./src/app/du-an/page.tsx:6:16
You're importing a module that depends on `useState` into a React Server Component module. This API is only available in Client Components. To fix, mark the file (or its parent) with the `"use client"` directive.
    Learn more: https://nextjs.org/docs/app/api-reference/directives/use-client
  4 | import { MapPin, Search } from "lucide-react";
  5 | import Link from "next/link";
> 6 | import { useMemo, useState } from "react";
    |                ^^^^^^^^
  7 |
  8 | const categories = [
  9 |   ["Biệt thự", "#biet-thu"],

Ecmascript file had an error @ http://localhost:3100/_next/static/chunks/node_modules_next_dist_1gdrd03._.js:1945
[  472677ms] [ERROR] ./src/app/du-an/page.tsx:6:16
You're importing a module that depends on `useState` into a React Server Component module. This API is only available in Client Components. To fix, mark the file (or its parent) with the `"use client"` directive.
    Learn more: https://nextjs.org/docs/app/api-reference/directives/use-client
  4 | import { MapPin, Search } from "lucide-react";
  5 | import Link from "next/link";
> 6 | import { useMemo, useState } from "react";
    |                ^^^^^^^^
  7 |
  8 | const categories = [
  9 |   ["Biệt thự", "#biet-thu"],

Ecmascript file had an error @ http://localhost:3100/_next/static/chunks/node_modules_next_dist_1gdrd03._.js:1945
[  472740ms] [ERROR] ./src/app/du-an/page.tsx:6:16
You're importing a module that depends on `useState` into a React Server Component module. This API is only available in Client Components. To fix, mark the file (or its parent) with the `"use client"` directive.
    Learn more: https://nextjs.org/docs/app/api-reference/directives/use-client
  4 | import { MapPin, Search } from "lucide-react";
  5 | import Link from "next/link";
> 6 | import { useMemo, useState } from "react";
    |                ^^^^^^^^
  7 |
  8 | const categories = [
  9 |   ["Biệt thự", "#biet-thu"],

Ecmascript file had an error @ http://localhost:3100/_next/static/chunks/node_modules_next_dist_1gdrd03._.js:1945
[  472802ms] [ERROR] ./src/app/du-an/page.tsx:6:16
You're importing a module that depends on `useState` into a React Server Component module. This API is only available in Client Components. To fix, mark the file (or its parent) with the `"use client"` directive.
    Learn more: https://nextjs.org/docs/app/api-reference/directives/use-client
  4 | import { MapPin, Search } from "lucide-react";
  5 | import Link from "next/link";
> 6 | import { useMemo, useState } from "react";
    |                ^^^^^^^^
  7 |
  8 | const categories = [
  9 |   ["Biệt thự", "#biet-thu"],

Ecmascript file had an error @ http://localhost:3100/_next/static/chunks/node_modules_next_dist_1gdrd03._.js:1945
[  472865ms] [ERROR] ./src/app/du-an/page.tsx:6:16
You're importing a module that depends on `useState` into a React Server Component module. This API is only available in Client Components. To fix, mark the file (or its parent) with the `"use client"` directive.
    Learn more: https://nextjs.org/docs/app/api-reference/directives/use-client
  4 | import { MapPin, Search } from "lucide-react";
  5 | import Link from "next/link";
> 6 | import { useMemo, useState } from "react";
    |                ^^^^^^^^
  7 |
  8 | const categories = [
  9 |   ["Biệt thự", "#biet-thu"],

Ecmascript file had an error @ http://localhost:3100/_next/static/chunks/node_modules_next_dist_1gdrd03._.js:1945
[  472928ms] [ERROR] ./src/app/du-an/page.tsx:6:16
You're importing a module that depends on `useState` into a React Server Component module. This API is only available in Client Components. To fix, mark the file (or its parent) with the `"use client"` directive.
    Learn more: https://nextjs.org/docs/app/api-reference/directives/use-client
  4 | import { MapPin, Search } from "lucide-react";
  5 | import Link from "next/link";
> 6 | import { useMemo, useState } from "react";
    |                ^^^^^^^^
  7 |
  8 | const categories = [
  9 |   ["Biệt thự", "#biet-thu"],

Ecmascript file had an error @ http://localhost:3100/_next/static/chunks/node_modules_next_dist_1gdrd03._.js:1945
[  472991ms] [ERROR] ./src/app/du-an/page.tsx:6:16
You're importing a module that depends on `useState` into a React Server Component module. This API is only available in Client Components. To fix, mark the file (or its parent) with the `"use client"` directive.
    Learn more: https://nextjs.org/docs/app/api-reference/directives/use-client
  4 | import { MapPin, Search } from "lucide-react";
  5 | import Link from "next/link";
> 6 | import { useMemo, useState } from "react";
    |                ^^^^^^^^
  7 |
  8 | const categories = [
  9 |   ["Biệt thự", "#biet-thu"],

Ecmascript file had an error @ http://localhost:3100/_next/static/chunks/node_modules_next_dist_1gdrd03._.js:1945
[  473052ms] [ERROR] ./src/app/du-an/page.tsx:6:16
You're importing a module that depends on `useState` into a React Server Component module. This API is only available in Client Components. To fix, mark the file (or its parent) with the `"use client"` directive.
    Learn more: https://nextjs.org/docs/app/api-reference/directives/use-client
  4 | import { MapPin, Search } from "lucide-react";
  5 | import Link from "next/link";
> 6 | import { useMemo, useState } from "react";
    |                ^^^^^^^^
  7 |
  8 | const categories = [
  9 |   ["Biệt thự", "#biet-thu"],

Ecmascript file had an error @ http://localhost:3100/_next/static/chunks/node_modules_next_dist_1gdrd03._.js:1945
[  473115ms] [ERROR] ./src/app/du-an/page.tsx:6:16
You're importing a module that depends on `useState` into a React Server Component module. This API is only available in Client Components. To fix, mark the file (or its parent) with the `"use client"` directive.
    Learn more: https://nextjs.org/docs/app/api-reference/directives/use-client
  4 | import { MapPin, Search } from "lucide-react";
  5 | import Link from "next/link";
> 6 | import { useMemo, useState } from "react";
    |                ^^^^^^^^
  7 |
  8 | const categories = [
  9 |   ["Biệt thự", "#biet-thu"],

Ecmascript file had an error @ http://localhost:3100/_next/static/chunks/node_modules_next_dist_1gdrd03._.js:1945
[  473179ms] [ERROR] ./src/app/du-an/page.tsx:6:16
You're importing a module that depends on `useState` into a React Server Component module. This API is only available in Client Components. To fix, mark the file (or its parent) with the `"use client"` directive.
    Learn more: https://nextjs.org/docs/app/api-reference/directives/use-client
  4 | import { MapPin, Search } from "lucide-react";
  5 | import Link from "next/link";
> 6 | import { useMemo, useState } from "react";
    |                ^^^^^^^^
  7 |
  8 | const categories = [
  9 |   ["Biệt thự", "#biet-thu"],

Ecmascript file had an error @ http://localhost:3100/_next/static/chunks/node_modules_next_dist_1gdrd03._.js:1945
[  473243ms] [ERROR] ./src/app/du-an/page.tsx:6:16
You're importing a module that depends on `useState` into a React Server Component module. This API is only available in Client Components. To fix, mark the file (or its parent) with the `"use client"` directive.
    Learn more: https://nextjs.org/docs/app/api-reference/directives/use-client
  4 | import { MapPin, Search } from "lucide-react";
  5 | import Link from "next/link";
> 6 | import { useMemo, useState } from "react";
    |                ^^^^^^^^
  7 |
  8 | const categories = [
  9 |   ["Biệt thự", "#biet-thu"],

Ecmascript file had an error @ http://localhost:3100/_next/static/chunks/node_modules_next_dist_1gdrd03._.js:1945
[  473306ms] [ERROR] ./src/app/du-an/page.tsx:6:16
You're importing a module that depends on `useState` into a React Server Component module. This API is only available in Client Components. To fix, mark the file (or its parent) with the `"use client"` directive.
    Learn more: https://nextjs.org/docs/app/api-reference/directives/use-client
  4 | import { MapPin, Search } from "lucide-react";
  5 | import Link from "next/link";
> 6 | import { useMemo, useState } from "react";
    |                ^^^^^^^^
  7 |
  8 | const categories = [
  9 |   ["Biệt thự", "#biet-thu"],

Ecmascript file had an error @ http://localhost:3100/_next/static/chunks/node_modules_next_dist_1gdrd03._.js:1945
[  473369ms] [ERROR] ./src/app/du-an/page.tsx:6:16
You're importing a module that depends on `useState` into a React Server Component module. This API is only available in Client Components. To fix, mark the file (or its parent) with the `"use client"` directive.
    Learn more: https://nextjs.org/docs/app/api-reference/directives/use-client
  4 | import { MapPin, Search } from "lucide-react";
  5 | import Link from "next/link";
> 6 | import { useMemo, useState } from "react";
    |                ^^^^^^^^
  7 |
  8 | const categories = [
  9 |   ["Biệt thự", "#biet-thu"],

Ecmascript file had an error @ http://localhost:3100/_next/static/chunks/node_modules_next_dist_1gdrd03._.js:1945
[  473431ms] [ERROR] ./src/app/du-an/page.tsx:6:16
You're importing a module that depends on `useState` into a React Server Component module. This API is only available in Client Components. To fix, mark the file (or its parent) with the `"use client"` directive.
    Learn more: https://nextjs.org/docs/app/api-reference/directives/use-client
  4 | import { MapPin, Search } from "lucide-react";
  5 | import Link from "next/link";
> 6 | import { useMemo, useState } from "react";
    |                ^^^^^^^^
  7 |
  8 | const categories = [
  9 |   ["Biệt thự", "#biet-thu"],

Ecmascript file had an error @ http://localhost:3100/_next/static/chunks/node_modules_next_dist_1gdrd03._.js:1945
[  473493ms] [ERROR] ./src/app/du-an/page.tsx:6:16
You're importing a module that depends on `useState` into a React Server Component module. This API is only available in Client Components. To fix, mark the file (or its parent) with the `"use client"` directive.
    Learn more: https://nextjs.org/docs/app/api-reference/directives/use-client
  4 | import { MapPin, Search } from "lucide-react";
  5 | import Link from "next/link";
> 6 | import { useMemo, useState } from "react";
    |                ^^^^^^^^
  7 |
  8 | const categories = [
  9 |   ["Biệt thự", "#biet-thu"],

Ecmascript file had an error @ http://localhost:3100/_next/static/chunks/node_modules_next_dist_1gdrd03._.js:1945
[  473556ms] [ERROR] ./src/app/du-an/page.tsx:6:16
You're importing a module that depends on `useState` into a React Server Component module. This API is only available in Client Components. To fix, mark the file (or its parent) with the `"use client"` directive.
    Learn more: https://nextjs.org/docs/app/api-reference/directives/use-client
  4 | import { MapPin, Search } from "lucide-react";
  5 | import Link from "next/link";
> 6 | import { useMemo, useState } from "react";
    |                ^^^^^^^^
  7 |
  8 | const categories = [
  9 |   ["Biệt thự", "#biet-thu"],

Ecmascript file had an error @ http://localhost:3100/_next/static/chunks/node_modules_next_dist_1gdrd03._.js:1945
[  473619ms] [ERROR] ./src/app/du-an/page.tsx:6:16
You're importing a module that depends on `useState` into a React Server Component module. This API is only available in Client Components. To fix, mark the file (or its parent) with the `"use client"` directive.
    Learn more: https://nextjs.org/docs/app/api-reference/directives/use-client
  4 | import { MapPin, Search } from "lucide-react";
  5 | import Link from "next/link";
> 6 | import { useMemo, useState } from "react";
    |                ^^^^^^^^
  7 |
  8 | const categories = [
  9 |   ["Biệt thự", "#biet-thu"],

Ecmascript file had an error @ http://localhost:3100/_next/static/chunks/node_modules_next_dist_1gdrd03._.js:1945
[  473683ms] [ERROR] ./src/app/du-an/page.tsx:6:16
You're importing a module that depends on `useState` into a React Server Component module. This API is only available in Client Components. To fix, mark the file (or its parent) with the `"use client"` directive.
    Learn more: https://nextjs.org/docs/app/api-reference/directives/use-client
  4 | import { MapPin, Search } from "lucide-react";
  5 | import Link from "next/link";
> 6 | import { useMemo, useState } from "react";
    |                ^^^^^^^^
  7 |
  8 | const categories = [
  9 |   ["Biệt thự", "#biet-thu"],

Ecmascript file had an error @ http://localhost:3100/_next/static/chunks/node_modules_next_dist_1gdrd03._.js:1945
[  473745ms] [ERROR] ./src/app/du-an/page.tsx:6:16
You're importing a module that depends on `useState` into a React Server Component module. This API is only available in Client Components. To fix, mark the file (or its parent) with the `"use client"` directive.
    Learn more: https://nextjs.org/docs/app/api-reference/directives/use-client
  4 | import { MapPin, Search } from "lucide-react";
  5 | import Link from "next/link";
> 6 | import { useMemo, useState } from "react";
    |                ^^^^^^^^
  7 |
  8 | const categories = [
  9 |   ["Biệt thự", "#biet-thu"],

Ecmascript file had an error @ http://localhost:3100/_next/static/chunks/node_modules_next_dist_1gdrd03._.js:1945
[  473808ms] [ERROR] ./src/app/du-an/page.tsx:6:16
You're importing a module that depends on `useState` into a React Server Component module. This API is only available in Client Components. To fix, mark the file (or its parent) with the `"use client"` directive.
    Learn more: https://nextjs.org/docs/app/api-reference/directives/use-client
  4 | import { MapPin, Search } from "lucide-react";
  5 | import Link from "next/link";
> 6 | import { useMemo, useState } from "react";
    |                ^^^^^^^^
  7 |
  8 | const categories = [
  9 |   ["Biệt thự", "#biet-thu"],

Ecmascript file had an error @ http://localhost:3100/_next/static/chunks/node_modules_next_dist_1gdrd03._.js:1945
[  473871ms] [ERROR] ./src/app/du-an/page.tsx:6:16
You're importing a module that depends on `useState` into a React Server Component module. This API is only available in Client Components. To fix, mark the file (or its parent) with the `"use client"` directive.
    Learn more: https://nextjs.org/docs/app/api-reference/directives/use-client
  4 | import { MapPin, Search } from "lucide-react";
  5 | import Link from "next/link";
> 6 | import { useMemo, useState } from "react";
    |                ^^^^^^^^
  7 |
  8 | const categories = [
  9 |   ["Biệt thự", "#biet-thu"],

Ecmascript file had an error @ http://localhost:3100/_next/static/chunks/node_modules_next_dist_1gdrd03._.js:1945
[  473933ms] [ERROR] ./src/app/du-an/page.tsx:6:16
You're importing a module that depends on `useState` into a React Server Component module. This API is only available in Client Components. To fix, mark the file (or its parent) with the `"use client"` directive.
    Learn more: https://nextjs.org/docs/app/api-reference/directives/use-client
  4 | import { MapPin, Search } from "lucide-react";
  5 | import Link from "next/link";
> 6 | import { useMemo, useState } from "react";
    |                ^^^^^^^^
  7 |
  8 | const categories = [
  9 |   ["Biệt thự", "#biet-thu"],

Ecmascript file had an error @ http://localhost:3100/_next/static/chunks/node_modules_next_dist_1gdrd03._.js:1945
[  473996ms] [ERROR] ./src/app/du-an/page.tsx:6:16
You're importing a module that depends on `useState` into a React Server Component module. This API is only available in Client Components. To fix, mark the file (or its parent) with the `"use client"` directive.
    Learn more: https://nextjs.org/docs/app/api-reference/directives/use-client
  4 | import { MapPin, Search } from "lucide-react";
  5 | import Link from "next/link";
> 6 | import { useMemo, useState } from "react";
    |                ^^^^^^^^
  7 |
  8 | const categories = [
  9 |   ["Biệt thự", "#biet-thu"],

Ecmascript file had an error @ http://localhost:3100/_next/static/chunks/node_modules_next_dist_1gdrd03._.js:1945
[  474060ms] [ERROR] ./src/app/du-an/page.tsx:6:16
You're importing a module that depends on `useState` into a React Server Component module. This API is only available in Client Components. To fix, mark the file (or its parent) with the `"use client"` directive.
    Learn more: https://nextjs.org/docs/app/api-reference/directives/use-client
  4 | import { MapPin, Search } from "lucide-react";
  5 | import Link from "next/link";
> 6 | import { useMemo, useState } from "react";
    |                ^^^^^^^^
  7 |
  8 | const categories = [
  9 |   ["Biệt thự", "#biet-thu"],

Ecmascript file had an error @ http://localhost:3100/_next/static/chunks/node_modules_next_dist_1gdrd03._.js:1945
[  474123ms] [ERROR] ./src/app/du-an/page.tsx:6:16
You're importing a module that depends on `useState` into a React Server Component module. This API is only available in Client Components. To fix, mark the file (or its parent) with the `"use client"` directive.
    Learn more: https://nextjs.org/docs/app/api-reference/directives/use-client
  4 | import { MapPin, Search } from "lucide-react";
  5 | import Link from "next/link";
> 6 | import { useMemo, useState } from "react";
    |                ^^^^^^^^
  7 |
  8 | const categories = [
  9 |   ["Biệt thự", "#biet-thu"],

Ecmascript file had an error @ http://localhost:3100/_next/static/chunks/node_modules_next_dist_1gdrd03._.js:1945
[  474187ms] [ERROR] ./src/app/du-an/page.tsx:6:16
You're importing a module that depends on `useState` into a React Server Component module. This API is only available in Client Components. To fix, mark the file (or its parent) with the `"use client"` directive.
    Learn more: https://nextjs.org/docs/app/api-reference/directives/use-client
  4 | import { MapPin, Search } from "lucide-react";
  5 | import Link from "next/link";
> 6 | import { useMemo, useState } from "react";
    |                ^^^^^^^^
  7 |
  8 | const categories = [
  9 |   ["Biệt thự", "#biet-thu"],

Ecmascript file had an error @ http://localhost:3100/_next/static/chunks/node_modules_next_dist_1gdrd03._.js:1945
[  474249ms] [ERROR] ./src/app/du-an/page.tsx:6:16
You're importing a module that depends on `useState` into a React Server Component module. This API is only available in Client Components. To fix, mark the file (or its parent) with the `"use client"` directive.
    Learn more: https://nextjs.org/docs/app/api-reference/directives/use-client
  4 | import { MapPin, Search } from "lucide-react";
  5 | import Link from "next/link";
> 6 | import { useMemo, useState } from "react";
    |                ^^^^^^^^
  7 |
  8 | const categories = [
  9 |   ["Biệt thự", "#biet-thu"],

Ecmascript file had an error @ http://localhost:3100/_next/static/chunks/node_modules_next_dist_1gdrd03._.js:1945
[  474313ms] [ERROR] ./src/app/du-an/page.tsx:6:16
You're importing a module that depends on `useState` into a React Server Component module. This API is only available in Client Components. To fix, mark the file (or its parent) with the `"use client"` directive.
    Learn more: https://nextjs.org/docs/app/api-reference/directives/use-client
  4 | import { MapPin, Search } from "lucide-react";
  5 | import Link from "next/link";
> 6 | import { useMemo, useState } from "react";
    |                ^^^^^^^^
  7 |
  8 | const categories = [
  9 |   ["Biệt thự", "#biet-thu"],

Ecmascript file had an error @ http://localhost:3100/_next/static/chunks/node_modules_next_dist_1gdrd03._.js:1945
[  474375ms] [ERROR] ./src/app/du-an/page.tsx:6:16
You're importing a module that depends on `useState` into a React Server Component module. This API is only available in Client Components. To fix, mark the file (or its parent) with the `"use client"` directive.
    Learn more: https://nextjs.org/docs/app/api-reference/directives/use-client
  4 | import { MapPin, Search } from "lucide-react";
  5 | import Link from "next/link";
> 6 | import { useMemo, useState } from "react";
    |                ^^^^^^^^
  7 |
  8 | const categories = [
  9 |   ["Biệt thự", "#biet-thu"],

Ecmascript file had an error @ http://localhost:3100/_next/static/chunks/node_modules_next_dist_1gdrd03._.js:1945
[  474440ms] [ERROR] ./src/app/du-an/page.tsx:6:16
You're importing a module that depends on `useState` into a React Server Component module. This API is only available in Client Components. To fix, mark the file (or its parent) with the `"use client"` directive.
    Learn more: https://nextjs.org/docs/app/api-reference/directives/use-client
  4 | import { MapPin, Search } from "lucide-react";
  5 | import Link from "next/link";
> 6 | import { useMemo, useState } from "react";
    |                ^^^^^^^^
  7 |
  8 | const categories = [
  9 |   ["Biệt thự", "#biet-thu"],

Ecmascript file had an error @ http://localhost:3100/_next/static/chunks/node_modules_next_dist_1gdrd03._.js:1945
[  474502ms] [ERROR] ./src/app/du-an/page.tsx:6:16
You're importing a module that depends on `useState` into a React Server Component module. This API is only available in Client Components. To fix, mark the file (or its parent) with the `"use client"` directive.
    Learn more: https://nextjs.org/docs/app/api-reference/directives/use-client
  4 | import { MapPin, Search } from "lucide-react";
  5 | import Link from "next/link";
> 6 | import { useMemo, useState } from "react";
    |                ^^^^^^^^
  7 |
  8 | const categories = [
  9 |   ["Biệt thự", "#biet-thu"],

Ecmascript file had an error @ http://localhost:3100/_next/static/chunks/node_modules_next_dist_1gdrd03._.js:1945
[  474568ms] [ERROR] ./src/app/du-an/page.tsx:6:16
You're importing a module that depends on `useState` into a React Server Component module. This API is only available in Client Components. To fix, mark the file (or its parent) with the `"use client"` directive.
    Learn more: https://nextjs.org/docs/app/api-reference/directives/use-client
  4 | import { MapPin, Search } from "lucide-react";
  5 | import Link from "next/link";
> 6 | import { useMemo, useState } from "react";
    |                ^^^^^^^^
  7 |
  8 | const categories = [
  9 |   ["Biệt thự", "#biet-thu"],

Ecmascript file had an error @ http://localhost:3100/_next/static/chunks/node_modules_next_dist_1gdrd03._.js:1945
[  474621ms] [ERROR] ./src/app/du-an/page.tsx:6:16
You're importing a module that depends on `useState` into a React Server Component module. This API is only available in Client Components. To fix, mark the file (or its parent) with the `"use client"` directive.
    Learn more: https://nextjs.org/docs/app/api-reference/directives/use-client
  4 | import { MapPin, Search } from "lucide-react";
  5 | import Link from "next/link";
> 6 | import { useMemo, useState } from "react";
    |                ^^^^^^^^
  7 |
  8 | const categories = [
  9 |   ["Biệt thự", "#biet-thu"],

Ecmascript file had an error @ http://localhost:3100/_next/static/chunks/node_modules_next_dist_1gdrd03._.js:1945
[  474682ms] [ERROR] ./src/app/du-an/page.tsx:6:16
You're importing a module that depends on `useState` into a React Server Component module. This API is only available in Client Components. To fix, mark the file (or its parent) with the `"use client"` directive.
    Learn more: https://nextjs.org/docs/app/api-reference/directives/use-client
  4 | import { MapPin, Search } from "lucide-react";
  5 | import Link from "next/link";
> 6 | import { useMemo, useState } from "react";
    |                ^^^^^^^^
  7 |
  8 | const categories = [
  9 |   ["Biệt thự", "#biet-thu"],

Ecmascript file had an error @ http://localhost:3100/_next/static/chunks/node_modules_next_dist_1gdrd03._.js:1945
[  474743ms] [ERROR] ./src/app/du-an/page.tsx:6:16
You're importing a module that depends on `useState` into a React Server Component module. This API is only available in Client Components. To fix, mark the file (or its parent) with the `"use client"` directive.
    Learn more: https://nextjs.org/docs/app/api-reference/directives/use-client
  4 | import { MapPin, Search } from "lucide-react";
  5 | import Link from "next/link";
> 6 | import { useMemo, useState } from "react";
    |                ^^^^^^^^
  7 |
  8 | const categories = [
  9 |   ["Biệt thự", "#biet-thu"],

Ecmascript file had an error @ http://localhost:3100/_next/static/chunks/node_modules_next_dist_1gdrd03._.js:1945
[  474802ms] [ERROR] ./src/app/du-an/page.tsx:6:16
You're importing a module that depends on `useState` into a React Server Component module. This API is only available in Client Components. To fix, mark the file (or its parent) with the `"use client"` directive.
    Learn more: https://nextjs.org/docs/app/api-reference/directives/use-client
  4 | import { MapPin, Search } from "lucide-react";
  5 | import Link from "next/link";
> 6 | import { useMemo, useState } from "react";
    |                ^^^^^^^^
  7 |
  8 | const categories = [
  9 |   ["Biệt thự", "#biet-thu"],

Ecmascript file had an error @ http://localhost:3100/_next/static/chunks/node_modules_next_dist_1gdrd03._.js:1945
[  474860ms] [ERROR] ./src/app/du-an/page.tsx:6:16
You're importing a module that depends on `useState` into a React Server Component module. This API is only available in Client Components. To fix, mark the file (or its parent) with the `"use client"` directive.
    Learn more: https://nextjs.org/docs/app/api-reference/directives/use-client
  4 | import { MapPin, Search } from "lucide-react";
  5 | import Link from "next/link";
> 6 | import { useMemo, useState } from "react";
    |                ^^^^^^^^
  7 |
  8 | const categories = [
  9 |   ["Biệt thự", "#biet-thu"],

Ecmascript file had an error @ http://localhost:3100/_next/static/chunks/node_modules_next_dist_1gdrd03._.js:1945
[  474913ms] [ERROR] ./src/app/du-an/page.tsx:6:16
You're importing a module that depends on `useState` into a React Server Component module. This API is only available in Client Components. To fix, mark the file (or its parent) with the `"use client"` directive.
    Learn more: https://nextjs.org/docs/app/api-reference/directives/use-client
  4 | import { MapPin, Search } from "lucide-react";
  5 | import Link from "next/link";
> 6 | import { useMemo, useState } from "react";
    |                ^^^^^^^^
  7 |
  8 | const categories = [
  9 |   ["Biệt thự", "#biet-thu"],

Ecmascript file had an error @ http://localhost:3100/_next/static/chunks/node_modules_next_dist_1gdrd03._.js:1945
[  474963ms] [ERROR] ./src/app/du-an/page.tsx:6:16
You're importing a module that depends on `useState` into a React Server Component module. This API is only available in Client Components. To fix, mark the file (or its parent) with the `"use client"` directive.
    Learn more: https://nextjs.org/docs/app/api-reference/directives/use-client
  4 | import { MapPin, Search } from "lucide-react";
  5 | import Link from "next/link";
> 6 | import { useMemo, useState } from "react";
    |                ^^^^^^^^
  7 |
  8 | const categories = [
  9 |   ["Biệt thự", "#biet-thu"],

Ecmascript file had an error @ http://localhost:3100/_next/static/chunks/node_modules_next_dist_1gdrd03._.js:1945
[  475015ms] [ERROR] ./src/app/du-an/page.tsx:6:16
You're importing a module that depends on `useState` into a React Server Component module. This API is only available in Client Components. To fix, mark the file (or its parent) with the `"use client"` directive.
    Learn more: https://nextjs.org/docs/app/api-reference/directives/use-client
  4 | import { MapPin, Search } from "lucide-react";
  5 | import Link from "next/link";
> 6 | import { useMemo, useState } from "react";
    |                ^^^^^^^^
  7 |
  8 | const categories = [
  9 |   ["Biệt thự", "#biet-thu"],

Ecmascript file had an error @ http://localhost:3100/_next/static/chunks/node_modules_next_dist_1gdrd03._.js:1945
[  475080ms] [ERROR] ./src/app/du-an/page.tsx:6:16
You're importing a module that depends on `useState` into a React Server Component module. This API is only available in Client Components. To fix, mark the file (or its parent) with the `"use client"` directive.
    Learn more: https://nextjs.org/docs/app/api-reference/directives/use-client
  4 | import { MapPin, Search } from "lucide-react";
  5 | import Link from "next/link";
> 6 | import { useMemo, useState } from "react";
    |                ^^^^^^^^
  7 |
  8 | const categories = [
  9 |   ["Biệt thự", "#biet-thu"],

Ecmascript file had an error @ http://localhost:3100/_next/static/chunks/node_modules_next_dist_1gdrd03._.js:1945
[  475143ms] [ERROR] ./src/app/du-an/page.tsx:6:16
You're importing a module that depends on `useState` into a React Server Component module. This API is only available in Client Components. To fix, mark the file (or its parent) with the `"use client"` directive.
    Learn more: https://nextjs.org/docs/app/api-reference/directives/use-client
  4 | import { MapPin, Search } from "lucide-react";
  5 | import Link from "next/link";
> 6 | import { useMemo, useState } from "react";
    |                ^^^^^^^^
  7 |
  8 | const categories = [
  9 |   ["Biệt thự", "#biet-thu"],

Ecmascript file had an error @ http://localhost:3100/_next/static/chunks/node_modules_next_dist_1gdrd03._.js:1945
[  475200ms] [ERROR] ./src/app/du-an/page.tsx:6:16
You're importing a module that depends on `useState` into a React Server Component module. This API is only available in Client Components. To fix, mark the file (or its parent) with the `"use client"` directive.
    Learn more: https://nextjs.org/docs/app/api-reference/directives/use-client
  4 | import { MapPin, Search } from "lucide-react";
  5 | import Link from "next/link";
> 6 | import { useMemo, useState } from "react";
    |                ^^^^^^^^
  7 |
  8 | const categories = [
  9 |   ["Biệt thự", "#biet-thu"],

Ecmascript file had an error @ http://localhost:3100/_next/static/chunks/node_modules_next_dist_1gdrd03._.js:1945
[  475262ms] [ERROR] ./src/app/du-an/page.tsx:6:16
You're importing a module that depends on `useState` into a React Server Component module. This API is only available in Client Components. To fix, mark the file (or its parent) with the `"use client"` directive.
    Learn more: https://nextjs.org/docs/app/api-reference/directives/use-client
  4 | import { MapPin, Search } from "lucide-react";
  5 | import Link from "next/link";
> 6 | import { useMemo, useState } from "react";
    |                ^^^^^^^^
  7 |
  8 | const categories = [
  9 |   ["Biệt thự", "#biet-thu"],

Ecmascript file had an error @ http://localhost:3100/_next/static/chunks/node_modules_next_dist_1gdrd03._.js:1945
[  475325ms] [ERROR] ./src/app/du-an/page.tsx:6:16
You're importing a module that depends on `useState` into a React Server Component module. This API is only available in Client Components. To fix, mark the file (or its parent) with the `"use client"` directive.
    Learn more: https://nextjs.org/docs/app/api-reference/directives/use-client
  4 | import { MapPin, Search } from "lucide-react";
  5 | import Link from "next/link";
> 6 | import { useMemo, useState } from "react";
    |                ^^^^^^^^
  7 |
  8 | const categories = [
  9 |   ["Biệt thự", "#biet-thu"],

Ecmascript file had an error @ http://localhost:3100/_next/static/chunks/node_modules_next_dist_1gdrd03._.js:1945
[  475385ms] [ERROR] ./src/app/du-an/page.tsx:6:16
You're importing a module that depends on `useState` into a React Server Component module. This API is only available in Client Components. To fix, mark the file (or its parent) with the `"use client"` directive.
    Learn more: https://nextjs.org/docs/app/api-reference/directives/use-client
  4 | import { MapPin, Search } from "lucide-react";
  5 | import Link from "next/link";
> 6 | import { useMemo, useState } from "react";
    |                ^^^^^^^^
  7 |
  8 | const categories = [
  9 |   ["Biệt thự", "#biet-thu"],

Ecmascript file had an error @ http://localhost:3100/_next/static/chunks/node_modules_next_dist_1gdrd03._.js:1945
[  475455ms] [ERROR] ./src/app/du-an/page.tsx:6:16
You're importing a module that depends on `useState` into a React Server Component module. This API is only available in Client Components. To fix, mark the file (or its parent) with the `"use client"` directive.
    Learn more: https://nextjs.org/docs/app/api-reference/directives/use-client
  4 | import { MapPin, Search } from "lucide-react";
  5 | import Link from "next/link";
> 6 | import { useMemo, useState } from "react";
    |                ^^^^^^^^
  7 |
  8 | const categories = [
  9 |   ["Biệt thự", "#biet-thu"],

Ecmascript file had an error @ http://localhost:3100/_next/static/chunks/node_modules_next_dist_1gdrd03._.js:1945
[  475528ms] [ERROR] ./src/app/du-an/page.tsx:6:16
You're importing a module that depends on `useState` into a React Server Component module. This API is only available in Client Components. To fix, mark the file (or its parent) with the `"use client"` directive.
    Learn more: https://nextjs.org/docs/app/api-reference/directives/use-client
  4 | import { MapPin, Search } from "lucide-react";
  5 | import Link from "next/link";
> 6 | import { useMemo, useState } from "react";
    |                ^^^^^^^^
  7 |
  8 | const categories = [
  9 |   ["Biệt thự", "#biet-thu"],

Ecmascript file had an error @ http://localhost:3100/_next/static/chunks/node_modules_next_dist_1gdrd03._.js:1945
[  475597ms] [ERROR] ./src/app/du-an/page.tsx:6:16
You're importing a module that depends on `useState` into a React Server Component module. This API is only available in Client Components. To fix, mark the file (or its parent) with the `"use client"` directive.
    Learn more: https://nextjs.org/docs/app/api-reference/directives/use-client
  4 | import { MapPin, Search } from "lucide-react";
  5 | import Link from "next/link";
> 6 | import { useMemo, useState } from "react";
    |                ^^^^^^^^
  7 |
  8 | const categories = [
  9 |   ["Biệt thự", "#biet-thu"],

Ecmascript file had an error @ http://localhost:3100/_next/static/chunks/node_modules_next_dist_1gdrd03._.js:1945
[  475650ms] [ERROR] ./src/app/du-an/page.tsx:6:16
You're importing a module that depends on `useState` into a React Server Component module. This API is only available in Client Components. To fix, mark the file (or its parent) with the `"use client"` directive.
    Learn more: https://nextjs.org/docs/app/api-reference/directives/use-client
  4 | import { MapPin, Search } from "lucide-react";
  5 | import Link from "next/link";
> 6 | import { useMemo, useState } from "react";
    |                ^^^^^^^^
  7 |
  8 | const categories = [
  9 |   ["Biệt thự", "#biet-thu"],

Ecmascript file had an error @ http://localhost:3100/_next/static/chunks/node_modules_next_dist_1gdrd03._.js:1945
[  475702ms] [ERROR] ./src/app/du-an/page.tsx:6:16
You're importing a module that depends on `useState` into a React Server Component module. This API is only available in Client Components. To fix, mark the file (or its parent) with the `"use client"` directive.
    Learn more: https://nextjs.org/docs/app/api-reference/directives/use-client
  4 | import { MapPin, Search } from "lucide-react";
  5 | import Link from "next/link";
> 6 | import { useMemo, useState } from "react";
    |                ^^^^^^^^
  7 |
  8 | const categories = [
  9 |   ["Biệt thự", "#biet-thu"],

Ecmascript file had an error @ http://localhost:3100/_next/static/chunks/node_modules_next_dist_1gdrd03._.js:1945
[  475751ms] [ERROR] ./src/app/du-an/page.tsx:6:16
You're importing a module that depends on `useState` into a React Server Component module. This API is only available in Client Components. To fix, mark the file (or its parent) with the `"use client"` directive.
    Learn more: https://nextjs.org/docs/app/api-reference/directives/use-client
  4 | import { MapPin, Search } from "lucide-react";
  5 | import Link from "next/link";
> 6 | import { useMemo, useState } from "react";
    |                ^^^^^^^^
  7 |
  8 | const categories = [
  9 |   ["Biệt thự", "#biet-thu"],

Ecmascript file had an error @ http://localhost:3100/_next/static/chunks/node_modules_next_dist_1gdrd03._.js:1945
[  475813ms] [ERROR] ./src/app/du-an/page.tsx:6:16
You're importing a module that depends on `useState` into a React Server Component module. This API is only available in Client Components. To fix, mark the file (or its parent) with the `"use client"` directive.
    Learn more: https://nextjs.org/docs/app/api-reference/directives/use-client
  4 | import { MapPin, Search } from "lucide-react";
  5 | import Link from "next/link";
> 6 | import { useMemo, useState } from "react";
    |                ^^^^^^^^
  7 |
  8 | const categories = [
  9 |   ["Biệt thự", "#biet-thu"],

Ecmascript file had an error @ http://localhost:3100/_next/static/chunks/node_modules_next_dist_1gdrd03._.js:1945
[  475874ms] [ERROR] ./src/app/du-an/page.tsx:6:16
You're importing a module that depends on `useState` into a React Server Component module. This API is only available in Client Components. To fix, mark the file (or its parent) with the `"use client"` directive.
    Learn more: https://nextjs.org/docs/app/api-reference/directives/use-client
  4 | import { MapPin, Search } from "lucide-react";
  5 | import Link from "next/link";
> 6 | import { useMemo, useState } from "react";
    |                ^^^^^^^^
  7 |
  8 | const categories = [
  9 |   ["Biệt thự", "#biet-thu"],

Ecmascript file had an error @ http://localhost:3100/_next/static/chunks/node_modules_next_dist_1gdrd03._.js:1945
[  475936ms] [ERROR] ./src/app/du-an/page.tsx:6:16
You're importing a module that depends on `useState` into a React Server Component module. This API is only available in Client Components. To fix, mark the file (or its parent) with the `"use client"` directive.
    Learn more: https://nextjs.org/docs/app/api-reference/directives/use-client
  4 | import { MapPin, Search } from "lucide-react";
  5 | import Link from "next/link";
> 6 | import { useMemo, useState } from "react";
    |                ^^^^^^^^
  7 |
  8 | const categories = [
  9 |   ["Biệt thự", "#biet-thu"],

Ecmascript file had an error @ http://localhost:3100/_next/static/chunks/node_modules_next_dist_1gdrd03._.js:1945
[  475999ms] [ERROR] ./src/app/du-an/page.tsx:6:16
You're importing a module that depends on `useState` into a React Server Component module. This API is only available in Client Components. To fix, mark the file (or its parent) with the `"use client"` directive.
    Learn more: https://nextjs.org/docs/app/api-reference/directives/use-client
  4 | import { MapPin, Search } from "lucide-react";
  5 | import Link from "next/link";
> 6 | import { useMemo, useState } from "react";
    |                ^^^^^^^^
  7 |
  8 | const categories = [
  9 |   ["Biệt thự", "#biet-thu"],

Ecmascript file had an error @ http://localhost:3100/_next/static/chunks/node_modules_next_dist_1gdrd03._.js:1945
[  476062ms] [ERROR] ./src/app/du-an/page.tsx:6:16
You're importing a module that depends on `useState` into a React Server Component module. This API is only available in Client Components. To fix, mark the file (or its parent) with the `"use client"` directive.
    Learn more: https://nextjs.org/docs/app/api-reference/directives/use-client
  4 | import { MapPin, Search } from "lucide-react";
  5 | import Link from "next/link";
> 6 | import { useMemo, useState } from "react";
    |                ^^^^^^^^
  7 |
  8 | const categories = [
  9 |   ["Biệt thự", "#biet-thu"],

Ecmascript file had an error @ http://localhost:3100/_next/static/chunks/node_modules_next_dist_1gdrd03._.js:1945
[  476125ms] [ERROR] ./src/app/du-an/page.tsx:6:16
You're importing a module that depends on `useState` into a React Server Component module. This API is only available in Client Components. To fix, mark the file (or its parent) with the `"use client"` directive.
    Learn more: https://nextjs.org/docs/app/api-reference/directives/use-client
  4 | import { MapPin, Search } from "lucide-react";
  5 | import Link from "next/link";
> 6 | import { useMemo, useState } from "react";
    |                ^^^^^^^^
  7 |
  8 | const categories = [
  9 |   ["Biệt thự", "#biet-thu"],

Ecmascript file had an error @ http://localhost:3100/_next/static/chunks/node_modules_next_dist_1gdrd03._.js:1945
[  476187ms] [ERROR] ./src/app/du-an/page.tsx:6:16
You're importing a module that depends on `useState` into a React Server Component module. This API is only available in Client Components. To fix, mark the file (or its parent) with the `"use client"` directive.
    Learn more: https://nextjs.org/docs/app/api-reference/directives/use-client
  4 | import { MapPin, Search } from "lucide-react";
  5 | import Link from "next/link";
> 6 | import { useMemo, useState } from "react";
    |                ^^^^^^^^
  7 |
  8 | const categories = [
  9 |   ["Biệt thự", "#biet-thu"],

Ecmascript file had an error @ http://localhost:3100/_next/static/chunks/node_modules_next_dist_1gdrd03._.js:1945
[  476250ms] [ERROR] ./src/app/du-an/page.tsx:6:16
You're importing a module that depends on `useState` into a React Server Component module. This API is only available in Client Components. To fix, mark the file (or its parent) with the `"use client"` directive.
    Learn more: https://nextjs.org/docs/app/api-reference/directives/use-client
  4 | import { MapPin, Search } from "lucide-react";
  5 | import Link from "next/link";
> 6 | import { useMemo, useState } from "react";
    |                ^^^^^^^^
  7 |
  8 | const categories = [
  9 |   ["Biệt thự", "#biet-thu"],

Ecmascript file had an error @ http://localhost:3100/_next/static/chunks/node_modules_next_dist_1gdrd03._.js:1945
[  476314ms] [ERROR] ./src/app/du-an/page.tsx:6:16
You're importing a module that depends on `useState` into a React Server Component module. This API is only available in Client Components. To fix, mark the file (or its parent) with the `"use client"` directive.
    Learn more: https://nextjs.org/docs/app/api-reference/directives/use-client
  4 | import { MapPin, Search } from "lucide-react";
  5 | import Link from "next/link";
> 6 | import { useMemo, useState } from "react";
    |                ^^^^^^^^
  7 |
  8 | const categories = [
  9 |   ["Biệt thự", "#biet-thu"],

Ecmascript file had an error @ http://localhost:3100/_next/static/chunks/node_modules_next_dist_1gdrd03._.js:1945
[  476375ms] [ERROR] ./src/app/du-an/page.tsx:6:16
You're importing a module that depends on `useState` into a React Server Component module. This API is only available in Client Components. To fix, mark the file (or its parent) with the `"use client"` directive.
    Learn more: https://nextjs.org/docs/app/api-reference/directives/use-client
  4 | import { MapPin, Search } from "lucide-react";
  5 | import Link from "next/link";
> 6 | import { useMemo, useState } from "react";
    |                ^^^^^^^^
  7 |
  8 | const categories = [
  9 |   ["Biệt thự", "#biet-thu"],

Ecmascript file had an error @ http://localhost:3100/_next/static/chunks/node_modules_next_dist_1gdrd03._.js:1945
[  476439ms] [ERROR] ./src/app/du-an/page.tsx:6:16
You're importing a module that depends on `useState` into a React Server Component module. This API is only available in Client Components. To fix, mark the file (or its parent) with the `"use client"` directive.
    Learn more: https://nextjs.org/docs/app/api-reference/directives/use-client
  4 | import { MapPin, Search } from "lucide-react";
  5 | import Link from "next/link";
> 6 | import { useMemo, useState } from "react";
    |                ^^^^^^^^
  7 |
  8 | const categories = [
  9 |   ["Biệt thự", "#biet-thu"],

Ecmascript file had an error @ http://localhost:3100/_next/static/chunks/node_modules_next_dist_1gdrd03._.js:1945
[  476500ms] [ERROR] ./src/app/du-an/page.tsx:6:16
You're importing a module that depends on `useState` into a React Server Component module. This API is only available in Client Components. To fix, mark the file (or its parent) with the `"use client"` directive.
    Learn more: https://nextjs.org/docs/app/api-reference/directives/use-client
  4 | import { MapPin, Search } from "lucide-react";
  5 | import Link from "next/link";
> 6 | import { useMemo, useState } from "react";
    |                ^^^^^^^^
  7 |
  8 | const categories = [
  9 |   ["Biệt thự", "#biet-thu"],

Ecmascript file had an error @ http://localhost:3100/_next/static/chunks/node_modules_next_dist_1gdrd03._.js:1945
[  476562ms] [ERROR] ./src/app/du-an/page.tsx:6:16
You're importing a module that depends on `useState` into a React Server Component module. This API is only available in Client Components. To fix, mark the file (or its parent) with the `"use client"` directive.
    Learn more: https://nextjs.org/docs/app/api-reference/directives/use-client
  4 | import { MapPin, Search } from "lucide-react";
  5 | import Link from "next/link";
> 6 | import { useMemo, useState } from "react";
    |                ^^^^^^^^
  7 |
  8 | const categories = [
  9 |   ["Biệt thự", "#biet-thu"],

Ecmascript file had an error @ http://localhost:3100/_next/static/chunks/node_modules_next_dist_1gdrd03._.js:1945
[  476614ms] [ERROR] ./src/app/du-an/page.tsx:6:16
You're importing a module that depends on `useState` into a React Server Component module. This API is only available in Client Components. To fix, mark the file (or its parent) with the `"use client"` directive.
    Learn more: https://nextjs.org/docs/app/api-reference/directives/use-client
  4 | import { MapPin, Search } from "lucide-react";
  5 | import Link from "next/link";
> 6 | import { useMemo, useState } from "react";
    |                ^^^^^^^^
  7 |
  8 | const categories = [
  9 |   ["Biệt thự", "#biet-thu"],

Ecmascript file had an error @ http://localhost:3100/_next/static/chunks/node_modules_next_dist_1gdrd03._.js:1945
[  476675ms] [ERROR] ./src/app/du-an/page.tsx:6:16
You're importing a module that depends on `useState` into a React Server Component module. This API is only available in Client Components. To fix, mark the file (or its parent) with the `"use client"` directive.
    Learn more: https://nextjs.org/docs/app/api-reference/directives/use-client
  4 | import { MapPin, Search } from "lucide-react";
  5 | import Link from "next/link";
> 6 | import { useMemo, useState } from "react";
    |                ^^^^^^^^
  7 |
  8 | const categories = [
  9 |   ["Biệt thự", "#biet-thu"],

Ecmascript file had an error @ http://localhost:3100/_next/static/chunks/node_modules_next_dist_1gdrd03._.js:1945
[  476738ms] [ERROR] ./src/app/du-an/page.tsx:6:16
You're importing a module that depends on `useState` into a React Server Component module. This API is only available in Client Components. To fix, mark the file (or its parent) with the `"use client"` directive.
    Learn more: https://nextjs.org/docs/app/api-reference/directives/use-client
  4 | import { MapPin, Search } from "lucide-react";
  5 | import Link from "next/link";
> 6 | import { useMemo, useState } from "react";
    |                ^^^^^^^^
  7 |
  8 | const categories = [
  9 |   ["Biệt thự", "#biet-thu"],

Ecmascript file had an error @ http://localhost:3100/_next/static/chunks/node_modules_next_dist_1gdrd03._.js:1945
[  476800ms] [ERROR] ./src/app/du-an/page.tsx:6:16
You're importing a module that depends on `useState` into a React Server Component module. This API is only available in Client Components. To fix, mark the file (or its parent) with the `"use client"` directive.
    Learn more: https://nextjs.org/docs/app/api-reference/directives/use-client
  4 | import { MapPin, Search } from "lucide-react";
  5 | import Link from "next/link";
> 6 | import { useMemo, useState } from "react";
    |                ^^^^^^^^
  7 |
  8 | const categories = [
  9 |   ["Biệt thự", "#biet-thu"],

Ecmascript file had an error @ http://localhost:3100/_next/static/chunks/node_modules_next_dist_1gdrd03._.js:1945
[  476863ms] [ERROR] ./src/app/du-an/page.tsx:6:16
You're importing a module that depends on `useState` into a React Server Component module. This API is only available in Client Components. To fix, mark the file (or its parent) with the `"use client"` directive.
    Learn more: https://nextjs.org/docs/app/api-reference/directives/use-client
  4 | import { MapPin, Search } from "lucide-react";
  5 | import Link from "next/link";
> 6 | import { useMemo, useState } from "react";
    |                ^^^^^^^^
  7 |
  8 | const categories = [
  9 |   ["Biệt thự", "#biet-thu"],

Ecmascript file had an error @ http://localhost:3100/_next/static/chunks/node_modules_next_dist_1gdrd03._.js:1945
[  476927ms] [ERROR] ./src/app/du-an/page.tsx:6:16
You're importing a module that depends on `useState` into a React Server Component module. This API is only available in Client Components. To fix, mark the file (or its parent) with the `"use client"` directive.
    Learn more: https://nextjs.org/docs/app/api-reference/directives/use-client
  4 | import { MapPin, Search } from "lucide-react";
  5 | import Link from "next/link";
> 6 | import { useMemo, useState } from "react";
    |                ^^^^^^^^
  7 |
  8 | const categories = [
  9 |   ["Biệt thự", "#biet-thu"],

Ecmascript file had an error @ http://localhost:3100/_next/static/chunks/node_modules_next_dist_1gdrd03._.js:1945
[  476989ms] [ERROR] ./src/app/du-an/page.tsx:6:16
You're importing a module that depends on `useState` into a React Server Component module. This API is only available in Client Components. To fix, mark the file (or its parent) with the `"use client"` directive.
    Learn more: https://nextjs.org/docs/app/api-reference/directives/use-client
  4 | import { MapPin, Search } from "lucide-react";
  5 | import Link from "next/link";
> 6 | import { useMemo, useState } from "react";
    |                ^^^^^^^^
  7 |
  8 | const categories = [
  9 |   ["Biệt thự", "#biet-thu"],

Ecmascript file had an error @ http://localhost:3100/_next/static/chunks/node_modules_next_dist_1gdrd03._.js:1945
[  477051ms] [ERROR] ./src/app/du-an/page.tsx:6:16
You're importing a module that depends on `useState` into a React Server Component module. This API is only available in Client Components. To fix, mark the file (or its parent) with the `"use client"` directive.
    Learn more: https://nextjs.org/docs/app/api-reference/directives/use-client
  4 | import { MapPin, Search } from "lucide-react";
  5 | import Link from "next/link";
> 6 | import { useMemo, useState } from "react";
    |                ^^^^^^^^
  7 |
  8 | const categories = [
  9 |   ["Biệt thự", "#biet-thu"],

Ecmascript file had an error @ http://localhost:3100/_next/static/chunks/node_modules_next_dist_1gdrd03._.js:1945
[  477114ms] [ERROR] ./src/app/du-an/page.tsx:6:16
You're importing a module that depends on `useState` into a React Server Component module. This API is only available in Client Components. To fix, mark the file (or its parent) with the `"use client"` directive.
    Learn more: https://nextjs.org/docs/app/api-reference/directives/use-client
  4 | import { MapPin, Search } from "lucide-react";
  5 | import Link from "next/link";
> 6 | import { useMemo, useState } from "react";
    |                ^^^^^^^^
  7 |
  8 | const categories = [
  9 |   ["Biệt thự", "#biet-thu"],

Ecmascript file had an error @ http://localhost:3100/_next/static/chunks/node_modules_next_dist_1gdrd03._.js:1945
[  477176ms] [ERROR] ./src/app/du-an/page.tsx:6:16
You're importing a module that depends on `useState` into a React Server Component module. This API is only available in Client Components. To fix, mark the file (or its parent) with the `"use client"` directive.
    Learn more: https://nextjs.org/docs/app/api-reference/directives/use-client
  4 | import { MapPin, Search } from "lucide-react";
  5 | import Link from "next/link";
> 6 | import { useMemo, useState } from "react";
    |                ^^^^^^^^
  7 |
  8 | const categories = [
  9 |   ["Biệt thự", "#biet-thu"],

Ecmascript file had an error @ http://localhost:3100/_next/static/chunks/node_modules_next_dist_1gdrd03._.js:1945
[  477239ms] [ERROR] ./src/app/du-an/page.tsx:6:16
You're importing a module that depends on `useState` into a React Server Component module. This API is only available in Client Components. To fix, mark the file (or its parent) with the `"use client"` directive.
    Learn more: https://nextjs.org/docs/app/api-reference/directives/use-client
  4 | import { MapPin, Search } from "lucide-react";
  5 | import Link from "next/link";
> 6 | import { useMemo, useState } from "react";
    |                ^^^^^^^^
  7 |
  8 | const categories = [
  9 |   ["Biệt thự", "#biet-thu"],

Ecmascript file had an error @ http://localhost:3100/_next/static/chunks/node_modules_next_dist_1gdrd03._.js:1945
[  477300ms] [ERROR] ./src/app/du-an/page.tsx:6:16
You're importing a module that depends on `useState` into a React Server Component module. This API is only available in Client Components. To fix, mark the file (or its parent) with the `"use client"` directive.
    Learn more: https://nextjs.org/docs/app/api-reference/directives/use-client
  4 | import { MapPin, Search } from "lucide-react";
  5 | import Link from "next/link";
> 6 | import { useMemo, useState } from "react";
    |                ^^^^^^^^
  7 |
  8 | const categories = [
  9 |   ["Biệt thự", "#biet-thu"],

Ecmascript file had an error @ http://localhost:3100/_next/static/chunks/node_modules_next_dist_1gdrd03._.js:1945
[  477363ms] [ERROR] ./src/app/du-an/page.tsx:6:16
You're importing a module that depends on `useState` into a React Server Component module. This API is only available in Client Components. To fix, mark the file (or its parent) with the `"use client"` directive.
    Learn more: https://nextjs.org/docs/app/api-reference/directives/use-client
  4 | import { MapPin, Search } from "lucide-react";
  5 | import Link from "next/link";
> 6 | import { useMemo, useState } from "react";
    |                ^^^^^^^^
  7 |
  8 | const categories = [
  9 |   ["Biệt thự", "#biet-thu"],

Ecmascript file had an error @ http://localhost:3100/_next/static/chunks/node_modules_next_dist_1gdrd03._.js:1945
[  477425ms] [ERROR] ./src/app/du-an/page.tsx:6:16
You're importing a module that depends on `useState` into a React Server Component module. This API is only available in Client Components. To fix, mark the file (or its parent) with the `"use client"` directive.
    Learn more: https://nextjs.org/docs/app/api-reference/directives/use-client
  4 | import { MapPin, Search } from "lucide-react";
  5 | import Link from "next/link";
> 6 | import { useMemo, useState } from "react";
    |                ^^^^^^^^
  7 |
  8 | const categories = [
  9 |   ["Biệt thự", "#biet-thu"],

Ecmascript file had an error @ http://localhost:3100/_next/static/chunks/node_modules_next_dist_1gdrd03._.js:1945
[  477485ms] [ERROR] ./src/app/du-an/page.tsx:6:16
You're importing a module that depends on `useState` into a React Server Component module. This API is only available in Client Components. To fix, mark the file (or its parent) with the `"use client"` directive.
    Learn more: https://nextjs.org/docs/app/api-reference/directives/use-client
  4 | import { MapPin, Search } from "lucide-react";
  5 | import Link from "next/link";
> 6 | import { useMemo, useState } from "react";
    |                ^^^^^^^^
  7 |
  8 | const categories = [
  9 |   ["Biệt thự", "#biet-thu"],

Ecmascript file had an error @ http://localhost:3100/_next/static/chunks/node_modules_next_dist_1gdrd03._.js:1945
[  477548ms] [ERROR] ./src/app/du-an/page.tsx:6:16
You're importing a module that depends on `useState` into a React Server Component module. This API is only available in Client Components. To fix, mark the file (or its parent) with the `"use client"` directive.
    Learn more: https://nextjs.org/docs/app/api-reference/directives/use-client
  4 | import { MapPin, Search } from "lucide-react";
  5 | import Link from "next/link";
> 6 | import { useMemo, useState } from "react";
    |                ^^^^^^^^
  7 |
  8 | const categories = [
  9 |   ["Biệt thự", "#biet-thu"],

Ecmascript file had an error @ http://localhost:3100/_next/static/chunks/node_modules_next_dist_1gdrd03._.js:1945
[  477611ms] [ERROR] ./src/app/du-an/page.tsx:6:16
You're importing a module that depends on `useState` into a React Server Component module. This API is only available in Client Components. To fix, mark the file (or its parent) with the `"use client"` directive.
    Learn more: https://nextjs.org/docs/app/api-reference/directives/use-client
  4 | import { MapPin, Search } from "lucide-react";
  5 | import Link from "next/link";
> 6 | import { useMemo, useState } from "react";
    |                ^^^^^^^^
  7 |
  8 | const categories = [
  9 |   ["Biệt thự", "#biet-thu"],

Ecmascript file had an error @ http://localhost:3100/_next/static/chunks/node_modules_next_dist_1gdrd03._.js:1945
[  477674ms] [ERROR] ./src/app/du-an/page.tsx:6:16
You're importing a module that depends on `useState` into a React Server Component module. This API is only available in Client Components. To fix, mark the file (or its parent) with the `"use client"` directive.
    Learn more: https://nextjs.org/docs/app/api-reference/directives/use-client
  4 | import { MapPin, Search } from "lucide-react";
  5 | import Link from "next/link";
> 6 | import { useMemo, useState } from "react";
    |                ^^^^^^^^
  7 |
  8 | const categories = [
  9 |   ["Biệt thự", "#biet-thu"],

Ecmascript file had an error @ http://localhost:3100/_next/static/chunks/node_modules_next_dist_1gdrd03._.js:1945
[  477737ms] [ERROR] ./src/app/du-an/page.tsx:6:16
You're importing a module that depends on `useState` into a React Server Component module. This API is only available in Client Components. To fix, mark the file (or its parent) with the `"use client"` directive.
    Learn more: https://nextjs.org/docs/app/api-reference/directives/use-client
  4 | import { MapPin, Search } from "lucide-react";
  5 | import Link from "next/link";
> 6 | import { useMemo, useState } from "react";
    |                ^^^^^^^^
  7 |
  8 | const categories = [
  9 |   ["Biệt thự", "#biet-thu"],

Ecmascript file had an error @ http://localhost:3100/_next/static/chunks/node_modules_next_dist_1gdrd03._.js:1945
[  477799ms] [ERROR] ./src/app/du-an/page.tsx:6:16
You're importing a module that depends on `useState` into a React Server Component module. This API is only available in Client Components. To fix, mark the file (or its parent) with the `"use client"` directive.
    Learn more: https://nextjs.org/docs/app/api-reference/directives/use-client
  4 | import { MapPin, Search } from "lucide-react";
  5 | import Link from "next/link";
> 6 | import { useMemo, useState } from "react";
    |                ^^^^^^^^
  7 |
  8 | const categories = [
  9 |   ["Biệt thự", "#biet-thu"],

Ecmascript file had an error @ http://localhost:3100/_next/static/chunks/node_modules_next_dist_1gdrd03._.js:1945
[  477863ms] [ERROR] ./src/app/du-an/page.tsx:6:16
You're importing a module that depends on `useState` into a React Server Component module. This API is only available in Client Components. To fix, mark the file (or its parent) with the `"use client"` directive.
    Learn more: https://nextjs.org/docs/app/api-reference/directives/use-client
  4 | import { MapPin, Search } from "lucide-react";
  5 | import Link from "next/link";
> 6 | import { useMemo, useState } from "react";
    |                ^^^^^^^^
  7 |
  8 | const categories = [
  9 |   ["Biệt thự", "#biet-thu"],

Ecmascript file had an error @ http://localhost:3100/_next/static/chunks/node_modules_next_dist_1gdrd03._.js:1945
[  477926ms] [ERROR] ./src/app/du-an/page.tsx:6:16
You're importing a module that depends on `useState` into a React Server Component module. This API is only available in Client Components. To fix, mark the file (or its parent) with the `"use client"` directive.
    Learn more: https://nextjs.org/docs/app/api-reference/directives/use-client
  4 | import { MapPin, Search } from "lucide-react";
  5 | import Link from "next/link";
> 6 | import { useMemo, useState } from "react";
    |                ^^^^^^^^
  7 |
  8 | const categories = [
  9 |   ["Biệt thự", "#biet-thu"],

Ecmascript file had an error @ http://localhost:3100/_next/static/chunks/node_modules_next_dist_1gdrd03._.js:1945
[  477989ms] [ERROR] ./src/app/du-an/page.tsx:6:16
You're importing a module that depends on `useState` into a React Server Component module. This API is only available in Client Components. To fix, mark the file (or its parent) with the `"use client"` directive.
    Learn more: https://nextjs.org/docs/app/api-reference/directives/use-client
  4 | import { MapPin, Search } from "lucide-react";
  5 | import Link from "next/link";
> 6 | import { useMemo, useState } from "react";
    |                ^^^^^^^^
  7 |
  8 | const categories = [
  9 |   ["Biệt thự", "#biet-thu"],

Ecmascript file had an error @ http://localhost:3100/_next/static/chunks/node_modules_next_dist_1gdrd03._.js:1945
[  478052ms] [ERROR] ./src/app/du-an/page.tsx:6:16
You're importing a module that depends on `useState` into a React Server Component module. This API is only available in Client Components. To fix, mark the file (or its parent) with the `"use client"` directive.
    Learn more: https://nextjs.org/docs/app/api-reference/directives/use-client
  4 | import { MapPin, Search } from "lucide-react";
  5 | import Link from "next/link";
> 6 | import { useMemo, useState } from "react";
    |                ^^^^^^^^
  7 |
  8 | const categories = [
  9 |   ["Biệt thự", "#biet-thu"],

Ecmascript file had an error @ http://localhost:3100/_next/static/chunks/node_modules_next_dist_1gdrd03._.js:1945
[  478114ms] [ERROR] ./src/app/du-an/page.tsx:6:16
You're importing a module that depends on `useState` into a React Server Component module. This API is only available in Client Components. To fix, mark the file (or its parent) with the `"use client"` directive.
    Learn more: https://nextjs.org/docs/app/api-reference/directives/use-client
  4 | import { MapPin, Search } from "lucide-react";
  5 | import Link from "next/link";
> 6 | import { useMemo, useState } from "react";
    |                ^^^^^^^^
  7 |
  8 | const categories = [
  9 |   ["Biệt thự", "#biet-thu"],

Ecmascript file had an error @ http://localhost:3100/_next/static/chunks/node_modules_next_dist_1gdrd03._.js:1945
[  478177ms] [ERROR] ./src/app/du-an/page.tsx:6:16
You're importing a module that depends on `useState` into a React Server Component module. This API is only available in Client Components. To fix, mark the file (or its parent) with the `"use client"` directive.
    Learn more: https://nextjs.org/docs/app/api-reference/directives/use-client
  4 | import { MapPin, Search } from "lucide-react";
  5 | import Link from "next/link";
> 6 | import { useMemo, useState } from "react";
    |                ^^^^^^^^
  7 |
  8 | const categories = [
  9 |   ["Biệt thự", "#biet-thu"],

Ecmascript file had an error @ http://localhost:3100/_next/static/chunks/node_modules_next_dist_1gdrd03._.js:1945
[  478239ms] [ERROR] ./src/app/du-an/page.tsx:6:16
You're importing a module that depends on `useState` into a React Server Component module. This API is only available in Client Components. To fix, mark the file (or its parent) with the `"use client"` directive.
    Learn more: https://nextjs.org/docs/app/api-reference/directives/use-client
  4 | import { MapPin, Search } from "lucide-react";
  5 | import Link from "next/link";
> 6 | import { useMemo, useState } from "react";
    |                ^^^^^^^^
  7 |
  8 | const categories = [
  9 |   ["Biệt thự", "#biet-thu"],

Ecmascript file had an error @ http://localhost:3100/_next/static/chunks/node_modules_next_dist_1gdrd03._.js:1945
[  478303ms] [ERROR] ./src/app/du-an/page.tsx:6:16
You're importing a module that depends on `useState` into a React Server Component module. This API is only available in Client Components. To fix, mark the file (or its parent) with the `"use client"` directive.
    Learn more: https://nextjs.org/docs/app/api-reference/directives/use-client
  4 | import { MapPin, Search } from "lucide-react";
  5 | import Link from "next/link";
> 6 | import { useMemo, useState } from "react";
    |                ^^^^^^^^
  7 |
  8 | const categories = [
  9 |   ["Biệt thự", "#biet-thu"],

Ecmascript file had an error @ http://localhost:3100/_next/static/chunks/node_modules_next_dist_1gdrd03._.js:1945
[  478366ms] [ERROR] ./src/app/du-an/page.tsx:6:16
You're importing a module that depends on `useState` into a React Server Component module. This API is only available in Client Components. To fix, mark the file (or its parent) with the `"use client"` directive.
    Learn more: https://nextjs.org/docs/app/api-reference/directives/use-client
  4 | import { MapPin, Search } from "lucide-react";
  5 | import Link from "next/link";
> 6 | import { useMemo, useState } from "react";
    |                ^^^^^^^^
  7 |
  8 | const categories = [
  9 |   ["Biệt thự", "#biet-thu"],

Ecmascript file had an error @ http://localhost:3100/_next/static/chunks/node_modules_next_dist_1gdrd03._.js:1945
[  478417ms] [ERROR] ./src/app/du-an/page.tsx:6:16
You're importing a module that depends on `useState` into a React Server Component module. This API is only available in Client Components. To fix, mark the file (or its parent) with the `"use client"` directive.
    Learn more: https://nextjs.org/docs/app/api-reference/directives/use-client
  4 | import { MapPin, Search } from "lucide-react";
  5 | import Link from "next/link";
> 6 | import { useMemo, useState } from "react";
    |                ^^^^^^^^
  7 |
  8 | const categories = [
  9 |   ["Biệt thự", "#biet-thu"],

Ecmascript file had an error @ http://localhost:3100/_next/static/chunks/node_modules_next_dist_1gdrd03._.js:1945
[  478480ms] [ERROR] ./src/app/du-an/page.tsx:6:16
You're importing a module that depends on `useState` into a React Server Component module. This API is only available in Client Components. To fix, mark the file (or its parent) with the `"use client"` directive.
    Learn more: https://nextjs.org/docs/app/api-reference/directives/use-client
  4 | import { MapPin, Search } from "lucide-react";
  5 | import Link from "next/link";
> 6 | import { useMemo, useState } from "react";
    |                ^^^^^^^^
  7 |
  8 | const categories = [
  9 |   ["Biệt thự", "#biet-thu"],

Ecmascript file had an error @ http://localhost:3100/_next/static/chunks/node_modules_next_dist_1gdrd03._.js:1945
[  478542ms] [ERROR] ./src/app/du-an/page.tsx:6:16
You're importing a module that depends on `useState` into a React Server Component module. This API is only available in Client Components. To fix, mark the file (or its parent) with the `"use client"` directive.
    Learn more: https://nextjs.org/docs/app/api-reference/directives/use-client
  4 | import { MapPin, Search } from "lucide-react";
  5 | import Link from "next/link";
> 6 | import { useMemo, useState } from "react";
    |                ^^^^^^^^
  7 |
  8 | const categories = [
  9 |   ["Biệt thự", "#biet-thu"],

Ecmascript file had an error @ http://localhost:3100/_next/static/chunks/node_modules_next_dist_1gdrd03._.js:1945
[  478604ms] [ERROR] ./src/app/du-an/page.tsx:6:16
You're importing a module that depends on `useState` into a React Server Component module. This API is only available in Client Components. To fix, mark the file (or its parent) with the `"use client"` directive.
    Learn more: https://nextjs.org/docs/app/api-reference/directives/use-client
  4 | import { MapPin, Search } from "lucide-react";
  5 | import Link from "next/link";
> 6 | import { useMemo, useState } from "react";
    |                ^^^^^^^^
  7 |
  8 | const categories = [
  9 |   ["Biệt thự", "#biet-thu"],

Ecmascript file had an error @ http://localhost:3100/_next/static/chunks/node_modules_next_dist_1gdrd03._.js:1945
[  478666ms] [ERROR] ./src/app/du-an/page.tsx:6:16
You're importing a module that depends on `useState` into a React Server Component module. This API is only available in Client Components. To fix, mark the file (or its parent) with the `"use client"` directive.
    Learn more: https://nextjs.org/docs/app/api-reference/directives/use-client
  4 | import { MapPin, Search } from "lucide-react";
  5 | import Link from "next/link";
> 6 | import { useMemo, useState } from "react";
    |                ^^^^^^^^
  7 |
  8 | const categories = [
  9 |   ["Biệt thự", "#biet-thu"],

Ecmascript file had an error @ http://localhost:3100/_next/static/chunks/node_modules_next_dist_1gdrd03._.js:1945
[  478730ms] [ERROR] ./src/app/du-an/page.tsx:6:16
You're importing a module that depends on `useState` into a React Server Component module. This API is only available in Client Components. To fix, mark the file (or its parent) with the `"use client"` directive.
    Learn more: https://nextjs.org/docs/app/api-reference/directives/use-client
  4 | import { MapPin, Search } from "lucide-react";
  5 | import Link from "next/link";
> 6 | import { useMemo, useState } from "react";
    |                ^^^^^^^^
  7 |
  8 | const categories = [
  9 |   ["Biệt thự", "#biet-thu"],

Ecmascript file had an error @ http://localhost:3100/_next/static/chunks/node_modules_next_dist_1gdrd03._.js:1945
[  478793ms] [ERROR] ./src/app/du-an/page.tsx:6:16
You're importing a module that depends on `useState` into a React Server Component module. This API is only available in Client Components. To fix, mark the file (or its parent) with the `"use client"` directive.
    Learn more: https://nextjs.org/docs/app/api-reference/directives/use-client
  4 | import { MapPin, Search } from "lucide-react";
  5 | import Link from "next/link";
> 6 | import { useMemo, useState } from "react";
    |                ^^^^^^^^
  7 |
  8 | const categories = [
  9 |   ["Biệt thự", "#biet-thu"],

Ecmascript file had an error @ http://localhost:3100/_next/static/chunks/node_modules_next_dist_1gdrd03._.js:1945
[  478857ms] [ERROR] ./src/app/du-an/page.tsx:6:16
You're importing a module that depends on `useState` into a React Server Component module. This API is only available in Client Components. To fix, mark the file (or its parent) with the `"use client"` directive.
    Learn more: https://nextjs.org/docs/app/api-reference/directives/use-client
  4 | import { MapPin, Search } from "lucide-react";
  5 | import Link from "next/link";
> 6 | import { useMemo, useState } from "react";
    |                ^^^^^^^^
  7 |
  8 | const categories = [
  9 |   ["Biệt thự", "#biet-thu"],

Ecmascript file had an error @ http://localhost:3100/_next/static/chunks/node_modules_next_dist_1gdrd03._.js:1945
[  478920ms] [ERROR] ./src/app/du-an/page.tsx:6:16
You're importing a module that depends on `useState` into a React Server Component module. This API is only available in Client Components. To fix, mark the file (or its parent) with the `"use client"` directive.
    Learn more: https://nextjs.org/docs/app/api-reference/directives/use-client
  4 | import { MapPin, Search } from "lucide-react";
  5 | import Link from "next/link";
> 6 | import { useMemo, useState } from "react";
    |                ^^^^^^^^
  7 |
  8 | const categories = [
  9 |   ["Biệt thự", "#biet-thu"],

Ecmascript file had an error @ http://localhost:3100/_next/static/chunks/node_modules_next_dist_1gdrd03._.js:1945
[  478982ms] [ERROR] ./src/app/du-an/page.tsx:6:16
You're importing a module that depends on `useState` into a React Server Component module. This API is only available in Client Components. To fix, mark the file (or its parent) with the `"use client"` directive.
    Learn more: https://nextjs.org/docs/app/api-reference/directives/use-client
  4 | import { MapPin, Search } from "lucide-react";
  5 | import Link from "next/link";
> 6 | import { useMemo, useState } from "react";
    |                ^^^^^^^^
  7 |
  8 | const categories = [
  9 |   ["Biệt thự", "#biet-thu"],

Ecmascript file had an error @ http://localhost:3100/_next/static/chunks/node_modules_next_dist_1gdrd03._.js:1945
[  479044ms] [ERROR] ./src/app/du-an/page.tsx:6:16
You're importing a module that depends on `useState` into a React Server Component module. This API is only available in Client Components. To fix, mark the file (or its parent) with the `"use client"` directive.
    Learn more: https://nextjs.org/docs/app/api-reference/directives/use-client
  4 | import { MapPin, Search } from "lucide-react";
  5 | import Link from "next/link";
> 6 | import { useMemo, useState } from "react";
    |                ^^^^^^^^
  7 |
  8 | const categories = [
  9 |   ["Biệt thự", "#biet-thu"],

Ecmascript file had an error @ http://localhost:3100/_next/static/chunks/node_modules_next_dist_1gdrd03._.js:1945
[  479108ms] [ERROR] ./src/app/du-an/page.tsx:6:16
You're importing a module that depends on `useState` into a React Server Component module. This API is only available in Client Components. To fix, mark the file (or its parent) with the `"use client"` directive.
    Learn more: https://nextjs.org/docs/app/api-reference/directives/use-client
  4 | import { MapPin, Search } from "lucide-react";
  5 | import Link from "next/link";
> 6 | import { useMemo, useState } from "react";
    |                ^^^^^^^^
  7 |
  8 | const categories = [
  9 |   ["Biệt thự", "#biet-thu"],

Ecmascript file had an error @ http://localhost:3100/_next/static/chunks/node_modules_next_dist_1gdrd03._.js:1945
[  479172ms] [ERROR] ./src/app/du-an/page.tsx:6:16
You're importing a module that depends on `useState` into a React Server Component module. This API is only available in Client Components. To fix, mark the file (or its parent) with the `"use client"` directive.
    Learn more: https://nextjs.org/docs/app/api-reference/directives/use-client
  4 | import { MapPin, Search } from "lucide-react";
  5 | import Link from "next/link";
> 6 | import { useMemo, useState } from "react";
    |                ^^^^^^^^
  7 |
  8 | const categories = [
  9 |   ["Biệt thự", "#biet-thu"],

Ecmascript file had an error @ http://localhost:3100/_next/static/chunks/node_modules_next_dist_1gdrd03._.js:1945
[  479235ms] [ERROR] ./src/app/du-an/page.tsx:6:16
You're importing a module that depends on `useState` into a React Server Component module. This API is only available in Client Components. To fix, mark the file (or its parent) with the `"use client"` directive.
    Learn more: https://nextjs.org/docs/app/api-reference/directives/use-client
  4 | import { MapPin, Search } from "lucide-react";
  5 | import Link from "next/link";
> 6 | import { useMemo, useState } from "react";
    |                ^^^^^^^^
  7 |
  8 | const categories = [
  9 |   ["Biệt thự", "#biet-thu"],

Ecmascript file had an error @ http://localhost:3100/_next/static/chunks/node_modules_next_dist_1gdrd03._.js:1945
[  479299ms] [ERROR] ./src/app/du-an/page.tsx:6:16
You're importing a module that depends on `useState` into a React Server Component module. This API is only available in Client Components. To fix, mark the file (or its parent) with the `"use client"` directive.
    Learn more: https://nextjs.org/docs/app/api-reference/directives/use-client
  4 | import { MapPin, Search } from "lucide-react";
  5 | import Link from "next/link";
> 6 | import { useMemo, useState } from "react";
    |                ^^^^^^^^
  7 |
  8 | const categories = [
  9 |   ["Biệt thự", "#biet-thu"],

Ecmascript file had an error @ http://localhost:3100/_next/static/chunks/node_modules_next_dist_1gdrd03._.js:1945
[  479363ms] [ERROR] ./src/app/du-an/page.tsx:6:16
You're importing a module that depends on `useState` into a React Server Component module. This API is only available in Client Components. To fix, mark the file (or its parent) with the `"use client"` directive.
    Learn more: https://nextjs.org/docs/app/api-reference/directives/use-client
  4 | import { MapPin, Search } from "lucide-react";
  5 | import Link from "next/link";
> 6 | import { useMemo, useState } from "react";
    |                ^^^^^^^^
  7 |
  8 | const categories = [
  9 |   ["Biệt thự", "#biet-thu"],

Ecmascript file had an error @ http://localhost:3100/_next/static/chunks/node_modules_next_dist_1gdrd03._.js:1945
[  479426ms] [ERROR] ./src/app/du-an/page.tsx:6:16
You're importing a module that depends on `useState` into a React Server Component module. This API is only available in Client Components. To fix, mark the file (or its parent) with the `"use client"` directive.
    Learn more: https://nextjs.org/docs/app/api-reference/directives/use-client
  4 | import { MapPin, Search } from "lucide-react";
  5 | import Link from "next/link";
> 6 | import { useMemo, useState } from "react";
    |                ^^^^^^^^
  7 |
  8 | const categories = [
  9 |   ["Biệt thự", "#biet-thu"],

Ecmascript file had an error @ http://localhost:3100/_next/static/chunks/node_modules_next_dist_1gdrd03._.js:1945
[  479487ms] [ERROR] ./src/app/du-an/page.tsx:6:16
You're importing a module that depends on `useState` into a React Server Component module. This API is only available in Client Components. To fix, mark the file (or its parent) with the `"use client"` directive.
    Learn more: https://nextjs.org/docs/app/api-reference/directives/use-client
  4 | import { MapPin, Search } from "lucide-react";
  5 | import Link from "next/link";
> 6 | import { useMemo, useState } from "react";
    |                ^^^^^^^^
  7 |
  8 | const categories = [
  9 |   ["Biệt thự", "#biet-thu"],

Ecmascript file had an error @ http://localhost:3100/_next/static/chunks/node_modules_next_dist_1gdrd03._.js:1945
[  479549ms] [ERROR] ./src/app/du-an/page.tsx:6:16
You're importing a module that depends on `useState` into a React Server Component module. This API is only available in Client Components. To fix, mark the file (or its parent) with the `"use client"` directive.
    Learn more: https://nextjs.org/docs/app/api-reference/directives/use-client
  4 | import { MapPin, Search } from "lucide-react";
  5 | import Link from "next/link";
> 6 | import { useMemo, useState } from "react";
    |                ^^^^^^^^
  7 |
  8 | const categories = [
  9 |   ["Biệt thự", "#biet-thu"],

Ecmascript file had an error @ http://localhost:3100/_next/static/chunks/node_modules_next_dist_1gdrd03._.js:1945
[  479611ms] [ERROR] ./src/app/du-an/page.tsx:6:16
You're importing a module that depends on `useState` into a React Server Component module. This API is only available in Client Components. To fix, mark the file (or its parent) with the `"use client"` directive.
    Learn more: https://nextjs.org/docs/app/api-reference/directives/use-client
  4 | import { MapPin, Search } from "lucide-react";
  5 | import Link from "next/link";
> 6 | import { useMemo, useState } from "react";
    |                ^^^^^^^^
  7 |
  8 | const categories = [
  9 |   ["Biệt thự", "#biet-thu"],

Ecmascript file had an error @ http://localhost:3100/_next/static/chunks/node_modules_next_dist_1gdrd03._.js:1945
[  479682ms] [ERROR] ./src/app/du-an/page.tsx:6:16
You're importing a module that depends on `useState` into a React Server Component module. This API is only available in Client Components. To fix, mark the file (or its parent) with the `"use client"` directive.
    Learn more: https://nextjs.org/docs/app/api-reference/directives/use-client
  4 | import { MapPin, Search } from "lucide-react";
  5 | import Link from "next/link";
> 6 | import { useMemo, useState } from "react";
    |                ^^^^^^^^
  7 |
  8 | const categories = [
  9 |   ["Biệt thự", "#biet-thu"],

Ecmascript file had an error @ http://localhost:3100/_next/static/chunks/node_modules_next_dist_1gdrd03._.js:1945
[  479732ms] [ERROR] ./src/app/du-an/page.tsx:6:16
You're importing a module that depends on `useState` into a React Server Component module. This API is only available in Client Components. To fix, mark the file (or its parent) with the `"use client"` directive.
    Learn more: https://nextjs.org/docs/app/api-reference/directives/use-client
  4 | import { MapPin, Search } from "lucide-react";
  5 | import Link from "next/link";
> 6 | import { useMemo, useState } from "react";
    |                ^^^^^^^^
  7 |
  8 | const categories = [
  9 |   ["Biệt thự", "#biet-thu"],

Ecmascript file had an error @ http://localhost:3100/_next/static/chunks/node_modules_next_dist_1gdrd03._.js:1945
[  479794ms] [ERROR] ./src/app/du-an/page.tsx:6:16
You're importing a module that depends on `useState` into a React Server Component module. This API is only available in Client Components. To fix, mark the file (or its parent) with the `"use client"` directive.
    Learn more: https://nextjs.org/docs/app/api-reference/directives/use-client
  4 | import { MapPin, Search } from "lucide-react";
  5 | import Link from "next/link";
> 6 | import { useMemo, useState } from "react";
    |                ^^^^^^^^
  7 |
  8 | const categories = [
  9 |   ["Biệt thự", "#biet-thu"],

Ecmascript file had an error @ http://localhost:3100/_next/static/chunks/node_modules_next_dist_1gdrd03._.js:1945
[  479855ms] [ERROR] ./src/app/du-an/page.tsx:6:16
You're importing a module that depends on `useState` into a React Server Component module. This API is only available in Client Components. To fix, mark the file (or its parent) with the `"use client"` directive.
    Learn more: https://nextjs.org/docs/app/api-reference/directives/use-client
  4 | import { MapPin, Search } from "lucide-react";
  5 | import Link from "next/link";
> 6 | import { useMemo, useState } from "react";
    |                ^^^^^^^^
  7 |
  8 | const categories = [
  9 |   ["Biệt thự", "#biet-thu"],

Ecmascript file had an error @ http://localhost:3100/_next/static/chunks/node_modules_next_dist_1gdrd03._.js:1945
[  479917ms] [ERROR] ./src/app/du-an/page.tsx:6:16
You're importing a module that depends on `useState` into a React Server Component module. This API is only available in Client Components. To fix, mark the file (or its parent) with the `"use client"` directive.
    Learn more: https://nextjs.org/docs/app/api-reference/directives/use-client
  4 | import { MapPin, Search } from "lucide-react";
  5 | import Link from "next/link";
> 6 | import { useMemo, useState } from "react";
    |                ^^^^^^^^
  7 |
  8 | const categories = [
  9 |   ["Biệt thự", "#biet-thu"],

Ecmascript file had an error @ http://localhost:3100/_next/static/chunks/node_modules_next_dist_1gdrd03._.js:1945
[  479981ms] [ERROR] ./src/app/du-an/page.tsx:6:16
You're importing a module that depends on `useState` into a React Server Component module. This API is only available in Client Components. To fix, mark the file (or its parent) with the `"use client"` directive.
    Learn more: https://nextjs.org/docs/app/api-reference/directives/use-client
  4 | import { MapPin, Search } from "lucide-react";
  5 | import Link from "next/link";
> 6 | import { useMemo, useState } from "react";
    |                ^^^^^^^^
  7 |
  8 | const categories = [
  9 |   ["Biệt thự", "#biet-thu"],

Ecmascript file had an error @ http://localhost:3100/_next/static/chunks/node_modules_next_dist_1gdrd03._.js:1945
[  480043ms] [ERROR] ./src/app/du-an/page.tsx:6:16
You're importing a module that depends on `useState` into a React Server Component module. This API is only available in Client Components. To fix, mark the file (or its parent) with the `"use client"` directive.
    Learn more: https://nextjs.org/docs/app/api-reference/directives/use-client
  4 | import { MapPin, Search } from "lucide-react";
  5 | import Link from "next/link";
> 6 | import { useMemo, useState } from "react";
    |                ^^^^^^^^
  7 |
  8 | const categories = [
  9 |   ["Biệt thự", "#biet-thu"],

Ecmascript file had an error @ http://localhost:3100/_next/static/chunks/node_modules_next_dist_1gdrd03._.js:1945
[  480103ms] [ERROR] ./src/app/du-an/page.tsx:6:16
You're importing a module that depends on `useState` into a React Server Component module. This API is only available in Client Components. To fix, mark the file (or its parent) with the `"use client"` directive.
    Learn more: https://nextjs.org/docs/app/api-reference/directives/use-client
  4 | import { MapPin, Search } from "lucide-react";
  5 | import Link from "next/link";
> 6 | import { useMemo, useState } from "react";
    |                ^^^^^^^^
  7 |
  8 | const categories = [
  9 |   ["Biệt thự", "#biet-thu"],

Ecmascript file had an error @ http://localhost:3100/_next/static/chunks/node_modules_next_dist_1gdrd03._.js:1945
[  480166ms] [ERROR] ./src/app/du-an/page.tsx:6:16
You're importing a module that depends on `useState` into a React Server Component module. This API is only available in Client Components. To fix, mark the file (or its parent) with the `"use client"` directive.
    Learn more: https://nextjs.org/docs/app/api-reference/directives/use-client
  4 | import { MapPin, Search } from "lucide-react";
  5 | import Link from "next/link";
> 6 | import { useMemo, useState } from "react";
    |                ^^^^^^^^
  7 |
  8 | const categories = [
  9 |   ["Biệt thự", "#biet-thu"],

Ecmascript file had an error @ http://localhost:3100/_next/static/chunks/node_modules_next_dist_1gdrd03._.js:1945
[  480229ms] [ERROR] ./src/app/du-an/page.tsx:6:16
You're importing a module that depends on `useState` into a React Server Component module. This API is only available in Client Components. To fix, mark the file (or its parent) with the `"use client"` directive.
    Learn more: https://nextjs.org/docs/app/api-reference/directives/use-client
  4 | import { MapPin, Search } from "lucide-react";
  5 | import Link from "next/link";
> 6 | import { useMemo, useState } from "react";
    |                ^^^^^^^^
  7 |
  8 | const categories = [
  9 |   ["Biệt thự", "#biet-thu"],

Ecmascript file had an error @ http://localhost:3100/_next/static/chunks/node_modules_next_dist_1gdrd03._.js:1945
[  480291ms] [ERROR] ./src/app/du-an/page.tsx:6:16
You're importing a module that depends on `useState` into a React Server Component module. This API is only available in Client Components. To fix, mark the file (or its parent) with the `"use client"` directive.
    Learn more: https://nextjs.org/docs/app/api-reference/directives/use-client
  4 | import { MapPin, Search } from "lucide-react";
  5 | import Link from "next/link";
> 6 | import { useMemo, useState } from "react";
    |                ^^^^^^^^
  7 |
  8 | const categories = [
  9 |   ["Biệt thự", "#biet-thu"],

Ecmascript file had an error @ http://localhost:3100/_next/static/chunks/node_modules_next_dist_1gdrd03._.js:1945
[  480353ms] [ERROR] ./src/app/du-an/page.tsx:6:16
You're importing a module that depends on `useState` into a React Server Component module. This API is only available in Client Components. To fix, mark the file (or its parent) with the `"use client"` directive.
    Learn more: https://nextjs.org/docs/app/api-reference/directives/use-client
  4 | import { MapPin, Search } from "lucide-react";
  5 | import Link from "next/link";
> 6 | import { useMemo, useState } from "react";
    |                ^^^^^^^^
  7 |
  8 | const categories = [
  9 |   ["Biệt thự", "#biet-thu"],

Ecmascript file had an error @ http://localhost:3100/_next/static/chunks/node_modules_next_dist_1gdrd03._.js:1945
[  480414ms] [ERROR] ./src/app/du-an/page.tsx:6:16
You're importing a module that depends on `useState` into a React Server Component module. This API is only available in Client Components. To fix, mark the file (or its parent) with the `"use client"` directive.
    Learn more: https://nextjs.org/docs/app/api-reference/directives/use-client
  4 | import { MapPin, Search } from "lucide-react";
  5 | import Link from "next/link";
> 6 | import { useMemo, useState } from "react";
    |                ^^^^^^^^
  7 |
  8 | const categories = [
  9 |   ["Biệt thự", "#biet-thu"],

Ecmascript file had an error @ http://localhost:3100/_next/static/chunks/node_modules_next_dist_1gdrd03._.js:1945
[  480476ms] [ERROR] ./src/app/du-an/page.tsx:6:16
You're importing a module that depends on `useState` into a React Server Component module. This API is only available in Client Components. To fix, mark the file (or its parent) with the `"use client"` directive.
    Learn more: https://nextjs.org/docs/app/api-reference/directives/use-client
  4 | import { MapPin, Search } from "lucide-react";
  5 | import Link from "next/link";
> 6 | import { useMemo, useState } from "react";
    |                ^^^^^^^^
  7 |
  8 | const categories = [
  9 |   ["Biệt thự", "#biet-thu"],

Ecmascript file had an error @ http://localhost:3100/_next/static/chunks/node_modules_next_dist_1gdrd03._.js:1945
[  480538ms] [ERROR] ./src/app/du-an/page.tsx:6:16
You're importing a module that depends on `useState` into a React Server Component module. This API is only available in Client Components. To fix, mark the file (or its parent) with the `"use client"` directive.
    Learn more: https://nextjs.org/docs/app/api-reference/directives/use-client
  4 | import { MapPin, Search } from "lucide-react";
  5 | import Link from "next/link";
> 6 | import { useMemo, useState } from "react";
    |                ^^^^^^^^
  7 |
  8 | const categories = [
  9 |   ["Biệt thự", "#biet-thu"],

Ecmascript file had an error @ http://localhost:3100/_next/static/chunks/node_modules_next_dist_1gdrd03._.js:1945
[  480600ms] [ERROR] ./src/app/du-an/page.tsx:6:16
You're importing a module that depends on `useState` into a React Server Component module. This API is only available in Client Components. To fix, mark the file (or its parent) with the `"use client"` directive.
    Learn more: https://nextjs.org/docs/app/api-reference/directives/use-client
  4 | import { MapPin, Search } from "lucide-react";
  5 | import Link from "next/link";
> 6 | import { useMemo, useState } from "react";
    |                ^^^^^^^^
  7 |
  8 | const categories = [
  9 |   ["Biệt thự", "#biet-thu"],

Ecmascript file had an error @ http://localhost:3100/_next/static/chunks/node_modules_next_dist_1gdrd03._.js:1945
[  480662ms] [ERROR] ./src/app/du-an/page.tsx:6:16
You're importing a module that depends on `useState` into a React Server Component module. This API is only available in Client Components. To fix, mark the file (or its parent) with the `"use client"` directive.
    Learn more: https://nextjs.org/docs/app/api-reference/directives/use-client
  4 | import { MapPin, Search } from "lucide-react";
  5 | import Link from "next/link";
> 6 | import { useMemo, useState } from "react";
    |                ^^^^^^^^
  7 |
  8 | const categories = [
  9 |   ["Biệt thự", "#biet-thu"],

Ecmascript file had an error @ http://localhost:3100/_next/static/chunks/node_modules_next_dist_1gdrd03._.js:1945
[  480726ms] [ERROR] ./src/app/du-an/page.tsx:6:16
You're importing a module that depends on `useState` into a React Server Component module. This API is only available in Client Components. To fix, mark the file (or its parent) with the `"use client"` directive.
    Learn more: https://nextjs.org/docs/app/api-reference/directives/use-client
  4 | import { MapPin, Search } from "lucide-react";
  5 | import Link from "next/link";
> 6 | import { useMemo, useState } from "react";
    |                ^^^^^^^^
  7 |
  8 | const categories = [
  9 |   ["Biệt thự", "#biet-thu"],

Ecmascript file had an error @ http://localhost:3100/_next/static/chunks/node_modules_next_dist_1gdrd03._.js:1945
[  480790ms] [ERROR] ./src/app/du-an/page.tsx:6:16
You're importing a module that depends on `useState` into a React Server Component module. This API is only available in Client Components. To fix, mark the file (or its parent) with the `"use client"` directive.
    Learn more: https://nextjs.org/docs/app/api-reference/directives/use-client
  4 | import { MapPin, Search } from "lucide-react";
  5 | import Link from "next/link";
> 6 | import { useMemo, useState } from "react";
    |                ^^^^^^^^
  7 |
  8 | const categories = [
  9 |   ["Biệt thự", "#biet-thu"],

Ecmascript file had an error @ http://localhost:3100/_next/static/chunks/node_modules_next_dist_1gdrd03._.js:1945
[  480852ms] [ERROR] ./src/app/du-an/page.tsx:6:16
You're importing a module that depends on `useState` into a React Server Component module. This API is only available in Client Components. To fix, mark the file (or its parent) with the `"use client"` directive.
    Learn more: https://nextjs.org/docs/app/api-reference/directives/use-client
  4 | import { MapPin, Search } from "lucide-react";
  5 | import Link from "next/link";
> 6 | import { useMemo, useState } from "react";
    |                ^^^^^^^^
  7 |
  8 | const categories = [
  9 |   ["Biệt thự", "#biet-thu"],

Ecmascript file had an error @ http://localhost:3100/_next/static/chunks/node_modules_next_dist_1gdrd03._.js:1945
[  480915ms] [ERROR] ./src/app/du-an/page.tsx:6:16
You're importing a module that depends on `useState` into a React Server Component module. This API is only available in Client Components. To fix, mark the file (or its parent) with the `"use client"` directive.
    Learn more: https://nextjs.org/docs/app/api-reference/directives/use-client
  4 | import { MapPin, Search } from "lucide-react";
  5 | import Link from "next/link";
> 6 | import { useMemo, useState } from "react";
    |                ^^^^^^^^
  7 |
  8 | const categories = [
  9 |   ["Biệt thự", "#biet-thu"],

Ecmascript file had an error @ http://localhost:3100/_next/static/chunks/node_modules_next_dist_1gdrd03._.js:1945
[  480977ms] [ERROR] ./src/app/du-an/page.tsx:6:16
You're importing a module that depends on `useState` into a React Server Component module. This API is only available in Client Components. To fix, mark the file (or its parent) with the `"use client"` directive.
    Learn more: https://nextjs.org/docs/app/api-reference/directives/use-client
  4 | import { MapPin, Search } from "lucide-react";
  5 | import Link from "next/link";
> 6 | import { useMemo, useState } from "react";
    |                ^^^^^^^^
  7 |
  8 | const categories = [
  9 |   ["Biệt thự", "#biet-thu"],

Ecmascript file had an error @ http://localhost:3100/_next/static/chunks/node_modules_next_dist_1gdrd03._.js:1945
[  481040ms] [ERROR] ./src/app/du-an/page.tsx:6:16
You're importing a module that depends on `useState` into a React Server Component module. This API is only available in Client Components. To fix, mark the file (or its parent) with the `"use client"` directive.
    Learn more: https://nextjs.org/docs/app/api-reference/directives/use-client
  4 | import { MapPin, Search } from "lucide-react";
  5 | import Link from "next/link";
> 6 | import { useMemo, useState } from "react";
    |                ^^^^^^^^
  7 |
  8 | const categories = [
  9 |   ["Biệt thự", "#biet-thu"],

Ecmascript file had an error @ http://localhost:3100/_next/static/chunks/node_modules_next_dist_1gdrd03._.js:1945
[  481102ms] [ERROR] ./src/app/du-an/page.tsx:6:16
You're importing a module that depends on `useState` into a React Server Component module. This API is only available in Client Components. To fix, mark the file (or its parent) with the `"use client"` directive.
    Learn more: https://nextjs.org/docs/app/api-reference/directives/use-client
  4 | import { MapPin, Search } from "lucide-react";
  5 | import Link from "next/link";
> 6 | import { useMemo, useState } from "react";
    |                ^^^^^^^^
  7 |
  8 | const categories = [
  9 |   ["Biệt thự", "#biet-thu"],

Ecmascript file had an error @ http://localhost:3100/_next/static/chunks/node_modules_next_dist_1gdrd03._.js:1945
[  481164ms] [ERROR] ./src/app/du-an/page.tsx:6:16
You're importing a module that depends on `useState` into a React Server Component module. This API is only available in Client Components. To fix, mark the file (or its parent) with the `"use client"` directive.
    Learn more: https://nextjs.org/docs/app/api-reference/directives/use-client
  4 | import { MapPin, Search } from "lucide-react";
  5 | import Link from "next/link";
> 6 | import { useMemo, useState } from "react";
    |                ^^^^^^^^
  7 |
  8 | const categories = [
  9 |   ["Biệt thự", "#biet-thu"],

Ecmascript file had an error @ http://localhost:3100/_next/static/chunks/node_modules_next_dist_1gdrd03._.js:1945
[  481225ms] [ERROR] ./src/app/du-an/page.tsx:6:16
You're importing a module that depends on `useState` into a React Server Component module. This API is only available in Client Components. To fix, mark the file (or its parent) with the `"use client"` directive.
    Learn more: https://nextjs.org/docs/app/api-reference/directives/use-client
  4 | import { MapPin, Search } from "lucide-react";
  5 | import Link from "next/link";
> 6 | import { useMemo, useState } from "react";
    |                ^^^^^^^^
  7 |
  8 | const categories = [
  9 |   ["Biệt thự", "#biet-thu"],

Ecmascript file had an error @ http://localhost:3100/_next/static/chunks/node_modules_next_dist_1gdrd03._.js:1945
[  481288ms] [ERROR] ./src/app/du-an/page.tsx:6:16
You're importing a module that depends on `useState` into a React Server Component module. This API is only available in Client Components. To fix, mark the file (or its parent) with the `"use client"` directive.
    Learn more: https://nextjs.org/docs/app/api-reference/directives/use-client
  4 | import { MapPin, Search } from "lucide-react";
  5 | import Link from "next/link";
> 6 | import { useMemo, useState } from "react";
    |                ^^^^^^^^
  7 |
  8 | const categories = [
  9 |   ["Biệt thự", "#biet-thu"],

Ecmascript file had an error @ http://localhost:3100/_next/static/chunks/node_modules_next_dist_1gdrd03._.js:1945
[  481350ms] [ERROR] ./src/app/du-an/page.tsx:6:16
You're importing a module that depends on `useState` into a React Server Component module. This API is only available in Client Components. To fix, mark the file (or its parent) with the `"use client"` directive.
    Learn more: https://nextjs.org/docs/app/api-reference/directives/use-client
  4 | import { MapPin, Search } from "lucide-react";
  5 | import Link from "next/link";
> 6 | import { useMemo, useState } from "react";
    |                ^^^^^^^^
  7 |
  8 | const categories = [
  9 |   ["Biệt thự", "#biet-thu"],

Ecmascript file had an error @ http://localhost:3100/_next/static/chunks/node_modules_next_dist_1gdrd03._.js:1945
[  481415ms] [ERROR] ./src/app/du-an/page.tsx:6:16
You're importing a module that depends on `useState` into a React Server Component module. This API is only available in Client Components. To fix, mark the file (or its parent) with the `"use client"` directive.
    Learn more: https://nextjs.org/docs/app/api-reference/directives/use-client
  4 | import { MapPin, Search } from "lucide-react";
  5 | import Link from "next/link";
> 6 | import { useMemo, useState } from "react";
    |                ^^^^^^^^
  7 |
  8 | const categories = [
  9 |   ["Biệt thự", "#biet-thu"],

Ecmascript file had an error @ http://localhost:3100/_next/static/chunks/node_modules_next_dist_1gdrd03._.js:1945
[  481476ms] [ERROR] ./src/app/du-an/page.tsx:6:16
You're importing a module that depends on `useState` into a React Server Component module. This API is only available in Client Components. To fix, mark the file (or its parent) with the `"use client"` directive.
    Learn more: https://nextjs.org/docs/app/api-reference/directives/use-client
  4 | import { MapPin, Search } from "lucide-react";
  5 | import Link from "next/link";
> 6 | import { useMemo, useState } from "react";
    |                ^^^^^^^^
  7 |
  8 | const categories = [
  9 |   ["Biệt thự", "#biet-thu"],

Ecmascript file had an error @ http://localhost:3100/_next/static/chunks/node_modules_next_dist_1gdrd03._.js:1945
[  481538ms] [ERROR] ./src/app/du-an/page.tsx:6:16
You're importing a module that depends on `useState` into a React Server Component module. This API is only available in Client Components. To fix, mark the file (or its parent) with the `"use client"` directive.
    Learn more: https://nextjs.org/docs/app/api-reference/directives/use-client
  4 | import { MapPin, Search } from "lucide-react";
  5 | import Link from "next/link";
> 6 | import { useMemo, useState } from "react";
    |                ^^^^^^^^
  7 |
  8 | const categories = [
  9 |   ["Biệt thự", "#biet-thu"],

Ecmascript file had an error @ http://localhost:3100/_next/static/chunks/node_modules_next_dist_1gdrd03._.js:1945
[  481601ms] [ERROR] ./src/app/du-an/page.tsx:6:16
You're importing a module that depends on `useState` into a React Server Component module. This API is only available in Client Components. To fix, mark the file (or its parent) with the `"use client"` directive.
    Learn more: https://nextjs.org/docs/app/api-reference/directives/use-client
  4 | import { MapPin, Search } from "lucide-react";
  5 | import Link from "next/link";
> 6 | import { useMemo, useState } from "react";
    |                ^^^^^^^^
  7 |
  8 | const categories = [
  9 |   ["Biệt thự", "#biet-thu"],

Ecmascript file had an error @ http://localhost:3100/_next/static/chunks/node_modules_next_dist_1gdrd03._.js:1945
[  481664ms] [ERROR] ./src/app/du-an/page.tsx:6:16
You're importing a module that depends on `useState` into a React Server Component module. This API is only available in Client Components. To fix, mark the file (or its parent) with the `"use client"` directive.
    Learn more: https://nextjs.org/docs/app/api-reference/directives/use-client
  4 | import { MapPin, Search } from "lucide-react";
  5 | import Link from "next/link";
> 6 | import { useMemo, useState } from "react";
    |                ^^^^^^^^
  7 |
  8 | const categories = [
  9 |   ["Biệt thự", "#biet-thu"],

Ecmascript file had an error @ http://localhost:3100/_next/static/chunks/node_modules_next_dist_1gdrd03._.js:1945
[  481724ms] [ERROR] ./src/app/du-an/page.tsx:6:16
You're importing a module that depends on `useState` into a React Server Component module. This API is only available in Client Components. To fix, mark the file (or its parent) with the `"use client"` directive.
    Learn more: https://nextjs.org/docs/app/api-reference/directives/use-client
  4 | import { MapPin, Search } from "lucide-react";
  5 | import Link from "next/link";
> 6 | import { useMemo, useState } from "react";
    |                ^^^^^^^^
  7 |
  8 | const categories = [
  9 |   ["Biệt thự", "#biet-thu"],

Ecmascript file had an error @ http://localhost:3100/_next/static/chunks/node_modules_next_dist_1gdrd03._.js:1945
[  481786ms] [ERROR] ./src/app/du-an/page.tsx:6:16
You're importing a module that depends on `useState` into a React Server Component module. This API is only available in Client Components. To fix, mark the file (or its parent) with the `"use client"` directive.
    Learn more: https://nextjs.org/docs/app/api-reference/directives/use-client
  4 | import { MapPin, Search } from "lucide-react";
  5 | import Link from "next/link";
> 6 | import { useMemo, useState } from "react";
    |                ^^^^^^^^
  7 |
  8 | const categories = [
  9 |   ["Biệt thự", "#biet-thu"],

Ecmascript file had an error @ http://localhost:3100/_next/static/chunks/node_modules_next_dist_1gdrd03._.js:1945
[  481848ms] [ERROR] ./src/app/du-an/page.tsx:6:16
You're importing a module that depends on `useState` into a React Server Component module. This API is only available in Client Components. To fix, mark the file (or its parent) with the `"use client"` directive.
    Learn more: https://nextjs.org/docs/app/api-reference/directives/use-client
  4 | import { MapPin, Search } from "lucide-react";
  5 | import Link from "next/link";
> 6 | import { useMemo, useState } from "react";
    |                ^^^^^^^^
  7 |
  8 | const categories = [
  9 |   ["Biệt thự", "#biet-thu"],

Ecmascript file had an error @ http://localhost:3100/_next/static/chunks/node_modules_next_dist_1gdrd03._.js:1945
[  481912ms] [ERROR] ./src/app/du-an/page.tsx:6:16
You're importing a module that depends on `useState` into a React Server Component module. This API is only available in Client Components. To fix, mark the file (or its parent) with the `"use client"` directive.
    Learn more: https://nextjs.org/docs/app/api-reference/directives/use-client
  4 | import { MapPin, Search } from "lucide-react";
  5 | import Link from "next/link";
> 6 | import { useMemo, useState } from "react";
    |                ^^^^^^^^
  7 |
  8 | const categories = [
  9 |   ["Biệt thự", "#biet-thu"],

Ecmascript file had an error @ http://localhost:3100/_next/static/chunks/node_modules_next_dist_1gdrd03._.js:1945
[  481973ms] [ERROR] ./src/app/du-an/page.tsx:6:16
You're importing a module that depends on `useState` into a React Server Component module. This API is only available in Client Components. To fix, mark the file (or its parent) with the `"use client"` directive.
    Learn more: https://nextjs.org/docs/app/api-reference/directives/use-client
  4 | import { MapPin, Search } from "lucide-react";
  5 | import Link from "next/link";
> 6 | import { useMemo, useState } from "react";
    |                ^^^^^^^^
  7 |
  8 | const categories = [
  9 |   ["Biệt thự", "#biet-thu"],

Ecmascript file had an error @ http://localhost:3100/_next/static/chunks/node_modules_next_dist_1gdrd03._.js:1945
[  482035ms] [ERROR] ./src/app/du-an/page.tsx:6:16
You're importing a module that depends on `useState` into a React Server Component module. This API is only available in Client Components. To fix, mark the file (or its parent) with the `"use client"` directive.
    Learn more: https://nextjs.org/docs/app/api-reference/directives/use-client
  4 | import { MapPin, Search } from "lucide-react";
  5 | import Link from "next/link";
> 6 | import { useMemo, useState } from "react";
    |                ^^^^^^^^
  7 |
  8 | const categories = [
  9 |   ["Biệt thự", "#biet-thu"],

Ecmascript file had an error @ http://localhost:3100/_next/static/chunks/node_modules_next_dist_1gdrd03._.js:1945
[  482098ms] [ERROR] ./src/app/du-an/page.tsx:6:16
You're importing a module that depends on `useState` into a React Server Component module. This API is only available in Client Components. To fix, mark the file (or its parent) with the `"use client"` directive.
    Learn more: https://nextjs.org/docs/app/api-reference/directives/use-client
  4 | import { MapPin, Search } from "lucide-react";
  5 | import Link from "next/link";
> 6 | import { useMemo, useState } from "react";
    |                ^^^^^^^^
  7 |
  8 | const categories = [
  9 |   ["Biệt thự", "#biet-thu"],

Ecmascript file had an error @ http://localhost:3100/_next/static/chunks/node_modules_next_dist_1gdrd03._.js:1945
[  482161ms] [ERROR] ./src/app/du-an/page.tsx:6:16
You're importing a module that depends on `useState` into a React Server Component module. This API is only available in Client Components. To fix, mark the file (or its parent) with the `"use client"` directive.
    Learn more: https://nextjs.org/docs/app/api-reference/directives/use-client
  4 | import { MapPin, Search } from "lucide-react";
  5 | import Link from "next/link";
> 6 | import { useMemo, useState } from "react";
    |                ^^^^^^^^
  7 |
  8 | const categories = [
  9 |   ["Biệt thự", "#biet-thu"],

Ecmascript file had an error @ http://localhost:3100/_next/static/chunks/node_modules_next_dist_1gdrd03._.js:1945
[  482222ms] [ERROR] ./src/app/du-an/page.tsx:6:16
You're importing a module that depends on `useState` into a React Server Component module. This API is only available in Client Components. To fix, mark the file (or its parent) with the `"use client"` directive.
    Learn more: https://nextjs.org/docs/app/api-reference/directives/use-client
  4 | import { MapPin, Search } from "lucide-react";
  5 | import Link from "next/link";
> 6 | import { useMemo, useState } from "react";
    |                ^^^^^^^^
  7 |
  8 | const categories = [
  9 |   ["Biệt thự", "#biet-thu"],

Ecmascript file had an error @ http://localhost:3100/_next/static/chunks/node_modules_next_dist_1gdrd03._.js:1945
[  482285ms] [ERROR] ./src/app/du-an/page.tsx:6:16
You're importing a module that depends on `useState` into a React Server Component module. This API is only available in Client Components. To fix, mark the file (or its parent) with the `"use client"` directive.
    Learn more: https://nextjs.org/docs/app/api-reference/directives/use-client
  4 | import { MapPin, Search } from "lucide-react";
  5 | import Link from "next/link";
> 6 | import { useMemo, useState } from "react";
    |                ^^^^^^^^
  7 |
  8 | const categories = [
  9 |   ["Biệt thự", "#biet-thu"],

Ecmascript file had an error @ http://localhost:3100/_next/static/chunks/node_modules_next_dist_1gdrd03._.js:1945
[  482348ms] [ERROR] ./src/app/du-an/page.tsx:6:16
You're importing a module that depends on `useState` into a React Server Component module. This API is only available in Client Components. To fix, mark the file (or its parent) with the `"use client"` directive.
    Learn more: https://nextjs.org/docs/app/api-reference/directives/use-client
  4 | import { MapPin, Search } from "lucide-react";
  5 | import Link from "next/link";
> 6 | import { useMemo, useState } from "react";
    |                ^^^^^^^^
  7 |
  8 | const categories = [
  9 |   ["Biệt thự", "#biet-thu"],

Ecmascript file had an error @ http://localhost:3100/_next/static/chunks/node_modules_next_dist_1gdrd03._.js:1945
[  482409ms] [ERROR] ./src/app/du-an/page.tsx:6:16
You're importing a module that depends on `useState` into a React Server Component module. This API is only available in Client Components. To fix, mark the file (or its parent) with the `"use client"` directive.
    Learn more: https://nextjs.org/docs/app/api-reference/directives/use-client
  4 | import { MapPin, Search } from "lucide-react";
  5 | import Link from "next/link";
> 6 | import { useMemo, useState } from "react";
    |                ^^^^^^^^
  7 |
  8 | const categories = [
  9 |   ["Biệt thự", "#biet-thu"],

Ecmascript file had an error @ http://localhost:3100/_next/static/chunks/node_modules_next_dist_1gdrd03._.js:1945
[  482465ms] [ERROR] ./src/app/du-an/page.tsx:6:16
You're importing a module that depends on `useState` into a React Server Component module. This API is only available in Client Components. To fix, mark the file (or its parent) with the `"use client"` directive.
    Learn more: https://nextjs.org/docs/app/api-reference/directives/use-client
  4 | import { MapPin, Search } from "lucide-react";
  5 | import Link from "next/link";
> 6 | import { useMemo, useState } from "react";
    |                ^^^^^^^^
  7 |
  8 | const categories = [
  9 |   ["Biệt thự", "#biet-thu"],

Ecmascript file had an error @ http://localhost:3100/_next/static/chunks/node_modules_next_dist_1gdrd03._.js:1945
[  482526ms] [ERROR] ./src/app/du-an/page.tsx:6:16
You're importing a module that depends on `useState` into a React Server Component module. This API is only available in Client Components. To fix, mark the file (or its parent) with the `"use client"` directive.
    Learn more: https://nextjs.org/docs/app/api-reference/directives/use-client
  4 | import { MapPin, Search } from "lucide-react";
  5 | import Link from "next/link";
> 6 | import { useMemo, useState } from "react";
    |                ^^^^^^^^
  7 |
  8 | const categories = [
  9 |   ["Biệt thự", "#biet-thu"],

Ecmascript file had an error @ http://localhost:3100/_next/static/chunks/node_modules_next_dist_1gdrd03._.js:1945
[  482588ms] [ERROR] ./src/app/du-an/page.tsx:6:16
You're importing a module that depends on `useState` into a React Server Component module. This API is only available in Client Components. To fix, mark the file (or its parent) with the `"use client"` directive.
    Learn more: https://nextjs.org/docs/app/api-reference/directives/use-client
  4 | import { MapPin, Search } from "lucide-react";
  5 | import Link from "next/link";
> 6 | import { useMemo, useState } from "react";
    |                ^^^^^^^^
  7 |
  8 | const categories = [
  9 |   ["Biệt thự", "#biet-thu"],

Ecmascript file had an error @ http://localhost:3100/_next/static/chunks/node_modules_next_dist_1gdrd03._.js:1945
[  482652ms] [ERROR] ./src/app/du-an/page.tsx:6:16
You're importing a module that depends on `useState` into a React Server Component module. This API is only available in Client Components. To fix, mark the file (or its parent) with the `"use client"` directive.
    Learn more: https://nextjs.org/docs/app/api-reference/directives/use-client
  4 | import { MapPin, Search } from "lucide-react";
  5 | import Link from "next/link";
> 6 | import { useMemo, useState } from "react";
    |                ^^^^^^^^
  7 |
  8 | const categories = [
  9 |   ["Biệt thự", "#biet-thu"],

Ecmascript file had an error @ http://localhost:3100/_next/static/chunks/node_modules_next_dist_1gdrd03._.js:1945
[  482715ms] [ERROR] ./src/app/du-an/page.tsx:6:16
You're importing a module that depends on `useState` into a React Server Component module. This API is only available in Client Components. To fix, mark the file (or its parent) with the `"use client"` directive.
    Learn more: https://nextjs.org/docs/app/api-reference/directives/use-client
  4 | import { MapPin, Search } from "lucide-react";
  5 | import Link from "next/link";
> 6 | import { useMemo, useState } from "react";
    |                ^^^^^^^^
  7 |
  8 | const categories = [
  9 |   ["Biệt thự", "#biet-thu"],

Ecmascript file had an error @ http://localhost:3100/_next/static/chunks/node_modules_next_dist_1gdrd03._.js:1945
[  482776ms] [ERROR] ./src/app/du-an/page.tsx:6:16
You're importing a module that depends on `useState` into a React Server Component module. This API is only available in Client Components. To fix, mark the file (or its parent) with the `"use client"` directive.
    Learn more: https://nextjs.org/docs/app/api-reference/directives/use-client
  4 | import { MapPin, Search } from "lucide-react";
  5 | import Link from "next/link";
> 6 | import { useMemo, useState } from "react";
    |                ^^^^^^^^
  7 |
  8 | const categories = [
  9 |   ["Biệt thự", "#biet-thu"],

Ecmascript file had an error @ http://localhost:3100/_next/static/chunks/node_modules_next_dist_1gdrd03._.js:1945
[  482839ms] [ERROR] ./src/app/du-an/page.tsx:6:16
You're importing a module that depends on `useState` into a React Server Component module. This API is only available in Client Components. To fix, mark the file (or its parent) with the `"use client"` directive.
    Learn more: https://nextjs.org/docs/app/api-reference/directives/use-client
  4 | import { MapPin, Search } from "lucide-react";
  5 | import Link from "next/link";
> 6 | import { useMemo, useState } from "react";
    |                ^^^^^^^^
  7 |
  8 | const categories = [
  9 |   ["Biệt thự", "#biet-thu"],

Ecmascript file had an error @ http://localhost:3100/_next/static/chunks/node_modules_next_dist_1gdrd03._.js:1945
[  482902ms] [ERROR] ./src/app/du-an/page.tsx:6:16
You're importing a module that depends on `useState` into a React Server Component module. This API is only available in Client Components. To fix, mark the file (or its parent) with the `"use client"` directive.
    Learn more: https://nextjs.org/docs/app/api-reference/directives/use-client
  4 | import { MapPin, Search } from "lucide-react";
  5 | import Link from "next/link";
> 6 | import { useMemo, useState } from "react";
    |                ^^^^^^^^
  7 |
  8 | const categories = [
  9 |   ["Biệt thự", "#biet-thu"],

Ecmascript file had an error @ http://localhost:3100/_next/static/chunks/node_modules_next_dist_1gdrd03._.js:1945
[  482965ms] [ERROR] ./src/app/du-an/page.tsx:6:16
You're importing a module that depends on `useState` into a React Server Component module. This API is only available in Client Components. To fix, mark the file (or its parent) with the `"use client"` directive.
    Learn more: https://nextjs.org/docs/app/api-reference/directives/use-client
  4 | import { MapPin, Search } from "lucide-react";
  5 | import Link from "next/link";
> 6 | import { useMemo, useState } from "react";
    |                ^^^^^^^^
  7 |
  8 | const categories = [
  9 |   ["Biệt thự", "#biet-thu"],

Ecmascript file had an error @ http://localhost:3100/_next/static/chunks/node_modules_next_dist_1gdrd03._.js:1945
[  483026ms] [ERROR] ./src/app/du-an/page.tsx:6:16
You're importing a module that depends on `useState` into a React Server Component module. This API is only available in Client Components. To fix, mark the file (or its parent) with the `"use client"` directive.
    Learn more: https://nextjs.org/docs/app/api-reference/directives/use-client
  4 | import { MapPin, Search } from "lucide-react";
  5 | import Link from "next/link";
> 6 | import { useMemo, useState } from "react";
    |                ^^^^^^^^
  7 |
  8 | const categories = [
  9 |   ["Biệt thự", "#biet-thu"],

Ecmascript file had an error @ http://localhost:3100/_next/static/chunks/node_modules_next_dist_1gdrd03._.js:1945
[  483104ms] [ERROR] ./src/app/du-an/page.tsx:6:16
You're importing a module that depends on `useState` into a React Server Component module. This API is only available in Client Components. To fix, mark the file (or its parent) with the `"use client"` directive.
    Learn more: https://nextjs.org/docs/app/api-reference/directives/use-client
  4 | import { MapPin, Search } from "lucide-react";
  5 | import Link from "next/link";
> 6 | import { useMemo, useState } from "react";
    |                ^^^^^^^^
  7 |
  8 | const categories = [
  9 |   ["Biệt thự", "#biet-thu"],

Ecmascript file had an error @ http://localhost:3100/_next/static/chunks/node_modules_next_dist_1gdrd03._.js:1945
[  483166ms] [ERROR] ./src/app/du-an/page.tsx:6:16
You're importing a module that depends on `useState` into a React Server Component module. This API is only available in Client Components. To fix, mark the file (or its parent) with the `"use client"` directive.
    Learn more: https://nextjs.org/docs/app/api-reference/directives/use-client
  4 | import { MapPin, Search } from "lucide-react";
  5 | import Link from "next/link";
> 6 | import { useMemo, useState } from "react";
    |                ^^^^^^^^
  7 |
  8 | const categories = [
  9 |   ["Biệt thự", "#biet-thu"],

Ecmascript file had an error @ http://localhost:3100/_next/static/chunks/node_modules_next_dist_1gdrd03._.js:1945
[  483229ms] [ERROR] ./src/app/du-an/page.tsx:6:16
You're importing a module that depends on `useState` into a React Server Component module. This API is only available in Client Components. To fix, mark the file (or its parent) with the `"use client"` directive.
    Learn more: https://nextjs.org/docs/app/api-reference/directives/use-client
  4 | import { MapPin, Search } from "lucide-react";
  5 | import Link from "next/link";
> 6 | import { useMemo, useState } from "react";
    |                ^^^^^^^^
  7 |
  8 | const categories = [
  9 |   ["Biệt thự", "#biet-thu"],

Ecmascript file had an error @ http://localhost:3100/_next/static/chunks/node_modules_next_dist_1gdrd03._.js:1945
[  483290ms] [ERROR] ./src/app/du-an/page.tsx:6:16
You're importing a module that depends on `useState` into a React Server Component module. This API is only available in Client Components. To fix, mark the file (or its parent) with the `"use client"` directive.
    Learn more: https://nextjs.org/docs/app/api-reference/directives/use-client
  4 | import { MapPin, Search } from "lucide-react";
  5 | import Link from "next/link";
> 6 | import { useMemo, useState } from "react";
    |                ^^^^^^^^
  7 |
  8 | const categories = [
  9 |   ["Biệt thự", "#biet-thu"],

Ecmascript file had an error @ http://localhost:3100/_next/static/chunks/node_modules_next_dist_1gdrd03._.js:1945
[  483353ms] [ERROR] ./src/app/du-an/page.tsx:6:16
You're importing a module that depends on `useState` into a React Server Component module. This API is only available in Client Components. To fix, mark the file (or its parent) with the `"use client"` directive.
    Learn more: https://nextjs.org/docs/app/api-reference/directives/use-client
  4 | import { MapPin, Search } from "lucide-react";
  5 | import Link from "next/link";
> 6 | import { useMemo, useState } from "react";
    |                ^^^^^^^^
  7 |
  8 | const categories = [
  9 |   ["Biệt thự", "#biet-thu"],

Ecmascript file had an error @ http://localhost:3100/_next/static/chunks/node_modules_next_dist_1gdrd03._.js:1945
[  483415ms] [ERROR] ./src/app/du-an/page.tsx:6:16
You're importing a module that depends on `useState` into a React Server Component module. This API is only available in Client Components. To fix, mark the file (or its parent) with the `"use client"` directive.
    Learn more: https://nextjs.org/docs/app/api-reference/directives/use-client
  4 | import { MapPin, Search } from "lucide-react";
  5 | import Link from "next/link";
> 6 | import { useMemo, useState } from "react";
    |                ^^^^^^^^
  7 |
  8 | const categories = [
  9 |   ["Biệt thự", "#biet-thu"],

Ecmascript file had an error @ http://localhost:3100/_next/static/chunks/node_modules_next_dist_1gdrd03._.js:1945
[  483477ms] [ERROR] ./src/app/du-an/page.tsx:6:16
You're importing a module that depends on `useState` into a React Server Component module. This API is only available in Client Components. To fix, mark the file (or its parent) with the `"use client"` directive.
    Learn more: https://nextjs.org/docs/app/api-reference/directives/use-client
  4 | import { MapPin, Search } from "lucide-react";
  5 | import Link from "next/link";
> 6 | import { useMemo, useState } from "react";
    |                ^^^^^^^^
  7 |
  8 | const categories = [
  9 |   ["Biệt thự", "#biet-thu"],

Ecmascript file had an error @ http://localhost:3100/_next/static/chunks/node_modules_next_dist_1gdrd03._.js:1945
[  483540ms] [ERROR] ./src/app/du-an/page.tsx:6:16
You're importing a module that depends on `useState` into a React Server Component module. This API is only available in Client Components. To fix, mark the file (or its parent) with the `"use client"` directive.
    Learn more: https://nextjs.org/docs/app/api-reference/directives/use-client
  4 | import { MapPin, Search } from "lucide-react";
  5 | import Link from "next/link";
> 6 | import { useMemo, useState } from "react";
    |                ^^^^^^^^
  7 |
  8 | const categories = [
  9 |   ["Biệt thự", "#biet-thu"],

Ecmascript file had an error @ http://localhost:3100/_next/static/chunks/node_modules_next_dist_1gdrd03._.js:1945
[  483603ms] [ERROR] ./src/app/du-an/page.tsx:6:16
You're importing a module that depends on `useState` into a React Server Component module. This API is only available in Client Components. To fix, mark the file (or its parent) with the `"use client"` directive.
    Learn more: https://nextjs.org/docs/app/api-reference/directives/use-client
  4 | import { MapPin, Search } from "lucide-react";
  5 | import Link from "next/link";
> 6 | import { useMemo, useState } from "react";
    |                ^^^^^^^^
  7 |
  8 | const categories = [
  9 |   ["Biệt thự", "#biet-thu"],

Ecmascript file had an error @ http://localhost:3100/_next/static/chunks/node_modules_next_dist_1gdrd03._.js:1945
[  483664ms] [ERROR] ./src/app/du-an/page.tsx:6:16
You're importing a module that depends on `useState` into a React Server Component module. This API is only available in Client Components. To fix, mark the file (or its parent) with the `"use client"` directive.
    Learn more: https://nextjs.org/docs/app/api-reference/directives/use-client
  4 | import { MapPin, Search } from "lucide-react";
  5 | import Link from "next/link";
> 6 | import { useMemo, useState } from "react";
    |                ^^^^^^^^
  7 |
  8 | const categories = [
  9 |   ["Biệt thự", "#biet-thu"],

Ecmascript file had an error @ http://localhost:3100/_next/static/chunks/node_modules_next_dist_1gdrd03._.js:1945
[  483727ms] [ERROR] ./src/app/du-an/page.tsx:6:16
You're importing a module that depends on `useState` into a React Server Component module. This API is only available in Client Components. To fix, mark the file (or its parent) with the `"use client"` directive.
    Learn more: https://nextjs.org/docs/app/api-reference/directives/use-client
  4 | import { MapPin, Search } from "lucide-react";
  5 | import Link from "next/link";
> 6 | import { useMemo, useState } from "react";
    |                ^^^^^^^^
  7 |
  8 | const categories = [
  9 |   ["Biệt thự", "#biet-thu"],

Ecmascript file had an error @ http://localhost:3100/_next/static/chunks/node_modules_next_dist_1gdrd03._.js:1945
[  483789ms] [ERROR] ./src/app/du-an/page.tsx:6:16
You're importing a module that depends on `useState` into a React Server Component module. This API is only available in Client Components. To fix, mark the file (or its parent) with the `"use client"` directive.
    Learn more: https://nextjs.org/docs/app/api-reference/directives/use-client
  4 | import { MapPin, Search } from "lucide-react";
  5 | import Link from "next/link";
> 6 | import { useMemo, useState } from "react";
    |                ^^^^^^^^
  7 |
  8 | const categories = [
  9 |   ["Biệt thự", "#biet-thu"],

Ecmascript file had an error @ http://localhost:3100/_next/static/chunks/node_modules_next_dist_1gdrd03._.js:1945
[  483851ms] [ERROR] ./src/app/du-an/page.tsx:6:16
You're importing a module that depends on `useState` into a React Server Component module. This API is only available in Client Components. To fix, mark the file (or its parent) with the `"use client"` directive.
    Learn more: https://nextjs.org/docs/app/api-reference/directives/use-client
  4 | import { MapPin, Search } from "lucide-react";
  5 | import Link from "next/link";
> 6 | import { useMemo, useState } from "react";
    |                ^^^^^^^^
  7 |
  8 | const categories = [
  9 |   ["Biệt thự", "#biet-thu"],

Ecmascript file had an error @ http://localhost:3100/_next/static/chunks/node_modules_next_dist_1gdrd03._.js:1945
[  483911ms] [ERROR] ./src/app/du-an/page.tsx:6:16
You're importing a module that depends on `useState` into a React Server Component module. This API is only available in Client Components. To fix, mark the file (or its parent) with the `"use client"` directive.
    Learn more: https://nextjs.org/docs/app/api-reference/directives/use-client
  4 | import { MapPin, Search } from "lucide-react";
  5 | import Link from "next/link";
> 6 | import { useMemo, useState } from "react";
    |                ^^^^^^^^
  7 |
  8 | const categories = [
  9 |   ["Biệt thự", "#biet-thu"],

Ecmascript file had an error @ http://localhost:3100/_next/static/chunks/node_modules_next_dist_1gdrd03._.js:1945
[  483973ms] [ERROR] ./src/app/du-an/page.tsx:6:16
You're importing a module that depends on `useState` into a React Server Component module. This API is only available in Client Components. To fix, mark the file (or its parent) with the `"use client"` directive.
    Learn more: https://nextjs.org/docs/app/api-reference/directives/use-client
  4 | import { MapPin, Search } from "lucide-react";
  5 | import Link from "next/link";
> 6 | import { useMemo, useState } from "react";
    |                ^^^^^^^^
  7 |
  8 | const categories = [
  9 |   ["Biệt thự", "#biet-thu"],

Ecmascript file had an error @ http://localhost:3100/_next/static/chunks/node_modules_next_dist_1gdrd03._.js:1945
[  484035ms] [ERROR] ./src/app/du-an/page.tsx:6:16
You're importing a module that depends on `useState` into a React Server Component module. This API is only available in Client Components. To fix, mark the file (or its parent) with the `"use client"` directive.
    Learn more: https://nextjs.org/docs/app/api-reference/directives/use-client
  4 | import { MapPin, Search } from "lucide-react";
  5 | import Link from "next/link";
> 6 | import { useMemo, useState } from "react";
    |                ^^^^^^^^
  7 |
  8 | const categories = [
  9 |   ["Biệt thự", "#biet-thu"],

Ecmascript file had an error @ http://localhost:3100/_next/static/chunks/node_modules_next_dist_1gdrd03._.js:1945
[  484097ms] [ERROR] ./src/app/du-an/page.tsx:6:16
You're importing a module that depends on `useState` into a React Server Component module. This API is only available in Client Components. To fix, mark the file (or its parent) with the `"use client"` directive.
    Learn more: https://nextjs.org/docs/app/api-reference/directives/use-client
  4 | import { MapPin, Search } from "lucide-react";
  5 | import Link from "next/link";
> 6 | import { useMemo, useState } from "react";
    |                ^^^^^^^^
  7 |
  8 | const categories = [
  9 |   ["Biệt thự", "#biet-thu"],

Ecmascript file had an error @ http://localhost:3100/_next/static/chunks/node_modules_next_dist_1gdrd03._.js:1945
[  484160ms] [ERROR] ./src/app/du-an/page.tsx:6:16
You're importing a module that depends on `useState` into a React Server Component module. This API is only available in Client Components. To fix, mark the file (or its parent) with the `"use client"` directive.
    Learn more: https://nextjs.org/docs/app/api-reference/directives/use-client
  4 | import { MapPin, Search } from "lucide-react";
  5 | import Link from "next/link";
> 6 | import { useMemo, useState } from "react";
    |                ^^^^^^^^
  7 |
  8 | const categories = [
  9 |   ["Biệt thự", "#biet-thu"],

Ecmascript file had an error @ http://localhost:3100/_next/static/chunks/node_modules_next_dist_1gdrd03._.js:1945
[  484222ms] [ERROR] ./src/app/du-an/page.tsx:6:16
You're importing a module that depends on `useState` into a React Server Component module. This API is only available in Client Components. To fix, mark the file (or its parent) with the `"use client"` directive.
    Learn more: https://nextjs.org/docs/app/api-reference/directives/use-client
  4 | import { MapPin, Search } from "lucide-react";
  5 | import Link from "next/link";
> 6 | import { useMemo, useState } from "react";
    |                ^^^^^^^^
  7 |
  8 | const categories = [
  9 |   ["Biệt thự", "#biet-thu"],

Ecmascript file had an error @ http://localhost:3100/_next/static/chunks/node_modules_next_dist_1gdrd03._.js:1945
[  484285ms] [ERROR] ./src/app/du-an/page.tsx:6:16
You're importing a module that depends on `useState` into a React Server Component module. This API is only available in Client Components. To fix, mark the file (or its parent) with the `"use client"` directive.
    Learn more: https://nextjs.org/docs/app/api-reference/directives/use-client
  4 | import { MapPin, Search } from "lucide-react";
  5 | import Link from "next/link";
> 6 | import { useMemo, useState } from "react";
    |                ^^^^^^^^
  7 |
  8 | const categories = [
  9 |   ["Biệt thự", "#biet-thu"],

Ecmascript file had an error @ http://localhost:3100/_next/static/chunks/node_modules_next_dist_1gdrd03._.js:1945
[  484346ms] [ERROR] ./src/app/du-an/page.tsx:6:16
You're importing a module that depends on `useState` into a React Server Component module. This API is only available in Client Components. To fix, mark the file (or its parent) with the `"use client"` directive.
    Learn more: https://nextjs.org/docs/app/api-reference/directives/use-client
  4 | import { MapPin, Search } from "lucide-react";
  5 | import Link from "next/link";
> 6 | import { useMemo, useState } from "react";
    |                ^^^^^^^^
  7 |
  8 | const categories = [
  9 |   ["Biệt thự", "#biet-thu"],

Ecmascript file had an error @ http://localhost:3100/_next/static/chunks/node_modules_next_dist_1gdrd03._.js:1945
[  484407ms] [ERROR] ./src/app/du-an/page.tsx:6:16
You're importing a module that depends on `useState` into a React Server Component module. This API is only available in Client Components. To fix, mark the file (or its parent) with the `"use client"` directive.
    Learn more: https://nextjs.org/docs/app/api-reference/directives/use-client
  4 | import { MapPin, Search } from "lucide-react";
  5 | import Link from "next/link";
> 6 | import { useMemo, useState } from "react";
    |                ^^^^^^^^
  7 |
  8 | const categories = [
  9 |   ["Biệt thự", "#biet-thu"],

Ecmascript file had an error @ http://localhost:3100/_next/static/chunks/node_modules_next_dist_1gdrd03._.js:1945
[  484469ms] [ERROR] ./src/app/du-an/page.tsx:6:16
You're importing a module that depends on `useState` into a React Server Component module. This API is only available in Client Components. To fix, mark the file (or its parent) with the `"use client"` directive.
    Learn more: https://nextjs.org/docs/app/api-reference/directives/use-client
  4 | import { MapPin, Search } from "lucide-react";
  5 | import Link from "next/link";
> 6 | import { useMemo, useState } from "react";
    |                ^^^^^^^^
  7 |
  8 | const categories = [
  9 |   ["Biệt thự", "#biet-thu"],

Ecmascript file had an error @ http://localhost:3100/_next/static/chunks/node_modules_next_dist_1gdrd03._.js:1945
[  484531ms] [ERROR] ./src/app/du-an/page.tsx:6:16
You're importing a module that depends on `useState` into a React Server Component module. This API is only available in Client Components. To fix, mark the file (or its parent) with the `"use client"` directive.
    Learn more: https://nextjs.org/docs/app/api-reference/directives/use-client
  4 | import { MapPin, Search } from "lucide-react";
  5 | import Link from "next/link";
> 6 | import { useMemo, useState } from "react";
    |                ^^^^^^^^
  7 |
  8 | const categories = [
  9 |   ["Biệt thự", "#biet-thu"],

Ecmascript file had an error @ http://localhost:3100/_next/static/chunks/node_modules_next_dist_1gdrd03._.js:1945
[  484594ms] [ERROR] ./src/app/du-an/page.tsx:6:16
You're importing a module that depends on `useState` into a React Server Component module. This API is only available in Client Components. To fix, mark the file (or its parent) with the `"use client"` directive.
    Learn more: https://nextjs.org/docs/app/api-reference/directives/use-client
  4 | import { MapPin, Search } from "lucide-react";
  5 | import Link from "next/link";
> 6 | import { useMemo, useState } from "react";
    |                ^^^^^^^^
  7 |
  8 | const categories = [
  9 |   ["Biệt thự", "#biet-thu"],

Ecmascript file had an error @ http://localhost:3100/_next/static/chunks/node_modules_next_dist_1gdrd03._.js:1945
[  484656ms] [ERROR] ./src/app/du-an/page.tsx:6:16
You're importing a module that depends on `useState` into a React Server Component module. This API is only available in Client Components. To fix, mark the file (or its parent) with the `"use client"` directive.
    Learn more: https://nextjs.org/docs/app/api-reference/directives/use-client
  4 | import { MapPin, Search } from "lucide-react";
  5 | import Link from "next/link";
> 6 | import { useMemo, useState } from "react";
    |                ^^^^^^^^
  7 |
  8 | const categories = [
  9 |   ["Biệt thự", "#biet-thu"],

Ecmascript file had an error @ http://localhost:3100/_next/static/chunks/node_modules_next_dist_1gdrd03._.js:1945
[  484718ms] [ERROR] ./src/app/du-an/page.tsx:6:16
You're importing a module that depends on `useState` into a React Server Component module. This API is only available in Client Components. To fix, mark the file (or its parent) with the `"use client"` directive.
    Learn more: https://nextjs.org/docs/app/api-reference/directives/use-client
  4 | import { MapPin, Search } from "lucide-react";
  5 | import Link from "next/link";
> 6 | import { useMemo, useState } from "react";
    |                ^^^^^^^^
  7 |
  8 | const categories = [
  9 |   ["Biệt thự", "#biet-thu"],

Ecmascript file had an error @ http://localhost:3100/_next/static/chunks/node_modules_next_dist_1gdrd03._.js:1945
[  484780ms] [ERROR] ./src/app/du-an/page.tsx:6:16
You're importing a module that depends on `useState` into a React Server Component module. This API is only available in Client Components. To fix, mark the file (or its parent) with the `"use client"` directive.
    Learn more: https://nextjs.org/docs/app/api-reference/directives/use-client
  4 | import { MapPin, Search } from "lucide-react";
  5 | import Link from "next/link";
> 6 | import { useMemo, useState } from "react";
    |                ^^^^^^^^
  7 |
  8 | const categories = [
  9 |   ["Biệt thự", "#biet-thu"],

Ecmascript file had an error @ http://localhost:3100/_next/static/chunks/node_modules_next_dist_1gdrd03._.js:1945
[  484843ms] [ERROR] ./src/app/du-an/page.tsx:6:16
You're importing a module that depends on `useState` into a React Server Component module. This API is only available in Client Components. To fix, mark the file (or its parent) with the `"use client"` directive.
    Learn more: https://nextjs.org/docs/app/api-reference/directives/use-client
  4 | import { MapPin, Search } from "lucide-react";
  5 | import Link from "next/link";
> 6 | import { useMemo, useState } from "react";
    |                ^^^^^^^^
  7 |
  8 | const categories = [
  9 |   ["Biệt thự", "#biet-thu"],

Ecmascript file had an error @ http://localhost:3100/_next/static/chunks/node_modules_next_dist_1gdrd03._.js:1945
[  484905ms] [ERROR] ./src/app/du-an/page.tsx:6:16
You're importing a module that depends on `useState` into a React Server Component module. This API is only available in Client Components. To fix, mark the file (or its parent) with the `"use client"` directive.
    Learn more: https://nextjs.org/docs/app/api-reference/directives/use-client
  4 | import { MapPin, Search } from "lucide-react";
  5 | import Link from "next/link";
> 6 | import { useMemo, useState } from "react";
    |                ^^^^^^^^
  7 |
  8 | const categories = [
  9 |   ["Biệt thự", "#biet-thu"],

Ecmascript file had an error @ http://localhost:3100/_next/static/chunks/node_modules_next_dist_1gdrd03._.js:1945
[  484967ms] [ERROR] ./src/app/du-an/page.tsx:6:16
You're importing a module that depends on `useState` into a React Server Component module. This API is only available in Client Components. To fix, mark the file (or its parent) with the `"use client"` directive.
    Learn more: https://nextjs.org/docs/app/api-reference/directives/use-client
  4 | import { MapPin, Search } from "lucide-react";
  5 | import Link from "next/link";
> 6 | import { useMemo, useState } from "react";
    |                ^^^^^^^^
  7 |
  8 | const categories = [
  9 |   ["Biệt thự", "#biet-thu"],

Ecmascript file had an error @ http://localhost:3100/_next/static/chunks/node_modules_next_dist_1gdrd03._.js:1945
[  485030ms] [ERROR] ./src/app/du-an/page.tsx:6:16
You're importing a module that depends on `useState` into a React Server Component module. This API is only available in Client Components. To fix, mark the file (or its parent) with the `"use client"` directive.
    Learn more: https://nextjs.org/docs/app/api-reference/directives/use-client
  4 | import { MapPin, Search } from "lucide-react";
  5 | import Link from "next/link";
> 6 | import { useMemo, useState } from "react";
    |                ^^^^^^^^
  7 |
  8 | const categories = [
  9 |   ["Biệt thự", "#biet-thu"],

Ecmascript file had an error @ http://localhost:3100/_next/static/chunks/node_modules_next_dist_1gdrd03._.js:1945
[  485093ms] [ERROR] ./src/app/du-an/page.tsx:6:16
You're importing a module that depends on `useState` into a React Server Component module. This API is only available in Client Components. To fix, mark the file (or its parent) with the `"use client"` directive.
    Learn more: https://nextjs.org/docs/app/api-reference/directives/use-client
  4 | import { MapPin, Search } from "lucide-react";
  5 | import Link from "next/link";
> 6 | import { useMemo, useState } from "react";
    |                ^^^^^^^^
  7 |
  8 | const categories = [
  9 |   ["Biệt thự", "#biet-thu"],

Ecmascript file had an error @ http://localhost:3100/_next/static/chunks/node_modules_next_dist_1gdrd03._.js:1945
[  485156ms] [ERROR] ./src/app/du-an/page.tsx:6:16
You're importing a module that depends on `useState` into a React Server Component module. This API is only available in Client Components. To fix, mark the file (or its parent) with the `"use client"` directive.
    Learn more: https://nextjs.org/docs/app/api-reference/directives/use-client
  4 | import { MapPin, Search } from "lucide-react";
  5 | import Link from "next/link";
> 6 | import { useMemo, useState } from "react";
    |                ^^^^^^^^
  7 |
  8 | const categories = [
  9 |   ["Biệt thự", "#biet-thu"],

Ecmascript file had an error @ http://localhost:3100/_next/static/chunks/node_modules_next_dist_1gdrd03._.js:1945
[  485217ms] [ERROR] ./src/app/du-an/page.tsx:6:16
You're importing a module that depends on `useState` into a React Server Component module. This API is only available in Client Components. To fix, mark the file (or its parent) with the `"use client"` directive.
    Learn more: https://nextjs.org/docs/app/api-reference/directives/use-client
  4 | import { MapPin, Search } from "lucide-react";
  5 | import Link from "next/link";
> 6 | import { useMemo, useState } from "react";
    |                ^^^^^^^^
  7 |
  8 | const categories = [
  9 |   ["Biệt thự", "#biet-thu"],

Ecmascript file had an error @ http://localhost:3100/_next/static/chunks/node_modules_next_dist_1gdrd03._.js:1945
[  485282ms] [ERROR] ./src/app/du-an/page.tsx:6:16
You're importing a module that depends on `useState` into a React Server Component module. This API is only available in Client Components. To fix, mark the file (or its parent) with the `"use client"` directive.
    Learn more: https://nextjs.org/docs/app/api-reference/directives/use-client
  4 | import { MapPin, Search } from "lucide-react";
  5 | import Link from "next/link";
> 6 | import { useMemo, useState } from "react";
    |                ^^^^^^^^
  7 |
  8 | const categories = [
  9 |   ["Biệt thự", "#biet-thu"],

Ecmascript file had an error @ http://localhost:3100/_next/static/chunks/node_modules_next_dist_1gdrd03._.js:1945
[  485343ms] [ERROR] ./src/app/du-an/page.tsx:6:16
You're importing a module that depends on `useState` into a React Server Component module. This API is only available in Client Components. To fix, mark the file (or its parent) with the `"use client"` directive.
    Learn more: https://nextjs.org/docs/app/api-reference/directives/use-client
  4 | import { MapPin, Search } from "lucide-react";
  5 | import Link from "next/link";
> 6 | import { useMemo, useState } from "react";
    |                ^^^^^^^^
  7 |
  8 | const categories = [
  9 |   ["Biệt thự", "#biet-thu"],

Ecmascript file had an error @ http://localhost:3100/_next/static/chunks/node_modules_next_dist_1gdrd03._.js:1945
[  485406ms] [ERROR] ./src/app/du-an/page.tsx:6:16
You're importing a module that depends on `useState` into a React Server Component module. This API is only available in Client Components. To fix, mark the file (or its parent) with the `"use client"` directive.
    Learn more: https://nextjs.org/docs/app/api-reference/directives/use-client
  4 | import { MapPin, Search } from "lucide-react";
  5 | import Link from "next/link";
> 6 | import { useMemo, useState } from "react";
    |                ^^^^^^^^
  7 |
  8 | const categories = [
  9 |   ["Biệt thự", "#biet-thu"],

Ecmascript file had an error @ http://localhost:3100/_next/static/chunks/node_modules_next_dist_1gdrd03._.js:1945
[  485469ms] [ERROR] ./src/app/du-an/page.tsx:6:16
You're importing a module that depends on `useState` into a React Server Component module. This API is only available in Client Components. To fix, mark the file (or its parent) with the `"use client"` directive.
    Learn more: https://nextjs.org/docs/app/api-reference/directives/use-client
  4 | import { MapPin, Search } from "lucide-react";
  5 | import Link from "next/link";
> 6 | import { useMemo, useState } from "react";
    |                ^^^^^^^^
  7 |
  8 | const categories = [
  9 |   ["Biệt thự", "#biet-thu"],

Ecmascript file had an error @ http://localhost:3100/_next/static/chunks/node_modules_next_dist_1gdrd03._.js:1945
[  485532ms] [ERROR] ./src/app/du-an/page.tsx:6:16
You're importing a module that depends on `useState` into a React Server Component module. This API is only available in Client Components. To fix, mark the file (or its parent) with the `"use client"` directive.
    Learn more: https://nextjs.org/docs/app/api-reference/directives/use-client
  4 | import { MapPin, Search } from "lucide-react";
  5 | import Link from "next/link";
> 6 | import { useMemo, useState } from "react";
    |                ^^^^^^^^
  7 |
  8 | const categories = [
  9 |   ["Biệt thự", "#biet-thu"],

Ecmascript file had an error @ http://localhost:3100/_next/static/chunks/node_modules_next_dist_1gdrd03._.js:1945
[  485594ms] [ERROR] ./src/app/du-an/page.tsx:6:16
You're importing a module that depends on `useState` into a React Server Component module. This API is only available in Client Components. To fix, mark the file (or its parent) with the `"use client"` directive.
    Learn more: https://nextjs.org/docs/app/api-reference/directives/use-client
  4 | import { MapPin, Search } from "lucide-react";
  5 | import Link from "next/link";
> 6 | import { useMemo, useState } from "react";
    |                ^^^^^^^^
  7 |
  8 | const categories = [
  9 |   ["Biệt thự", "#biet-thu"],

Ecmascript file had an error @ http://localhost:3100/_next/static/chunks/node_modules_next_dist_1gdrd03._.js:1945
[  485654ms] [ERROR] ./src/app/du-an/page.tsx:6:16
You're importing a module that depends on `useState` into a React Server Component module. This API is only available in Client Components. To fix, mark the file (or its parent) with the `"use client"` directive.
    Learn more: https://nextjs.org/docs/app/api-reference/directives/use-client
  4 | import { MapPin, Search } from "lucide-react";
  5 | import Link from "next/link";
> 6 | import { useMemo, useState } from "react";
    |                ^^^^^^^^
  7 |
  8 | const categories = [
  9 |   ["Biệt thự", "#biet-thu"],

Ecmascript file had an error @ http://localhost:3100/_next/static/chunks/node_modules_next_dist_1gdrd03._.js:1945
[  485716ms] [ERROR] ./src/app/du-an/page.tsx:6:16
You're importing a module that depends on `useState` into a React Server Component module. This API is only available in Client Components. To fix, mark the file (or its parent) with the `"use client"` directive.
    Learn more: https://nextjs.org/docs/app/api-reference/directives/use-client
  4 | import { MapPin, Search } from "lucide-react";
  5 | import Link from "next/link";
> 6 | import { useMemo, useState } from "react";
    |                ^^^^^^^^
  7 |
  8 | const categories = [
  9 |   ["Biệt thự", "#biet-thu"],

Ecmascript file had an error @ http://localhost:3100/_next/static/chunks/node_modules_next_dist_1gdrd03._.js:1945
[  485777ms] [ERROR] ./src/app/du-an/page.tsx:6:16
You're importing a module that depends on `useState` into a React Server Component module. This API is only available in Client Components. To fix, mark the file (or its parent) with the `"use client"` directive.
    Learn more: https://nextjs.org/docs/app/api-reference/directives/use-client
  4 | import { MapPin, Search } from "lucide-react";
  5 | import Link from "next/link";
> 6 | import { useMemo, useState } from "react";
    |                ^^^^^^^^
  7 |
  8 | const categories = [
  9 |   ["Biệt thự", "#biet-thu"],

Ecmascript file had an error @ http://localhost:3100/_next/static/chunks/node_modules_next_dist_1gdrd03._.js:1945
[  485838ms] [ERROR] ./src/app/du-an/page.tsx:6:16
You're importing a module that depends on `useState` into a React Server Component module. This API is only available in Client Components. To fix, mark the file (or its parent) with the `"use client"` directive.
    Learn more: https://nextjs.org/docs/app/api-reference/directives/use-client
  4 | import { MapPin, Search } from "lucide-react";
  5 | import Link from "next/link";
> 6 | import { useMemo, useState } from "react";
    |                ^^^^^^^^
  7 |
  8 | const categories = [
  9 |   ["Biệt thự", "#biet-thu"],

Ecmascript file had an error @ http://localhost:3100/_next/static/chunks/node_modules_next_dist_1gdrd03._.js:1945
[  485901ms] [ERROR] ./src/app/du-an/page.tsx:6:16
You're importing a module that depends on `useState` into a React Server Component module. This API is only available in Client Components. To fix, mark the file (or its parent) with the `"use client"` directive.
    Learn more: https://nextjs.org/docs/app/api-reference/directives/use-client
  4 | import { MapPin, Search } from "lucide-react";
  5 | import Link from "next/link";
> 6 | import { useMemo, useState } from "react";
    |                ^^^^^^^^
  7 |
  8 | const categories = [
  9 |   ["Biệt thự", "#biet-thu"],

Ecmascript file had an error @ http://localhost:3100/_next/static/chunks/node_modules_next_dist_1gdrd03._.js:1945
[  485963ms] [ERROR] ./src/app/du-an/page.tsx:6:16
You're importing a module that depends on `useState` into a React Server Component module. This API is only available in Client Components. To fix, mark the file (or its parent) with the `"use client"` directive.
    Learn more: https://nextjs.org/docs/app/api-reference/directives/use-client
  4 | import { MapPin, Search } from "lucide-react";
  5 | import Link from "next/link";
> 6 | import { useMemo, useState } from "react";
    |                ^^^^^^^^
  7 |
  8 | const categories = [
  9 |   ["Biệt thự", "#biet-thu"],

Ecmascript file had an error @ http://localhost:3100/_next/static/chunks/node_modules_next_dist_1gdrd03._.js:1945
[  486027ms] [ERROR] ./src/app/du-an/page.tsx:6:16
You're importing a module that depends on `useState` into a React Server Component module. This API is only available in Client Components. To fix, mark the file (or its parent) with the `"use client"` directive.
    Learn more: https://nextjs.org/docs/app/api-reference/directives/use-client
  4 | import { MapPin, Search } from "lucide-react";
  5 | import Link from "next/link";
> 6 | import { useMemo, useState } from "react";
    |                ^^^^^^^^
  7 |
  8 | const categories = [
  9 |   ["Biệt thự", "#biet-thu"],

Ecmascript file had an error @ http://localhost:3100/_next/static/chunks/node_modules_next_dist_1gdrd03._.js:1945
[  486089ms] [ERROR] ./src/app/du-an/page.tsx:6:16
You're importing a module that depends on `useState` into a React Server Component module. This API is only available in Client Components. To fix, mark the file (or its parent) with the `"use client"` directive.
    Learn more: https://nextjs.org/docs/app/api-reference/directives/use-client
  4 | import { MapPin, Search } from "lucide-react";
  5 | import Link from "next/link";
> 6 | import { useMemo, useState } from "react";
    |                ^^^^^^^^
  7 |
  8 | const categories = [
  9 |   ["Biệt thự", "#biet-thu"],

Ecmascript file had an error @ http://localhost:3100/_next/static/chunks/node_modules_next_dist_1gdrd03._.js:1945
[  486153ms] [ERROR] ./src/app/du-an/page.tsx:6:16
You're importing a module that depends on `useState` into a React Server Component module. This API is only available in Client Components. To fix, mark the file (or its parent) with the `"use client"` directive.
    Learn more: https://nextjs.org/docs/app/api-reference/directives/use-client
  4 | import { MapPin, Search } from "lucide-react";
  5 | import Link from "next/link";
> 6 | import { useMemo, useState } from "react";
    |                ^^^^^^^^
  7 |
  8 | const categories = [
  9 |   ["Biệt thự", "#biet-thu"],

Ecmascript file had an error @ http://localhost:3100/_next/static/chunks/node_modules_next_dist_1gdrd03._.js:1945
[  486216ms] [ERROR] ./src/app/du-an/page.tsx:6:16
You're importing a module that depends on `useState` into a React Server Component module. This API is only available in Client Components. To fix, mark the file (or its parent) with the `"use client"` directive.
    Learn more: https://nextjs.org/docs/app/api-reference/directives/use-client
  4 | import { MapPin, Search } from "lucide-react";
  5 | import Link from "next/link";
> 6 | import { useMemo, useState } from "react";
    |                ^^^^^^^^
  7 |
  8 | const categories = [
  9 |   ["Biệt thự", "#biet-thu"],

Ecmascript file had an error @ http://localhost:3100/_next/static/chunks/node_modules_next_dist_1gdrd03._.js:1945
[  486279ms] [ERROR] ./src/app/du-an/page.tsx:6:16
You're importing a module that depends on `useState` into a React Server Component module. This API is only available in Client Components. To fix, mark the file (or its parent) with the `"use client"` directive.
    Learn more: https://nextjs.org/docs/app/api-reference/directives/use-client
  4 | import { MapPin, Search } from "lucide-react";
  5 | import Link from "next/link";
> 6 | import { useMemo, useState } from "react";
    |                ^^^^^^^^
  7 |
  8 | const categories = [
  9 |   ["Biệt thự", "#biet-thu"],

Ecmascript file had an error @ http://localhost:3100/_next/static/chunks/node_modules_next_dist_1gdrd03._.js:1945
[  486343ms] [ERROR] ./src/app/du-an/page.tsx:6:16
You're importing a module that depends on `useState` into a React Server Component module. This API is only available in Client Components. To fix, mark the file (or its parent) with the `"use client"` directive.
    Learn more: https://nextjs.org/docs/app/api-reference/directives/use-client
  4 | import { MapPin, Search } from "lucide-react";
  5 | import Link from "next/link";
> 6 | import { useMemo, useState } from "react";
    |                ^^^^^^^^
  7 |
  8 | const categories = [
  9 |   ["Biệt thự", "#biet-thu"],

Ecmascript file had an error @ http://localhost:3100/_next/static/chunks/node_modules_next_dist_1gdrd03._.js:1945
[  486404ms] [ERROR] ./src/app/du-an/page.tsx:6:16
You're importing a module that depends on `useState` into a React Server Component module. This API is only available in Client Components. To fix, mark the file (or its parent) with the `"use client"` directive.
    Learn more: https://nextjs.org/docs/app/api-reference/directives/use-client
  4 | import { MapPin, Search } from "lucide-react";
  5 | import Link from "next/link";
> 6 | import { useMemo, useState } from "react";
    |                ^^^^^^^^
  7 |
  8 | const categories = [
  9 |   ["Biệt thự", "#biet-thu"],

Ecmascript file had an error @ http://localhost:3100/_next/static/chunks/node_modules_next_dist_1gdrd03._.js:1945
[  486467ms] [ERROR] ./src/app/du-an/page.tsx:6:16
You're importing a module that depends on `useState` into a React Server Component module. This API is only available in Client Components. To fix, mark the file (or its parent) with the `"use client"` directive.
    Learn more: https://nextjs.org/docs/app/api-reference/directives/use-client
  4 | import { MapPin, Search } from "lucide-react";
  5 | import Link from "next/link";
> 6 | import { useMemo, useState } from "react";
    |                ^^^^^^^^
  7 |
  8 | const categories = [
  9 |   ["Biệt thự", "#biet-thu"],

Ecmascript file had an error @ http://localhost:3100/_next/static/chunks/node_modules_next_dist_1gdrd03._.js:1945
[  486528ms] [ERROR] ./src/app/du-an/page.tsx:6:16
You're importing a module that depends on `useState` into a React Server Component module. This API is only available in Client Components. To fix, mark the file (or its parent) with the `"use client"` directive.
    Learn more: https://nextjs.org/docs/app/api-reference/directives/use-client
  4 | import { MapPin, Search } from "lucide-react";
  5 | import Link from "next/link";
> 6 | import { useMemo, useState } from "react";
    |                ^^^^^^^^
  7 |
  8 | const categories = [
  9 |   ["Biệt thự", "#biet-thu"],

Ecmascript file had an error @ http://localhost:3100/_next/static/chunks/node_modules_next_dist_1gdrd03._.js:1945
[  486591ms] [ERROR] ./src/app/du-an/page.tsx:6:16
You're importing a module that depends on `useState` into a React Server Component module. This API is only available in Client Components. To fix, mark the file (or its parent) with the `"use client"` directive.
    Learn more: https://nextjs.org/docs/app/api-reference/directives/use-client
  4 | import { MapPin, Search } from "lucide-react";
  5 | import Link from "next/link";
> 6 | import { useMemo, useState } from "react";
    |                ^^^^^^^^
  7 |
  8 | const categories = [
  9 |   ["Biệt thự", "#biet-thu"],

Ecmascript file had an error @ http://localhost:3100/_next/static/chunks/node_modules_next_dist_1gdrd03._.js:1945
[  486654ms] [ERROR] ./src/app/du-an/page.tsx:6:16
You're importing a module that depends on `useState` into a React Server Component module. This API is only available in Client Components. To fix, mark the file (or its parent) with the `"use client"` directive.
    Learn more: https://nextjs.org/docs/app/api-reference/directives/use-client
  4 | import { MapPin, Search } from "lucide-react";
  5 | import Link from "next/link";
> 6 | import { useMemo, useState } from "react";
    |                ^^^^^^^^
  7 |
  8 | const categories = [
  9 |   ["Biệt thự", "#biet-thu"],

Ecmascript file had an error @ http://localhost:3100/_next/static/chunks/node_modules_next_dist_1gdrd03._.js:1945
[  486717ms] [ERROR] ./src/app/du-an/page.tsx:6:16
You're importing a module that depends on `useState` into a React Server Component module. This API is only available in Client Components. To fix, mark the file (or its parent) with the `"use client"` directive.
    Learn more: https://nextjs.org/docs/app/api-reference/directives/use-client
  4 | import { MapPin, Search } from "lucide-react";
  5 | import Link from "next/link";
> 6 | import { useMemo, useState } from "react";
    |                ^^^^^^^^
  7 |
  8 | const categories = [
  9 |   ["Biệt thự", "#biet-thu"],

Ecmascript file had an error @ http://localhost:3100/_next/static/chunks/node_modules_next_dist_1gdrd03._.js:1945
[  486778ms] [ERROR] ./src/app/du-an/page.tsx:6:16
You're importing a module that depends on `useState` into a React Server Component module. This API is only available in Client Components. To fix, mark the file (or its parent) with the `"use client"` directive.
    Learn more: https://nextjs.org/docs/app/api-reference/directives/use-client
  4 | import { MapPin, Search } from "lucide-react";
  5 | import Link from "next/link";
> 6 | import { useMemo, useState } from "react";
    |                ^^^^^^^^
  7 |
  8 | const categories = [
  9 |   ["Biệt thự", "#biet-thu"],

Ecmascript file had an error @ http://localhost:3100/_next/static/chunks/node_modules_next_dist_1gdrd03._.js:1945
[  486840ms] [ERROR] ./src/app/du-an/page.tsx:6:16
You're importing a module that depends on `useState` into a React Server Component module. This API is only available in Client Components. To fix, mark the file (or its parent) with the `"use client"` directive.
    Learn more: https://nextjs.org/docs/app/api-reference/directives/use-client
  4 | import { MapPin, Search } from "lucide-react";
  5 | import Link from "next/link";
> 6 | import { useMemo, useState } from "react";
    |                ^^^^^^^^
  7 |
  8 | const categories = [
  9 |   ["Biệt thự", "#biet-thu"],

Ecmascript file had an error @ http://localhost:3100/_next/static/chunks/node_modules_next_dist_1gdrd03._.js:1945
[  486903ms] [ERROR] ./src/app/du-an/page.tsx:6:16
You're importing a module that depends on `useState` into a React Server Component module. This API is only available in Client Components. To fix, mark the file (or its parent) with the `"use client"` directive.
    Learn more: https://nextjs.org/docs/app/api-reference/directives/use-client
  4 | import { MapPin, Search } from "lucide-react";
  5 | import Link from "next/link";
> 6 | import { useMemo, useState } from "react";
    |                ^^^^^^^^
  7 |
  8 | const categories = [
  9 |   ["Biệt thự", "#biet-thu"],

Ecmascript file had an error @ http://localhost:3100/_next/static/chunks/node_modules_next_dist_1gdrd03._.js:1945
[  486967ms] [ERROR] ./src/app/du-an/page.tsx:6:16
You're importing a module that depends on `useState` into a React Server Component module. This API is only available in Client Components. To fix, mark the file (or its parent) with the `"use client"` directive.
    Learn more: https://nextjs.org/docs/app/api-reference/directives/use-client
  4 | import { MapPin, Search } from "lucide-react";
  5 | import Link from "next/link";
> 6 | import { useMemo, useState } from "react";
    |                ^^^^^^^^
  7 |
  8 | const categories = [
  9 |   ["Biệt thự", "#biet-thu"],

Ecmascript file had an error @ http://localhost:3100/_next/static/chunks/node_modules_next_dist_1gdrd03._.js:1945
[  487028ms] [ERROR] ./src/app/du-an/page.tsx:6:16
You're importing a module that depends on `useState` into a React Server Component module. This API is only available in Client Components. To fix, mark the file (or its parent) with the `"use client"` directive.
    Learn more: https://nextjs.org/docs/app/api-reference/directives/use-client
  4 | import { MapPin, Search } from "lucide-react";
  5 | import Link from "next/link";
> 6 | import { useMemo, useState } from "react";
    |                ^^^^^^^^
  7 |
  8 | const categories = [
  9 |   ["Biệt thự", "#biet-thu"],

Ecmascript file had an error @ http://localhost:3100/_next/static/chunks/node_modules_next_dist_1gdrd03._.js:1945
[  487091ms] [ERROR] ./src/app/du-an/page.tsx:6:16
You're importing a module that depends on `useState` into a React Server Component module. This API is only available in Client Components. To fix, mark the file (or its parent) with the `"use client"` directive.
    Learn more: https://nextjs.org/docs/app/api-reference/directives/use-client
  4 | import { MapPin, Search } from "lucide-react";
  5 | import Link from "next/link";
> 6 | import { useMemo, useState } from "react";
    |                ^^^^^^^^
  7 |
  8 | const categories = [
  9 |   ["Biệt thự", "#biet-thu"],

Ecmascript file had an error @ http://localhost:3100/_next/static/chunks/node_modules_next_dist_1gdrd03._.js:1945
[  487152ms] [ERROR] ./src/app/du-an/page.tsx:6:16
You're importing a module that depends on `useState` into a React Server Component module. This API is only available in Client Components. To fix, mark the file (or its parent) with the `"use client"` directive.
    Learn more: https://nextjs.org/docs/app/api-reference/directives/use-client
  4 | import { MapPin, Search } from "lucide-react";
  5 | import Link from "next/link";
> 6 | import { useMemo, useState } from "react";
    |                ^^^^^^^^
  7 |
  8 | const categories = [
  9 |   ["Biệt thự", "#biet-thu"],

Ecmascript file had an error @ http://localhost:3100/_next/static/chunks/node_modules_next_dist_1gdrd03._.js:1945
[  487214ms] [ERROR] ./src/app/du-an/page.tsx:6:16
You're importing a module that depends on `useState` into a React Server Component module. This API is only available in Client Components. To fix, mark the file (or its parent) with the `"use client"` directive.
    Learn more: https://nextjs.org/docs/app/api-reference/directives/use-client
  4 | import { MapPin, Search } from "lucide-react";
  5 | import Link from "next/link";
> 6 | import { useMemo, useState } from "react";
    |                ^^^^^^^^
  7 |
  8 | const categories = [
  9 |   ["Biệt thự", "#biet-thu"],

Ecmascript file had an error @ http://localhost:3100/_next/static/chunks/node_modules_next_dist_1gdrd03._.js:1945
[  487278ms] [ERROR] ./src/app/du-an/page.tsx:6:16
You're importing a module that depends on `useState` into a React Server Component module. This API is only available in Client Components. To fix, mark the file (or its parent) with the `"use client"` directive.
    Learn more: https://nextjs.org/docs/app/api-reference/directives/use-client
  4 | import { MapPin, Search } from "lucide-react";
  5 | import Link from "next/link";
> 6 | import { useMemo, useState } from "react";
    |                ^^^^^^^^
  7 |
  8 | const categories = [
  9 |   ["Biệt thự", "#biet-thu"],

Ecmascript file had an error @ http://localhost:3100/_next/static/chunks/node_modules_next_dist_1gdrd03._.js:1945
[  487340ms] [ERROR] ./src/app/du-an/page.tsx:6:16
You're importing a module that depends on `useState` into a React Server Component module. This API is only available in Client Components. To fix, mark the file (or its parent) with the `"use client"` directive.
    Learn more: https://nextjs.org/docs/app/api-reference/directives/use-client
  4 | import { MapPin, Search } from "lucide-react";
  5 | import Link from "next/link";
> 6 | import { useMemo, useState } from "react";
    |                ^^^^^^^^
  7 |
  8 | const categories = [
  9 |   ["Biệt thự", "#biet-thu"],

Ecmascript file had an error @ http://localhost:3100/_next/static/chunks/node_modules_next_dist_1gdrd03._.js:1945
[  487402ms] [ERROR] ./src/app/du-an/page.tsx:6:16
You're importing a module that depends on `useState` into a React Server Component module. This API is only available in Client Components. To fix, mark the file (or its parent) with the `"use client"` directive.
    Learn more: https://nextjs.org/docs/app/api-reference/directives/use-client
  4 | import { MapPin, Search } from "lucide-react";
  5 | import Link from "next/link";
> 6 | import { useMemo, useState } from "react";
    |                ^^^^^^^^
  7 |
  8 | const categories = [
  9 |   ["Biệt thự", "#biet-thu"],

Ecmascript file had an error @ http://localhost:3100/_next/static/chunks/node_modules_next_dist_1gdrd03._.js:1945
[  487466ms] [ERROR] ./src/app/du-an/page.tsx:6:16
You're importing a module that depends on `useState` into a React Server Component module. This API is only available in Client Components. To fix, mark the file (or its parent) with the `"use client"` directive.
    Learn more: https://nextjs.org/docs/app/api-reference/directives/use-client
  4 | import { MapPin, Search } from "lucide-react";
  5 | import Link from "next/link";
> 6 | import { useMemo, useState } from "react";
    |                ^^^^^^^^
  7 |
  8 | const categories = [
  9 |   ["Biệt thự", "#biet-thu"],

Ecmascript file had an error @ http://localhost:3100/_next/static/chunks/node_modules_next_dist_1gdrd03._.js:1945
[  487527ms] [ERROR] ./src/app/du-an/page.tsx:6:16
You're importing a module that depends on `useState` into a React Server Component module. This API is only available in Client Components. To fix, mark the file (or its parent) with the `"use client"` directive.
    Learn more: https://nextjs.org/docs/app/api-reference/directives/use-client
  4 | import { MapPin, Search } from "lucide-react";
  5 | import Link from "next/link";
> 6 | import { useMemo, useState } from "react";
    |                ^^^^^^^^
  7 |
  8 | const categories = [
  9 |   ["Biệt thự", "#biet-thu"],

Ecmascript file had an error @ http://localhost:3100/_next/static/chunks/node_modules_next_dist_1gdrd03._.js:1945
[  487590ms] [ERROR] ./src/app/du-an/page.tsx:6:16
You're importing a module that depends on `useState` into a React Server Component module. This API is only available in Client Components. To fix, mark the file (or its parent) with the `"use client"` directive.
    Learn more: https://nextjs.org/docs/app/api-reference/directives/use-client
  4 | import { MapPin, Search } from "lucide-react";
  5 | import Link from "next/link";
> 6 | import { useMemo, useState } from "react";
    |                ^^^^^^^^
  7 |
  8 | const categories = [
  9 |   ["Biệt thự", "#biet-thu"],

Ecmascript file had an error @ http://localhost:3100/_next/static/chunks/node_modules_next_dist_1gdrd03._.js:1945
[  487653ms] [ERROR] ./src/app/du-an/page.tsx:6:16
You're importing a module that depends on `useState` into a React Server Component module. This API is only available in Client Components. To fix, mark the file (or its parent) with the `"use client"` directive.
    Learn more: https://nextjs.org/docs/app/api-reference/directives/use-client
  4 | import { MapPin, Search } from "lucide-react";
  5 | import Link from "next/link";
> 6 | import { useMemo, useState } from "react";
    |                ^^^^^^^^
  7 |
  8 | const categories = [
  9 |   ["Biệt thự", "#biet-thu"],

Ecmascript file had an error @ http://localhost:3100/_next/static/chunks/node_modules_next_dist_1gdrd03._.js:1945
[  487716ms] [ERROR] ./src/app/du-an/page.tsx:6:16
You're importing a module that depends on `useState` into a React Server Component module. This API is only available in Client Components. To fix, mark the file (or its parent) with the `"use client"` directive.
    Learn more: https://nextjs.org/docs/app/api-reference/directives/use-client
  4 | import { MapPin, Search } from "lucide-react";
  5 | import Link from "next/link";
> 6 | import { useMemo, useState } from "react";
    |                ^^^^^^^^
  7 |
  8 | const categories = [
  9 |   ["Biệt thự", "#biet-thu"],

Ecmascript file had an error @ http://localhost:3100/_next/static/chunks/node_modules_next_dist_1gdrd03._.js:1945
[  487779ms] [ERROR] ./src/app/du-an/page.tsx:6:16
You're importing a module that depends on `useState` into a React Server Component module. This API is only available in Client Components. To fix, mark the file (or its parent) with the `"use client"` directive.
    Learn more: https://nextjs.org/docs/app/api-reference/directives/use-client
  4 | import { MapPin, Search } from "lucide-react";
  5 | import Link from "next/link";
> 6 | import { useMemo, useState } from "react";
    |                ^^^^^^^^
  7 |
  8 | const categories = [
  9 |   ["Biệt thự", "#biet-thu"],

Ecmascript file had an error @ http://localhost:3100/_next/static/chunks/node_modules_next_dist_1gdrd03._.js:1945
[  487842ms] [ERROR] ./src/app/du-an/page.tsx:6:16
You're importing a module that depends on `useState` into a React Server Component module. This API is only available in Client Components. To fix, mark the file (or its parent) with the `"use client"` directive.
    Learn more: https://nextjs.org/docs/app/api-reference/directives/use-client
  4 | import { MapPin, Search } from "lucide-react";
  5 | import Link from "next/link";
> 6 | import { useMemo, useState } from "react";
    |                ^^^^^^^^
  7 |
  8 | const categories = [
  9 |   ["Biệt thự", "#biet-thu"],

Ecmascript file had an error @ http://localhost:3100/_next/static/chunks/node_modules_next_dist_1gdrd03._.js:1945
[  487904ms] [ERROR] ./src/app/du-an/page.tsx:6:16
You're importing a module that depends on `useState` into a React Server Component module. This API is only available in Client Components. To fix, mark the file (or its parent) with the `"use client"` directive.
    Learn more: https://nextjs.org/docs/app/api-reference/directives/use-client
  4 | import { MapPin, Search } from "lucide-react";
  5 | import Link from "next/link";
> 6 | import { useMemo, useState } from "react";
    |                ^^^^^^^^
  7 |
  8 | const categories = [
  9 |   ["Biệt thự", "#biet-thu"],

Ecmascript file had an error @ http://localhost:3100/_next/static/chunks/node_modules_next_dist_1gdrd03._.js:1945
[  487968ms] [ERROR] ./src/app/du-an/page.tsx:6:16
You're importing a module that depends on `useState` into a React Server Component module. This API is only available in Client Components. To fix, mark the file (or its parent) with the `"use client"` directive.
    Learn more: https://nextjs.org/docs/app/api-reference/directives/use-client
  4 | import { MapPin, Search } from "lucide-react";
  5 | import Link from "next/link";
> 6 | import { useMemo, useState } from "react";
    |                ^^^^^^^^
  7 |
  8 | const categories = [
  9 |   ["Biệt thự", "#biet-thu"],

Ecmascript file had an error @ http://localhost:3100/_next/static/chunks/node_modules_next_dist_1gdrd03._.js:1945
[  488030ms] [ERROR] ./src/app/du-an/page.tsx:6:16
You're importing a module that depends on `useState` into a React Server Component module. This API is only available in Client Components. To fix, mark the file (or its parent) with the `"use client"` directive.
    Learn more: https://nextjs.org/docs/app/api-reference/directives/use-client
  4 | import { MapPin, Search } from "lucide-react";
  5 | import Link from "next/link";
> 6 | import { useMemo, useState } from "react";
    |                ^^^^^^^^
  7 |
  8 | const categories = [
  9 |   ["Biệt thự", "#biet-thu"],

Ecmascript file had an error @ http://localhost:3100/_next/static/chunks/node_modules_next_dist_1gdrd03._.js:1945
[  488092ms] [ERROR] ./src/app/du-an/page.tsx:6:16
You're importing a module that depends on `useState` into a React Server Component module. This API is only available in Client Components. To fix, mark the file (or its parent) with the `"use client"` directive.
    Learn more: https://nextjs.org/docs/app/api-reference/directives/use-client
  4 | import { MapPin, Search } from "lucide-react";
  5 | import Link from "next/link";
> 6 | import { useMemo, useState } from "react";
    |                ^^^^^^^^
  7 |
  8 | const categories = [
  9 |   ["Biệt thự", "#biet-thu"],

Ecmascript file had an error @ http://localhost:3100/_next/static/chunks/node_modules_next_dist_1gdrd03._.js:1945
[  488154ms] [ERROR] ./src/app/du-an/page.tsx:6:16
You're importing a module that depends on `useState` into a React Server Component module. This API is only available in Client Components. To fix, mark the file (or its parent) with the `"use client"` directive.
    Learn more: https://nextjs.org/docs/app/api-reference/directives/use-client
  4 | import { MapPin, Search } from "lucide-react";
  5 | import Link from "next/link";
> 6 | import { useMemo, useState } from "react";
    |                ^^^^^^^^
  7 |
  8 | const categories = [
  9 |   ["Biệt thự", "#biet-thu"],

Ecmascript file had an error @ http://localhost:3100/_next/static/chunks/node_modules_next_dist_1gdrd03._.js:1945
[  488216ms] [ERROR] ./src/app/du-an/page.tsx:6:16
You're importing a module that depends on `useState` into a React Server Component module. This API is only available in Client Components. To fix, mark the file (or its parent) with the `"use client"` directive.
    Learn more: https://nextjs.org/docs/app/api-reference/directives/use-client
  4 | import { MapPin, Search } from "lucide-react";
  5 | import Link from "next/link";
> 6 | import { useMemo, useState } from "react";
    |                ^^^^^^^^
  7 |
  8 | const categories = [
  9 |   ["Biệt thự", "#biet-thu"],

Ecmascript file had an error @ http://localhost:3100/_next/static/chunks/node_modules_next_dist_1gdrd03._.js:1945
[  488279ms] [ERROR] ./src/app/du-an/page.tsx:6:16
You're importing a module that depends on `useState` into a React Server Component module. This API is only available in Client Components. To fix, mark the file (or its parent) with the `"use client"` directive.
    Learn more: https://nextjs.org/docs/app/api-reference/directives/use-client
  4 | import { MapPin, Search } from "lucide-react";
  5 | import Link from "next/link";
> 6 | import { useMemo, useState } from "react";
    |                ^^^^^^^^
  7 |
  8 | const categories = [
  9 |   ["Biệt thự", "#biet-thu"],

Ecmascript file had an error @ http://localhost:3100/_next/static/chunks/node_modules_next_dist_1gdrd03._.js:1945
[  488342ms] [ERROR] ./src/app/du-an/page.tsx:6:16
You're importing a module that depends on `useState` into a React Server Component module. This API is only available in Client Components. To fix, mark the file (or its parent) with the `"use client"` directive.
    Learn more: https://nextjs.org/docs/app/api-reference/directives/use-client
  4 | import { MapPin, Search } from "lucide-react";
  5 | import Link from "next/link";
> 6 | import { useMemo, useState } from "react";
    |                ^^^^^^^^
  7 |
  8 | const categories = [
  9 |   ["Biệt thự", "#biet-thu"],

Ecmascript file had an error @ http://localhost:3100/_next/static/chunks/node_modules_next_dist_1gdrd03._.js:1945
[  488403ms] [ERROR] ./src/app/du-an/page.tsx:6:16
You're importing a module that depends on `useState` into a React Server Component module. This API is only available in Client Components. To fix, mark the file (or its parent) with the `"use client"` directive.
    Learn more: https://nextjs.org/docs/app/api-reference/directives/use-client
  4 | import { MapPin, Search } from "lucide-react";
  5 | import Link from "next/link";
> 6 | import { useMemo, useState } from "react";
    |                ^^^^^^^^
  7 |
  8 | const categories = [
  9 |   ["Biệt thự", "#biet-thu"],

Ecmascript file had an error @ http://localhost:3100/_next/static/chunks/node_modules_next_dist_1gdrd03._.js:1945
[  488466ms] [ERROR] ./src/app/du-an/page.tsx:6:16
You're importing a module that depends on `useState` into a React Server Component module. This API is only available in Client Components. To fix, mark the file (or its parent) with the `"use client"` directive.
    Learn more: https://nextjs.org/docs/app/api-reference/directives/use-client
  4 | import { MapPin, Search } from "lucide-react";
  5 | import Link from "next/link";
> 6 | import { useMemo, useState } from "react";
    |                ^^^^^^^^
  7 |
  8 | const categories = [
  9 |   ["Biệt thự", "#biet-thu"],

Ecmascript file had an error @ http://localhost:3100/_next/static/chunks/node_modules_next_dist_1gdrd03._.js:1945
[  488528ms] [ERROR] ./src/app/du-an/page.tsx:6:16
You're importing a module that depends on `useState` into a React Server Component module. This API is only available in Client Components. To fix, mark the file (or its parent) with the `"use client"` directive.
    Learn more: https://nextjs.org/docs/app/api-reference/directives/use-client
  4 | import { MapPin, Search } from "lucide-react";
  5 | import Link from "next/link";
> 6 | import { useMemo, useState } from "react";
    |                ^^^^^^^^
  7 |
  8 | const categories = [
  9 |   ["Biệt thự", "#biet-thu"],

Ecmascript file had an error @ http://localhost:3100/_next/static/chunks/node_modules_next_dist_1gdrd03._.js:1945
[  488589ms] [ERROR] ./src/app/du-an/page.tsx:6:16
You're importing a module that depends on `useState` into a React Server Component module. This API is only available in Client Components. To fix, mark the file (or its parent) with the `"use client"` directive.
    Learn more: https://nextjs.org/docs/app/api-reference/directives/use-client
  4 | import { MapPin, Search } from "lucide-react";
  5 | import Link from "next/link";
> 6 | import { useMemo, useState } from "react";
    |                ^^^^^^^^
  7 |
  8 | const categories = [
  9 |   ["Biệt thự", "#biet-thu"],

Ecmascript file had an error @ http://localhost:3100/_next/static/chunks/node_modules_next_dist_1gdrd03._.js:1945
[  488651ms] [ERROR] ./src/app/du-an/page.tsx:6:16
You're importing a module that depends on `useState` into a React Server Component module. This API is only available in Client Components. To fix, mark the file (or its parent) with the `"use client"` directive.
    Learn more: https://nextjs.org/docs/app/api-reference/directives/use-client
  4 | import { MapPin, Search } from "lucide-react";
  5 | import Link from "next/link";
> 6 | import { useMemo, useState } from "react";
    |                ^^^^^^^^
  7 |
  8 | const categories = [
  9 |   ["Biệt thự", "#biet-thu"],

Ecmascript file had an error @ http://localhost:3100/_next/static/chunks/node_modules_next_dist_1gdrd03._.js:1945
[  488715ms] [ERROR] ./src/app/du-an/page.tsx:6:16
You're importing a module that depends on `useState` into a React Server Component module. This API is only available in Client Components. To fix, mark the file (or its parent) with the `"use client"` directive.
    Learn more: https://nextjs.org/docs/app/api-reference/directives/use-client
  4 | import { MapPin, Search } from "lucide-react";
  5 | import Link from "next/link";
> 6 | import { useMemo, useState } from "react";
    |                ^^^^^^^^
  7 |
  8 | const categories = [
  9 |   ["Biệt thự", "#biet-thu"],

Ecmascript file had an error @ http://localhost:3100/_next/static/chunks/node_modules_next_dist_1gdrd03._.js:1945
[  488778ms] [ERROR] ./src/app/du-an/page.tsx:6:16
You're importing a module that depends on `useState` into a React Server Component module. This API is only available in Client Components. To fix, mark the file (or its parent) with the `"use client"` directive.
    Learn more: https://nextjs.org/docs/app/api-reference/directives/use-client
  4 | import { MapPin, Search } from "lucide-react";
  5 | import Link from "next/link";
> 6 | import { useMemo, useState } from "react";
    |                ^^^^^^^^
  7 |
  8 | const categories = [
  9 |   ["Biệt thự", "#biet-thu"],

Ecmascript file had an error @ http://localhost:3100/_next/static/chunks/node_modules_next_dist_1gdrd03._.js:1945
[  488839ms] [ERROR] ./src/app/du-an/page.tsx:6:16
You're importing a module that depends on `useState` into a React Server Component module. This API is only available in Client Components. To fix, mark the file (or its parent) with the `"use client"` directive.
    Learn more: https://nextjs.org/docs/app/api-reference/directives/use-client
  4 | import { MapPin, Search } from "lucide-react";
  5 | import Link from "next/link";
> 6 | import { useMemo, useState } from "react";
    |                ^^^^^^^^
  7 |
  8 | const categories = [
  9 |   ["Biệt thự", "#biet-thu"],

Ecmascript file had an error @ http://localhost:3100/_next/static/chunks/node_modules_next_dist_1gdrd03._.js:1945
[  488900ms] [ERROR] ./src/app/du-an/page.tsx:6:16
You're importing a module that depends on `useState` into a React Server Component module. This API is only available in Client Components. To fix, mark the file (or its parent) with the `"use client"` directive.
    Learn more: https://nextjs.org/docs/app/api-reference/directives/use-client
  4 | import { MapPin, Search } from "lucide-react";
  5 | import Link from "next/link";
> 6 | import { useMemo, useState } from "react";
    |                ^^^^^^^^
  7 |
  8 | const categories = [
  9 |   ["Biệt thự", "#biet-thu"],

Ecmascript file had an error @ http://localhost:3100/_next/static/chunks/node_modules_next_dist_1gdrd03._.js:1945
[  488963ms] [ERROR] ./src/app/du-an/page.tsx:6:16
You're importing a module that depends on `useState` into a React Server Component module. This API is only available in Client Components. To fix, mark the file (or its parent) with the `"use client"` directive.
    Learn more: https://nextjs.org/docs/app/api-reference/directives/use-client
  4 | import { MapPin, Search } from "lucide-react";
  5 | import Link from "next/link";
> 6 | import { useMemo, useState } from "react";
    |                ^^^^^^^^
  7 |
  8 | const categories = [
  9 |   ["Biệt thự", "#biet-thu"],

Ecmascript file had an error @ http://localhost:3100/_next/static/chunks/node_modules_next_dist_1gdrd03._.js:1945
[  489024ms] [ERROR] ./src/app/du-an/page.tsx:6:16
You're importing a module that depends on `useState` into a React Server Component module. This API is only available in Client Components. To fix, mark the file (or its parent) with the `"use client"` directive.
    Learn more: https://nextjs.org/docs/app/api-reference/directives/use-client
  4 | import { MapPin, Search } from "lucide-react";
  5 | import Link from "next/link";
> 6 | import { useMemo, useState } from "react";
    |                ^^^^^^^^
  7 |
  8 | const categories = [
  9 |   ["Biệt thự", "#biet-thu"],

Ecmascript file had an error @ http://localhost:3100/_next/static/chunks/node_modules_next_dist_1gdrd03._.js:1945
[  489086ms] [ERROR] ./src/app/du-an/page.tsx:6:16
You're importing a module that depends on `useState` into a React Server Component module. This API is only available in Client Components. To fix, mark the file (or its parent) with the `"use client"` directive.
    Learn more: https://nextjs.org/docs/app/api-reference/directives/use-client
  4 | import { MapPin, Search } from "lucide-react";
  5 | import Link from "next/link";
> 6 | import { useMemo, useState } from "react";
    |                ^^^^^^^^
  7 |
  8 | const categories = [
  9 |   ["Biệt thự", "#biet-thu"],

Ecmascript file had an error @ http://localhost:3100/_next/static/chunks/node_modules_next_dist_1gdrd03._.js:1945
[  489149ms] [ERROR] ./src/app/du-an/page.tsx:6:16
You're importing a module that depends on `useState` into a React Server Component module. This API is only available in Client Components. To fix, mark the file (or its parent) with the `"use client"` directive.
    Learn more: https://nextjs.org/docs/app/api-reference/directives/use-client
  4 | import { MapPin, Search } from "lucide-react";
  5 | import Link from "next/link";
> 6 | import { useMemo, useState } from "react";
    |                ^^^^^^^^
  7 |
  8 | const categories = [
  9 |   ["Biệt thự", "#biet-thu"],

Ecmascript file had an error @ http://localhost:3100/_next/static/chunks/node_modules_next_dist_1gdrd03._.js:1945
[  489210ms] [ERROR] ./src/app/du-an/page.tsx:6:16
You're importing a module that depends on `useState` into a React Server Component module. This API is only available in Client Components. To fix, mark the file (or its parent) with the `"use client"` directive.
    Learn more: https://nextjs.org/docs/app/api-reference/directives/use-client
  4 | import { MapPin, Search } from "lucide-react";
  5 | import Link from "next/link";
> 6 | import { useMemo, useState } from "react";
    |                ^^^^^^^^
  7 |
  8 | const categories = [
  9 |   ["Biệt thự", "#biet-thu"],

Ecmascript file had an error @ http://localhost:3100/_next/static/chunks/node_modules_next_dist_1gdrd03._.js:1945
[  489272ms] [ERROR] ./src/app/du-an/page.tsx:6:16
You're importing a module that depends on `useState` into a React Server Component module. This API is only available in Client Components. To fix, mark the file (or its parent) with the `"use client"` directive.
    Learn more: https://nextjs.org/docs/app/api-reference/directives/use-client
  4 | import { MapPin, Search } from "lucide-react";
  5 | import Link from "next/link";
> 6 | import { useMemo, useState } from "react";
    |                ^^^^^^^^
  7 |
  8 | const categories = [
  9 |   ["Biệt thự", "#biet-thu"],

Ecmascript file had an error @ http://localhost:3100/_next/static/chunks/node_modules_next_dist_1gdrd03._.js:1945
[  489333ms] [ERROR] ./src/app/du-an/page.tsx:6:16
You're importing a module that depends on `useState` into a React Server Component module. This API is only available in Client Components. To fix, mark the file (or its parent) with the `"use client"` directive.
    Learn more: https://nextjs.org/docs/app/api-reference/directives/use-client
  4 | import { MapPin, Search } from "lucide-react";
  5 | import Link from "next/link";
> 6 | import { useMemo, useState } from "react";
    |                ^^^^^^^^
  7 |
  8 | const categories = [
  9 |   ["Biệt thự", "#biet-thu"],

Ecmascript file had an error @ http://localhost:3100/_next/static/chunks/node_modules_next_dist_1gdrd03._.js:1945
[  489395ms] [ERROR] ./src/app/du-an/page.tsx:6:16
You're importing a module that depends on `useState` into a React Server Component module. This API is only available in Client Components. To fix, mark the file (or its parent) with the `"use client"` directive.
    Learn more: https://nextjs.org/docs/app/api-reference/directives/use-client
  4 | import { MapPin, Search } from "lucide-react";
  5 | import Link from "next/link";
> 6 | import { useMemo, useState } from "react";
    |                ^^^^^^^^
  7 |
  8 | const categories = [
  9 |   ["Biệt thự", "#biet-thu"],

Ecmascript file had an error @ http://localhost:3100/_next/static/chunks/node_modules_next_dist_1gdrd03._.js:1945
[  489458ms] [ERROR] ./src/app/du-an/page.tsx:6:16
You're importing a module that depends on `useState` into a React Server Component module. This API is only available in Client Components. To fix, mark the file (or its parent) with the `"use client"` directive.
    Learn more: https://nextjs.org/docs/app/api-reference/directives/use-client
  4 | import { MapPin, Search } from "lucide-react";
  5 | import Link from "next/link";
> 6 | import { useMemo, useState } from "react";
    |                ^^^^^^^^
  7 |
  8 | const categories = [
  9 |   ["Biệt thự", "#biet-thu"],

Ecmascript file had an error @ http://localhost:3100/_next/static/chunks/node_modules_next_dist_1gdrd03._.js:1945
[  489522ms] [ERROR] ./src/app/du-an/page.tsx:6:16
You're importing a module that depends on `useState` into a React Server Component module. This API is only available in Client Components. To fix, mark the file (or its parent) with the `"use client"` directive.
    Learn more: https://nextjs.org/docs/app/api-reference/directives/use-client
  4 | import { MapPin, Search } from "lucide-react";
  5 | import Link from "next/link";
> 6 | import { useMemo, useState } from "react";
    |                ^^^^^^^^
  7 |
  8 | const categories = [
  9 |   ["Biệt thự", "#biet-thu"],

Ecmascript file had an error @ http://localhost:3100/_next/static/chunks/node_modules_next_dist_1gdrd03._.js:1945
[  489585ms] [ERROR] ./src/app/du-an/page.tsx:6:16
You're importing a module that depends on `useState` into a React Server Component module. This API is only available in Client Components. To fix, mark the file (or its parent) with the `"use client"` directive.
    Learn more: https://nextjs.org/docs/app/api-reference/directives/use-client
  4 | import { MapPin, Search } from "lucide-react";
  5 | import Link from "next/link";
> 6 | import { useMemo, useState } from "react";
    |                ^^^^^^^^
  7 |
  8 | const categories = [
  9 |   ["Biệt thự", "#biet-thu"],

Ecmascript file had an error @ http://localhost:3100/_next/static/chunks/node_modules_next_dist_1gdrd03._.js:1945
[  489646ms] [ERROR] ./src/app/du-an/page.tsx:6:16
You're importing a module that depends on `useState` into a React Server Component module. This API is only available in Client Components. To fix, mark the file (or its parent) with the `"use client"` directive.
    Learn more: https://nextjs.org/docs/app/api-reference/directives/use-client
  4 | import { MapPin, Search } from "lucide-react";
  5 | import Link from "next/link";
> 6 | import { useMemo, useState } from "react";
    |                ^^^^^^^^
  7 |
  8 | const categories = [
  9 |   ["Biệt thự", "#biet-thu"],

Ecmascript file had an error @ http://localhost:3100/_next/static/chunks/node_modules_next_dist_1gdrd03._.js:1945
[  489709ms] [ERROR] ./src/app/du-an/page.tsx:6:16
You're importing a module that depends on `useState` into a React Server Component module. This API is only available in Client Components. To fix, mark the file (or its parent) with the `"use client"` directive.
    Learn more: https://nextjs.org/docs/app/api-reference/directives/use-client
  4 | import { MapPin, Search } from "lucide-react";
  5 | import Link from "next/link";
> 6 | import { useMemo, useState } from "react";
    |                ^^^^^^^^
  7 |
  8 | const categories = [
  9 |   ["Biệt thự", "#biet-thu"],

Ecmascript file had an error @ http://localhost:3100/_next/static/chunks/node_modules_next_dist_1gdrd03._.js:1945
[  489773ms] [ERROR] ./src/app/du-an/page.tsx:6:16
You're importing a module that depends on `useState` into a React Server Component module. This API is only available in Client Components. To fix, mark the file (or its parent) with the `"use client"` directive.
    Learn more: https://nextjs.org/docs/app/api-reference/directives/use-client
  4 | import { MapPin, Search } from "lucide-react";
  5 | import Link from "next/link";
> 6 | import { useMemo, useState } from "react";
    |                ^^^^^^^^
  7 |
  8 | const categories = [
  9 |   ["Biệt thự", "#biet-thu"],

Ecmascript file had an error @ http://localhost:3100/_next/static/chunks/node_modules_next_dist_1gdrd03._.js:1945
[  489833ms] [ERROR] ./src/app/du-an/page.tsx:6:16
You're importing a module that depends on `useState` into a React Server Component module. This API is only available in Client Components. To fix, mark the file (or its parent) with the `"use client"` directive.
    Learn more: https://nextjs.org/docs/app/api-reference/directives/use-client
  4 | import { MapPin, Search } from "lucide-react";
  5 | import Link from "next/link";
> 6 | import { useMemo, useState } from "react";
    |                ^^^^^^^^
  7 |
  8 | const categories = [
  9 |   ["Biệt thự", "#biet-thu"],

Ecmascript file had an error @ http://localhost:3100/_next/static/chunks/node_modules_next_dist_1gdrd03._.js:1945
[  489895ms] [ERROR] ./src/app/du-an/page.tsx:6:16
You're importing a module that depends on `useState` into a React Server Component module. This API is only available in Client Components. To fix, mark the file (or its parent) with the `"use client"` directive.
    Learn more: https://nextjs.org/docs/app/api-reference/directives/use-client
  4 | import { MapPin, Search } from "lucide-react";
  5 | import Link from "next/link";
> 6 | import { useMemo, useState } from "react";
    |                ^^^^^^^^
  7 |
  8 | const categories = [
  9 |   ["Biệt thự", "#biet-thu"],

Ecmascript file had an error @ http://localhost:3100/_next/static/chunks/node_modules_next_dist_1gdrd03._.js:1945
[  489958ms] [ERROR] ./src/app/du-an/page.tsx:6:16
You're importing a module that depends on `useState` into a React Server Component module. This API is only available in Client Components. To fix, mark the file (or its parent) with the `"use client"` directive.
    Learn more: https://nextjs.org/docs/app/api-reference/directives/use-client
  4 | import { MapPin, Search } from "lucide-react";
  5 | import Link from "next/link";
> 6 | import { useMemo, useState } from "react";
    |                ^^^^^^^^
  7 |
  8 | const categories = [
  9 |   ["Biệt thự", "#biet-thu"],

Ecmascript file had an error @ http://localhost:3100/_next/static/chunks/node_modules_next_dist_1gdrd03._.js:1945
[  490021ms] [ERROR] ./src/app/du-an/page.tsx:6:16
You're importing a module that depends on `useState` into a React Server Component module. This API is only available in Client Components. To fix, mark the file (or its parent) with the `"use client"` directive.
    Learn more: https://nextjs.org/docs/app/api-reference/directives/use-client
  4 | import { MapPin, Search } from "lucide-react";
  5 | import Link from "next/link";
> 6 | import { useMemo, useState } from "react";
    |                ^^^^^^^^
  7 |
  8 | const categories = [
  9 |   ["Biệt thự", "#biet-thu"],

Ecmascript file had an error @ http://localhost:3100/_next/static/chunks/node_modules_next_dist_1gdrd03._.js:1945
[  490083ms] [ERROR] ./src/app/du-an/page.tsx:6:16
You're importing a module that depends on `useState` into a React Server Component module. This API is only available in Client Components. To fix, mark the file (or its parent) with the `"use client"` directive.
    Learn more: https://nextjs.org/docs/app/api-reference/directives/use-client
  4 | import { MapPin, Search } from "lucide-react";
  5 | import Link from "next/link";
> 6 | import { useMemo, useState } from "react";
    |                ^^^^^^^^
  7 |
  8 | const categories = [
  9 |   ["Biệt thự", "#biet-thu"],

Ecmascript file had an error @ http://localhost:3100/_next/static/chunks/node_modules_next_dist_1gdrd03._.js:1945
[  490146ms] [ERROR] ./src/app/du-an/page.tsx:6:16
You're importing a module that depends on `useState` into a React Server Component module. This API is only available in Client Components. To fix, mark the file (or its parent) with the `"use client"` directive.
    Learn more: https://nextjs.org/docs/app/api-reference/directives/use-client
  4 | import { MapPin, Search } from "lucide-react";
  5 | import Link from "next/link";
> 6 | import { useMemo, useState } from "react";
    |                ^^^^^^^^
  7 |
  8 | const categories = [
  9 |   ["Biệt thự", "#biet-thu"],

Ecmascript file had an error @ http://localhost:3100/_next/static/chunks/node_modules_next_dist_1gdrd03._.js:1945
[  490208ms] [ERROR] ./src/app/du-an/page.tsx:6:16
You're importing a module that depends on `useState` into a React Server Component module. This API is only available in Client Components. To fix, mark the file (or its parent) with the `"use client"` directive.
    Learn more: https://nextjs.org/docs/app/api-reference/directives/use-client
  4 | import { MapPin, Search } from "lucide-react";
  5 | import Link from "next/link";
> 6 | import { useMemo, useState } from "react";
    |                ^^^^^^^^
  7 |
  8 | const categories = [
  9 |   ["Biệt thự", "#biet-thu"],

Ecmascript file had an error @ http://localhost:3100/_next/static/chunks/node_modules_next_dist_1gdrd03._.js:1945
[  490270ms] [ERROR] ./src/app/du-an/page.tsx:6:16
You're importing a module that depends on `useState` into a React Server Component module. This API is only available in Client Components. To fix, mark the file (or its parent) with the `"use client"` directive.
    Learn more: https://nextjs.org/docs/app/api-reference/directives/use-client
  4 | import { MapPin, Search } from "lucide-react";
  5 | import Link from "next/link";
> 6 | import { useMemo, useState } from "react";
    |                ^^^^^^^^
  7 |
  8 | const categories = [
  9 |   ["Biệt thự", "#biet-thu"],

Ecmascript file had an error @ http://localhost:3100/_next/static/chunks/node_modules_next_dist_1gdrd03._.js:1945
[  490333ms] [ERROR] ./src/app/du-an/page.tsx:6:16
You're importing a module that depends on `useState` into a React Server Component module. This API is only available in Client Components. To fix, mark the file (or its parent) with the `"use client"` directive.
    Learn more: https://nextjs.org/docs/app/api-reference/directives/use-client
  4 | import { MapPin, Search } from "lucide-react";
  5 | import Link from "next/link";
> 6 | import { useMemo, useState } from "react";
    |                ^^^^^^^^
  7 |
  8 | const categories = [
  9 |   ["Biệt thự", "#biet-thu"],

Ecmascript file had an error @ http://localhost:3100/_next/static/chunks/node_modules_next_dist_1gdrd03._.js:1945
[  490393ms] [ERROR] ./src/app/du-an/page.tsx:6:16
You're importing a module that depends on `useState` into a React Server Component module. This API is only available in Client Components. To fix, mark the file (or its parent) with the `"use client"` directive.
    Learn more: https://nextjs.org/docs/app/api-reference/directives/use-client
  4 | import { MapPin, Search } from "lucide-react";
  5 | import Link from "next/link";
> 6 | import { useMemo, useState } from "react";
    |                ^^^^^^^^
  7 |
  8 | const categories = [
  9 |   ["Biệt thự", "#biet-thu"],

Ecmascript file had an error @ http://localhost:3100/_next/static/chunks/node_modules_next_dist_1gdrd03._.js:1945
[  490456ms] [ERROR] ./src/app/du-an/page.tsx:6:16
You're importing a module that depends on `useState` into a React Server Component module. This API is only available in Client Components. To fix, mark the file (or its parent) with the `"use client"` directive.
    Learn more: https://nextjs.org/docs/app/api-reference/directives/use-client
  4 | import { MapPin, Search } from "lucide-react";
  5 | import Link from "next/link";
> 6 | import { useMemo, useState } from "react";
    |                ^^^^^^^^
  7 |
  8 | const categories = [
  9 |   ["Biệt thự", "#biet-thu"],

Ecmascript file had an error @ http://localhost:3100/_next/static/chunks/node_modules_next_dist_1gdrd03._.js:1945
[  490517ms] [ERROR] ./src/app/du-an/page.tsx:6:16
You're importing a module that depends on `useState` into a React Server Component module. This API is only available in Client Components. To fix, mark the file (or its parent) with the `"use client"` directive.
    Learn more: https://nextjs.org/docs/app/api-reference/directives/use-client
  4 | import { MapPin, Search } from "lucide-react";
  5 | import Link from "next/link";
> 6 | import { useMemo, useState } from "react";
    |                ^^^^^^^^
  7 |
  8 | const categories = [
  9 |   ["Biệt thự", "#biet-thu"],

Ecmascript file had an error @ http://localhost:3100/_next/static/chunks/node_modules_next_dist_1gdrd03._.js:1945
[  490579ms] [ERROR] ./src/app/du-an/page.tsx:6:16
You're importing a module that depends on `useState` into a React Server Component module. This API is only available in Client Components. To fix, mark the file (or its parent) with the `"use client"` directive.
    Learn more: https://nextjs.org/docs/app/api-reference/directives/use-client
  4 | import { MapPin, Search } from "lucide-react";
  5 | import Link from "next/link";
> 6 | import { useMemo, useState } from "react";
    |                ^^^^^^^^
  7 |
  8 | const categories = [
  9 |   ["Biệt thự", "#biet-thu"],

Ecmascript file had an error @ http://localhost:3100/_next/static/chunks/node_modules_next_dist_1gdrd03._.js:1945
[  490641ms] [ERROR] ./src/app/du-an/page.tsx:6:16
You're importing a module that depends on `useState` into a React Server Component module. This API is only available in Client Components. To fix, mark the file (or its parent) with the `"use client"` directive.
    Learn more: https://nextjs.org/docs/app/api-reference/directives/use-client
  4 | import { MapPin, Search } from "lucide-react";
  5 | import Link from "next/link";
> 6 | import { useMemo, useState } from "react";
    |                ^^^^^^^^
  7 |
  8 | const categories = [
  9 |   ["Biệt thự", "#biet-thu"],

Ecmascript file had an error @ http://localhost:3100/_next/static/chunks/node_modules_next_dist_1gdrd03._.js:1945
[  490703ms] [ERROR] ./src/app/du-an/page.tsx:6:16
You're importing a module that depends on `useState` into a React Server Component module. This API is only available in Client Components. To fix, mark the file (or its parent) with the `"use client"` directive.
    Learn more: https://nextjs.org/docs/app/api-reference/directives/use-client
  4 | import { MapPin, Search } from "lucide-react";
  5 | import Link from "next/link";
> 6 | import { useMemo, useState } from "react";
    |                ^^^^^^^^
  7 |
  8 | const categories = [
  9 |   ["Biệt thự", "#biet-thu"],

Ecmascript file had an error @ http://localhost:3100/_next/static/chunks/node_modules_next_dist_1gdrd03._.js:1945
[  490765ms] [ERROR] ./src/app/du-an/page.tsx:6:16
You're importing a module that depends on `useState` into a React Server Component module. This API is only available in Client Components. To fix, mark the file (or its parent) with the `"use client"` directive.
    Learn more: https://nextjs.org/docs/app/api-reference/directives/use-client
  4 | import { MapPin, Search } from "lucide-react";
  5 | import Link from "next/link";
> 6 | import { useMemo, useState } from "react";
    |                ^^^^^^^^
  7 |
  8 | const categories = [
  9 |   ["Biệt thự", "#biet-thu"],

Ecmascript file had an error @ http://localhost:3100/_next/static/chunks/node_modules_next_dist_1gdrd03._.js:1945
[  490827ms] [ERROR] ./src/app/du-an/page.tsx:6:16
You're importing a module that depends on `useState` into a React Server Component module. This API is only available in Client Components. To fix, mark the file (or its parent) with the `"use client"` directive.
    Learn more: https://nextjs.org/docs/app/api-reference/directives/use-client
  4 | import { MapPin, Search } from "lucide-react";
  5 | import Link from "next/link";
> 6 | import { useMemo, useState } from "react";
    |                ^^^^^^^^
  7 |
  8 | const categories = [
  9 |   ["Biệt thự", "#biet-thu"],

Ecmascript file had an error @ http://localhost:3100/_next/static/chunks/node_modules_next_dist_1gdrd03._.js:1945
[  490890ms] [ERROR] ./src/app/du-an/page.tsx:6:16
You're importing a module that depends on `useState` into a React Server Component module. This API is only available in Client Components. To fix, mark the file (or its parent) with the `"use client"` directive.
    Learn more: https://nextjs.org/docs/app/api-reference/directives/use-client
  4 | import { MapPin, Search } from "lucide-react";
  5 | import Link from "next/link";
> 6 | import { useMemo, useState } from "react";
    |                ^^^^^^^^
  7 |
  8 | const categories = [
  9 |   ["Biệt thự", "#biet-thu"],

Ecmascript file had an error @ http://localhost:3100/_next/static/chunks/node_modules_next_dist_1gdrd03._.js:1945
[  490953ms] [ERROR] ./src/app/du-an/page.tsx:6:16
You're importing a module that depends on `useState` into a React Server Component module. This API is only available in Client Components. To fix, mark the file (or its parent) with the `"use client"` directive.
    Learn more: https://nextjs.org/docs/app/api-reference/directives/use-client
  4 | import { MapPin, Search } from "lucide-react";
  5 | import Link from "next/link";
> 6 | import { useMemo, useState } from "react";
    |                ^^^^^^^^
  7 |
  8 | const categories = [
  9 |   ["Biệt thự", "#biet-thu"],

Ecmascript file had an error @ http://localhost:3100/_next/static/chunks/node_modules_next_dist_1gdrd03._.js:1945
[  491014ms] [ERROR] ./src/app/du-an/page.tsx:6:16
You're importing a module that depends on `useState` into a React Server Component module. This API is only available in Client Components. To fix, mark the file (or its parent) with the `"use client"` directive.
    Learn more: https://nextjs.org/docs/app/api-reference/directives/use-client
  4 | import { MapPin, Search } from "lucide-react";
  5 | import Link from "next/link";
> 6 | import { useMemo, useState } from "react";
    |                ^^^^^^^^
  7 |
  8 | const categories = [
  9 |   ["Biệt thự", "#biet-thu"],

Ecmascript file had an error @ http://localhost:3100/_next/static/chunks/node_modules_next_dist_1gdrd03._.js:1945
[  491076ms] [ERROR] ./src/app/du-an/page.tsx:6:16
You're importing a module that depends on `useState` into a React Server Component module. This API is only available in Client Components. To fix, mark the file (or its parent) with the `"use client"` directive.
    Learn more: https://nextjs.org/docs/app/api-reference/directives/use-client
  4 | import { MapPin, Search } from "lucide-react";
  5 | import Link from "next/link";
> 6 | import { useMemo, useState } from "react";
    |                ^^^^^^^^
  7 |
  8 | const categories = [
  9 |   ["Biệt thự", "#biet-thu"],

Ecmascript file had an error @ http://localhost:3100/_next/static/chunks/node_modules_next_dist_1gdrd03._.js:1945
[  491138ms] [ERROR] ./src/app/du-an/page.tsx:6:16
You're importing a module that depends on `useState` into a React Server Component module. This API is only available in Client Components. To fix, mark the file (or its parent) with the `"use client"` directive.
    Learn more: https://nextjs.org/docs/app/api-reference/directives/use-client
  4 | import { MapPin, Search } from "lucide-react";
  5 | import Link from "next/link";
> 6 | import { useMemo, useState } from "react";
    |                ^^^^^^^^
  7 |
  8 | const categories = [
  9 |   ["Biệt thự", "#biet-thu"],

Ecmascript file had an error @ http://localhost:3100/_next/static/chunks/node_modules_next_dist_1gdrd03._.js:1945
[  491201ms] [ERROR] ./src/app/du-an/page.tsx:6:16
You're importing a module that depends on `useState` into a React Server Component module. This API is only available in Client Components. To fix, mark the file (or its parent) with the `"use client"` directive.
    Learn more: https://nextjs.org/docs/app/api-reference/directives/use-client
  4 | import { MapPin, Search } from "lucide-react";
  5 | import Link from "next/link";
> 6 | import { useMemo, useState } from "react";
    |                ^^^^^^^^
  7 |
  8 | const categories = [
  9 |   ["Biệt thự", "#biet-thu"],

Ecmascript file had an error @ http://localhost:3100/_next/static/chunks/node_modules_next_dist_1gdrd03._.js:1945
[  491263ms] [ERROR] ./src/app/du-an/page.tsx:6:16
You're importing a module that depends on `useState` into a React Server Component module. This API is only available in Client Components. To fix, mark the file (or its parent) with the `"use client"` directive.
    Learn more: https://nextjs.org/docs/app/api-reference/directives/use-client
  4 | import { MapPin, Search } from "lucide-react";
  5 | import Link from "next/link";
> 6 | import { useMemo, useState } from "react";
    |                ^^^^^^^^
  7 |
  8 | const categories = [
  9 |   ["Biệt thự", "#biet-thu"],

Ecmascript file had an error @ http://localhost:3100/_next/static/chunks/node_modules_next_dist_1gdrd03._.js:1945
[  491325ms] [ERROR] ./src/app/du-an/page.tsx:6:16
You're importing a module that depends on `useState` into a React Server Component module. This API is only available in Client Components. To fix, mark the file (or its parent) with the `"use client"` directive.
    Learn more: https://nextjs.org/docs/app/api-reference/directives/use-client
  4 | import { MapPin, Search } from "lucide-react";
  5 | import Link from "next/link";
> 6 | import { useMemo, useState } from "react";
    |                ^^^^^^^^
  7 |
  8 | const categories = [
  9 |   ["Biệt thự", "#biet-thu"],

Ecmascript file had an error @ http://localhost:3100/_next/static/chunks/node_modules_next_dist_1gdrd03._.js:1945
[  491386ms] [ERROR] ./src/app/du-an/page.tsx:6:16
You're importing a module that depends on `useState` into a React Server Component module. This API is only available in Client Components. To fix, mark the file (or its parent) with the `"use client"` directive.
    Learn more: https://nextjs.org/docs/app/api-reference/directives/use-client
  4 | import { MapPin, Search } from "lucide-react";
  5 | import Link from "next/link";
> 6 | import { useMemo, useState } from "react";
    |                ^^^^^^^^
  7 |
  8 | const categories = [
  9 |   ["Biệt thự", "#biet-thu"],

Ecmascript file had an error @ http://localhost:3100/_next/static/chunks/node_modules_next_dist_1gdrd03._.js:1945
[  491448ms] [ERROR] ./src/app/du-an/page.tsx:6:16
You're importing a module that depends on `useState` into a React Server Component module. This API is only available in Client Components. To fix, mark the file (or its parent) with the `"use client"` directive.
    Learn more: https://nextjs.org/docs/app/api-reference/directives/use-client
  4 | import { MapPin, Search } from "lucide-react";
  5 | import Link from "next/link";
> 6 | import { useMemo, useState } from "react";
    |                ^^^^^^^^
  7 |
  8 | const categories = [
  9 |   ["Biệt thự", "#biet-thu"],

Ecmascript file had an error @ http://localhost:3100/_next/static/chunks/node_modules_next_dist_1gdrd03._.js:1945
[  491510ms] [ERROR] ./src/app/du-an/page.tsx:6:16
You're importing a module that depends on `useState` into a React Server Component module. This API is only available in Client Components. To fix, mark the file (or its parent) with the `"use client"` directive.
    Learn more: https://nextjs.org/docs/app/api-reference/directives/use-client
  4 | import { MapPin, Search } from "lucide-react";
  5 | import Link from "next/link";
> 6 | import { useMemo, useState } from "react";
    |                ^^^^^^^^
  7 |
  8 | const categories = [
  9 |   ["Biệt thự", "#biet-thu"],

Ecmascript file had an error @ http://localhost:3100/_next/static/chunks/node_modules_next_dist_1gdrd03._.js:1945
[  491572ms] [ERROR] ./src/app/du-an/page.tsx:6:16
You're importing a module that depends on `useState` into a React Server Component module. This API is only available in Client Components. To fix, mark the file (or its parent) with the `"use client"` directive.
    Learn more: https://nextjs.org/docs/app/api-reference/directives/use-client
  4 | import { MapPin, Search } from "lucide-react";
  5 | import Link from "next/link";
> 6 | import { useMemo, useState } from "react";
    |                ^^^^^^^^
  7 |
  8 | const categories = [
  9 |   ["Biệt thự", "#biet-thu"],

Ecmascript file had an error @ http://localhost:3100/_next/static/chunks/node_modules_next_dist_1gdrd03._.js:1945
[  491635ms] [ERROR] ./src/app/du-an/page.tsx:6:16
You're importing a module that depends on `useState` into a React Server Component module. This API is only available in Client Components. To fix, mark the file (or its parent) with the `"use client"` directive.
    Learn more: https://nextjs.org/docs/app/api-reference/directives/use-client
  4 | import { MapPin, Search } from "lucide-react";
  5 | import Link from "next/link";
> 6 | import { useMemo, useState } from "react";
    |                ^^^^^^^^
  7 |
  8 | const categories = [
  9 |   ["Biệt thự", "#biet-thu"],

Ecmascript file had an error @ http://localhost:3100/_next/static/chunks/node_modules_next_dist_1gdrd03._.js:1945
[  491698ms] [ERROR] ./src/app/du-an/page.tsx:6:16
You're importing a module that depends on `useState` into a React Server Component module. This API is only available in Client Components. To fix, mark the file (or its parent) with the `"use client"` directive.
    Learn more: https://nextjs.org/docs/app/api-reference/directives/use-client
  4 | import { MapPin, Search } from "lucide-react";
  5 | import Link from "next/link";
> 6 | import { useMemo, useState } from "react";
    |                ^^^^^^^^
  7 |
  8 | const categories = [
  9 |   ["Biệt thự", "#biet-thu"],

Ecmascript file had an error @ http://localhost:3100/_next/static/chunks/node_modules_next_dist_1gdrd03._.js:1945
[  491760ms] [ERROR] ./src/app/du-an/page.tsx:6:16
You're importing a module that depends on `useState` into a React Server Component module. This API is only available in Client Components. To fix, mark the file (or its parent) with the `"use client"` directive.
    Learn more: https://nextjs.org/docs/app/api-reference/directives/use-client
  4 | import { MapPin, Search } from "lucide-react";
  5 | import Link from "next/link";
> 6 | import { useMemo, useState } from "react";
    |                ^^^^^^^^
  7 |
  8 | const categories = [
  9 |   ["Biệt thự", "#biet-thu"],

Ecmascript file had an error @ http://localhost:3100/_next/static/chunks/node_modules_next_dist_1gdrd03._.js:1945
[  491822ms] [ERROR] ./src/app/du-an/page.tsx:6:16
You're importing a module that depends on `useState` into a React Server Component module. This API is only available in Client Components. To fix, mark the file (or its parent) with the `"use client"` directive.
    Learn more: https://nextjs.org/docs/app/api-reference/directives/use-client
  4 | import { MapPin, Search } from "lucide-react";
  5 | import Link from "next/link";
> 6 | import { useMemo, useState } from "react";
    |                ^^^^^^^^
  7 |
  8 | const categories = [
  9 |   ["Biệt thự", "#biet-thu"],

Ecmascript file had an error @ http://localhost:3100/_next/static/chunks/node_modules_next_dist_1gdrd03._.js:1945
[  491884ms] [ERROR] ./src/app/du-an/page.tsx:6:16
You're importing a module that depends on `useState` into a React Server Component module. This API is only available in Client Components. To fix, mark the file (or its parent) with the `"use client"` directive.
    Learn more: https://nextjs.org/docs/app/api-reference/directives/use-client
  4 | import { MapPin, Search } from "lucide-react";
  5 | import Link from "next/link";
> 6 | import { useMemo, useState } from "react";
    |                ^^^^^^^^
  7 |
  8 | const categories = [
  9 |   ["Biệt thự", "#biet-thu"],

Ecmascript file had an error @ http://localhost:3100/_next/static/chunks/node_modules_next_dist_1gdrd03._.js:1945
[  491947ms] [ERROR] ./src/app/du-an/page.tsx:6:16
You're importing a module that depends on `useState` into a React Server Component module. This API is only available in Client Components. To fix, mark the file (or its parent) with the `"use client"` directive.
    Learn more: https://nextjs.org/docs/app/api-reference/directives/use-client
  4 | import { MapPin, Search } from "lucide-react";
  5 | import Link from "next/link";
> 6 | import { useMemo, useState } from "react";
    |                ^^^^^^^^
  7 |
  8 | const categories = [
  9 |   ["Biệt thự", "#biet-thu"],

Ecmascript file had an error @ http://localhost:3100/_next/static/chunks/node_modules_next_dist_1gdrd03._.js:1945
[  492011ms] [ERROR] ./src/app/du-an/page.tsx:6:16
You're importing a module that depends on `useState` into a React Server Component module. This API is only available in Client Components. To fix, mark the file (or its parent) with the `"use client"` directive.
    Learn more: https://nextjs.org/docs/app/api-reference/directives/use-client
  4 | import { MapPin, Search } from "lucide-react";
  5 | import Link from "next/link";
> 6 | import { useMemo, useState } from "react";
    |                ^^^^^^^^
  7 |
  8 | const categories = [
  9 |   ["Biệt thự", "#biet-thu"],

Ecmascript file had an error @ http://localhost:3100/_next/static/chunks/node_modules_next_dist_1gdrd03._.js:1945
[  492073ms] [ERROR] ./src/app/du-an/page.tsx:6:16
You're importing a module that depends on `useState` into a React Server Component module. This API is only available in Client Components. To fix, mark the file (or its parent) with the `"use client"` directive.
    Learn more: https://nextjs.org/docs/app/api-reference/directives/use-client
  4 | import { MapPin, Search } from "lucide-react";
  5 | import Link from "next/link";
> 6 | import { useMemo, useState } from "react";
    |                ^^^^^^^^
  7 |
  8 | const categories = [
  9 |   ["Biệt thự", "#biet-thu"],

Ecmascript file had an error @ http://localhost:3100/_next/static/chunks/node_modules_next_dist_1gdrd03._.js:1945
[  492137ms] [ERROR] ./src/app/du-an/page.tsx:6:16
You're importing a module that depends on `useState` into a React Server Component module. This API is only available in Client Components. To fix, mark the file (or its parent) with the `"use client"` directive.
    Learn more: https://nextjs.org/docs/app/api-reference/directives/use-client
  4 | import { MapPin, Search } from "lucide-react";
  5 | import Link from "next/link";
> 6 | import { useMemo, useState } from "react";
    |                ^^^^^^^^
  7 |
  8 | const categories = [
  9 |   ["Biệt thự", "#biet-thu"],

Ecmascript file had an error @ http://localhost:3100/_next/static/chunks/node_modules_next_dist_1gdrd03._.js:1945
[  492200ms] [ERROR] ./src/app/du-an/page.tsx:6:16
You're importing a module that depends on `useState` into a React Server Component module. This API is only available in Client Components. To fix, mark the file (or its parent) with the `"use client"` directive.
    Learn more: https://nextjs.org/docs/app/api-reference/directives/use-client
  4 | import { MapPin, Search } from "lucide-react";
  5 | import Link from "next/link";
> 6 | import { useMemo, useState } from "react";
    |                ^^^^^^^^
  7 |
  8 | const categories = [
  9 |   ["Biệt thự", "#biet-thu"],

Ecmascript file had an error @ http://localhost:3100/_next/static/chunks/node_modules_next_dist_1gdrd03._.js:1945
[  492264ms] [ERROR] ./src/app/du-an/page.tsx:6:16
You're importing a module that depends on `useState` into a React Server Component module. This API is only available in Client Components. To fix, mark the file (or its parent) with the `"use client"` directive.
    Learn more: https://nextjs.org/docs/app/api-reference/directives/use-client
  4 | import { MapPin, Search } from "lucide-react";
  5 | import Link from "next/link";
> 6 | import { useMemo, useState } from "react";
    |                ^^^^^^^^
  7 |
  8 | const categories = [
  9 |   ["Biệt thự", "#biet-thu"],

Ecmascript file had an error @ http://localhost:3100/_next/static/chunks/node_modules_next_dist_1gdrd03._.js:1945
[  492327ms] [ERROR] ./src/app/du-an/page.tsx:6:16
You're importing a module that depends on `useState` into a React Server Component module. This API is only available in Client Components. To fix, mark the file (or its parent) with the `"use client"` directive.
    Learn more: https://nextjs.org/docs/app/api-reference/directives/use-client
  4 | import { MapPin, Search } from "lucide-react";
  5 | import Link from "next/link";
> 6 | import { useMemo, useState } from "react";
    |                ^^^^^^^^
  7 |
  8 | const categories = [
  9 |   ["Biệt thự", "#biet-thu"],

Ecmascript file had an error @ http://localhost:3100/_next/static/chunks/node_modules_next_dist_1gdrd03._.js:1945
[  492388ms] [ERROR] ./src/app/du-an/page.tsx:6:16
You're importing a module that depends on `useState` into a React Server Component module. This API is only available in Client Components. To fix, mark the file (or its parent) with the `"use client"` directive.
    Learn more: https://nextjs.org/docs/app/api-reference/directives/use-client
  4 | import { MapPin, Search } from "lucide-react";
  5 | import Link from "next/link";
> 6 | import { useMemo, useState } from "react";
    |                ^^^^^^^^
  7 |
  8 | const categories = [
  9 |   ["Biệt thự", "#biet-thu"],

Ecmascript file had an error @ http://localhost:3100/_next/static/chunks/node_modules_next_dist_1gdrd03._.js:1945
[  492451ms] [ERROR] ./src/app/du-an/page.tsx:6:16
You're importing a module that depends on `useState` into a React Server Component module. This API is only available in Client Components. To fix, mark the file (or its parent) with the `"use client"` directive.
    Learn more: https://nextjs.org/docs/app/api-reference/directives/use-client
  4 | import { MapPin, Search } from "lucide-react";
  5 | import Link from "next/link";
> 6 | import { useMemo, useState } from "react";
    |                ^^^^^^^^
  7 |
  8 | const categories = [
  9 |   ["Biệt thự", "#biet-thu"],

Ecmascript file had an error @ http://localhost:3100/_next/static/chunks/node_modules_next_dist_1gdrd03._.js:1945
[  492513ms] [ERROR] ./src/app/du-an/page.tsx:6:16
You're importing a module that depends on `useState` into a React Server Component module. This API is only available in Client Components. To fix, mark the file (or its parent) with the `"use client"` directive.
    Learn more: https://nextjs.org/docs/app/api-reference/directives/use-client
  4 | import { MapPin, Search } from "lucide-react";
  5 | import Link from "next/link";
> 6 | import { useMemo, useState } from "react";
    |                ^^^^^^^^
  7 |
  8 | const categories = [
  9 |   ["Biệt thự", "#biet-thu"],

Ecmascript file had an error @ http://localhost:3100/_next/static/chunks/node_modules_next_dist_1gdrd03._.js:1945
[  492575ms] [ERROR] ./src/app/du-an/page.tsx:6:16
You're importing a module that depends on `useState` into a React Server Component module. This API is only available in Client Components. To fix, mark the file (or its parent) with the `"use client"` directive.
    Learn more: https://nextjs.org/docs/app/api-reference/directives/use-client
  4 | import { MapPin, Search } from "lucide-react";
  5 | import Link from "next/link";
> 6 | import { useMemo, useState } from "react";
    |                ^^^^^^^^
  7 |
  8 | const categories = [
  9 |   ["Biệt thự", "#biet-thu"],

Ecmascript file had an error @ http://localhost:3100/_next/static/chunks/node_modules_next_dist_1gdrd03._.js:1945
[  492637ms] [ERROR] ./src/app/du-an/page.tsx:6:16
You're importing a module that depends on `useState` into a React Server Component module. This API is only available in Client Components. To fix, mark the file (or its parent) with the `"use client"` directive.
    Learn more: https://nextjs.org/docs/app/api-reference/directives/use-client
  4 | import { MapPin, Search } from "lucide-react";
  5 | import Link from "next/link";
> 6 | import { useMemo, useState } from "react";
    |                ^^^^^^^^
  7 |
  8 | const categories = [
  9 |   ["Biệt thự", "#biet-thu"],

Ecmascript file had an error @ http://localhost:3100/_next/static/chunks/node_modules_next_dist_1gdrd03._.js:1945
[  492701ms] [ERROR] ./src/app/du-an/page.tsx:6:16
You're importing a module that depends on `useState` into a React Server Component module. This API is only available in Client Components. To fix, mark the file (or its parent) with the `"use client"` directive.
    Learn more: https://nextjs.org/docs/app/api-reference/directives/use-client
  4 | import { MapPin, Search } from "lucide-react";
  5 | import Link from "next/link";
> 6 | import { useMemo, useState } from "react";
    |                ^^^^^^^^
  7 |
  8 | const categories = [
  9 |   ["Biệt thự", "#biet-thu"],

Ecmascript file had an error @ http://localhost:3100/_next/static/chunks/node_modules_next_dist_1gdrd03._.js:1945
[  492763ms] [ERROR] ./src/app/du-an/page.tsx:6:16
You're importing a module that depends on `useState` into a React Server Component module. This API is only available in Client Components. To fix, mark the file (or its parent) with the `"use client"` directive.
    Learn more: https://nextjs.org/docs/app/api-reference/directives/use-client
  4 | import { MapPin, Search } from "lucide-react";
  5 | import Link from "next/link";
> 6 | import { useMemo, useState } from "react";
    |                ^^^^^^^^
  7 |
  8 | const categories = [
  9 |   ["Biệt thự", "#biet-thu"],

Ecmascript file had an error @ http://localhost:3100/_next/static/chunks/node_modules_next_dist_1gdrd03._.js:1945
[  492825ms] [ERROR] ./src/app/du-an/page.tsx:6:16
You're importing a module that depends on `useState` into a React Server Component module. This API is only available in Client Components. To fix, mark the file (or its parent) with the `"use client"` directive.
    Learn more: https://nextjs.org/docs/app/api-reference/directives/use-client
  4 | import { MapPin, Search } from "lucide-react";
  5 | import Link from "next/link";
> 6 | import { useMemo, useState } from "react";
    |                ^^^^^^^^
  7 |
  8 | const categories = [
  9 |   ["Biệt thự", "#biet-thu"],

Ecmascript file had an error @ http://localhost:3100/_next/static/chunks/node_modules_next_dist_1gdrd03._.js:1945
[  492888ms] [ERROR] ./src/app/du-an/page.tsx:6:16
You're importing a module that depends on `useState` into a React Server Component module. This API is only available in Client Components. To fix, mark the file (or its parent) with the `"use client"` directive.
    Learn more: https://nextjs.org/docs/app/api-reference/directives/use-client
  4 | import { MapPin, Search } from "lucide-react";
  5 | import Link from "next/link";
> 6 | import { useMemo, useState } from "react";
    |                ^^^^^^^^
  7 |
  8 | const categories = [
  9 |   ["Biệt thự", "#biet-thu"],

Ecmascript file had an error @ http://localhost:3100/_next/static/chunks/node_modules_next_dist_1gdrd03._.js:1945
[  492952ms] [ERROR] ./src/app/du-an/page.tsx:6:16
You're importing a module that depends on `useState` into a React Server Component module. This API is only available in Client Components. To fix, mark the file (or its parent) with the `"use client"` directive.
    Learn more: https://nextjs.org/docs/app/api-reference/directives/use-client
  4 | import { MapPin, Search } from "lucide-react";
  5 | import Link from "next/link";
> 6 | import { useMemo, useState } from "react";
    |                ^^^^^^^^
  7 |
  8 | const categories = [
  9 |   ["Biệt thự", "#biet-thu"],

Ecmascript file had an error @ http://localhost:3100/_next/static/chunks/node_modules_next_dist_1gdrd03._.js:1945
[  493016ms] [ERROR] ./src/app/du-an/page.tsx:6:16
You're importing a module that depends on `useState` into a React Server Component module. This API is only available in Client Components. To fix, mark the file (or its parent) with the `"use client"` directive.
    Learn more: https://nextjs.org/docs/app/api-reference/directives/use-client
  4 | import { MapPin, Search } from "lucide-react";
  5 | import Link from "next/link";
> 6 | import { useMemo, useState } from "react";
    |                ^^^^^^^^
  7 |
  8 | const categories = [
  9 |   ["Biệt thự", "#biet-thu"],

Ecmascript file had an error @ http://localhost:3100/_next/static/chunks/node_modules_next_dist_1gdrd03._.js:1945
[  493077ms] [ERROR] ./src/app/du-an/page.tsx:6:16
You're importing a module that depends on `useState` into a React Server Component module. This API is only available in Client Components. To fix, mark the file (or its parent) with the `"use client"` directive.
    Learn more: https://nextjs.org/docs/app/api-reference/directives/use-client
  4 | import { MapPin, Search } from "lucide-react";
  5 | import Link from "next/link";
> 6 | import { useMemo, useState } from "react";
    |                ^^^^^^^^
  7 |
  8 | const categories = [
  9 |   ["Biệt thự", "#biet-thu"],

Ecmascript file had an error @ http://localhost:3100/_next/static/chunks/node_modules_next_dist_1gdrd03._.js:1945
[  493139ms] [ERROR] ./src/app/du-an/page.tsx:6:16
You're importing a module that depends on `useState` into a React Server Component module. This API is only available in Client Components. To fix, mark the file (or its parent) with the `"use client"` directive.
    Learn more: https://nextjs.org/docs/app/api-reference/directives/use-client
  4 | import { MapPin, Search } from "lucide-react";
  5 | import Link from "next/link";
> 6 | import { useMemo, useState } from "react";
    |                ^^^^^^^^
  7 |
  8 | const categories = [
  9 |   ["Biệt thự", "#biet-thu"],

Ecmascript file had an error @ http://localhost:3100/_next/static/chunks/node_modules_next_dist_1gdrd03._.js:1945
[  493202ms] [ERROR] ./src/app/du-an/page.tsx:6:16
You're importing a module that depends on `useState` into a React Server Component module. This API is only available in Client Components. To fix, mark the file (or its parent) with the `"use client"` directive.
    Learn more: https://nextjs.org/docs/app/api-reference/directives/use-client
  4 | import { MapPin, Search } from "lucide-react";
  5 | import Link from "next/link";
> 6 | import { useMemo, useState } from "react";
    |                ^^^^^^^^
  7 |
  8 | const categories = [
  9 |   ["Biệt thự", "#biet-thu"],

Ecmascript file had an error @ http://localhost:3100/_next/static/chunks/node_modules_next_dist_1gdrd03._.js:1945
[  493265ms] [ERROR] ./src/app/du-an/page.tsx:6:16
You're importing a module that depends on `useState` into a React Server Component module. This API is only available in Client Components. To fix, mark the file (or its parent) with the `"use client"` directive.
    Learn more: https://nextjs.org/docs/app/api-reference/directives/use-client
  4 | import { MapPin, Search } from "lucide-react";
  5 | import Link from "next/link";
> 6 | import { useMemo, useState } from "react";
    |                ^^^^^^^^
  7 |
  8 | const categories = [
  9 |   ["Biệt thự", "#biet-thu"],

Ecmascript file had an error @ http://localhost:3100/_next/static/chunks/node_modules_next_dist_1gdrd03._.js:1945
[  493328ms] [ERROR] ./src/app/du-an/page.tsx:6:16
You're importing a module that depends on `useState` into a React Server Component module. This API is only available in Client Components. To fix, mark the file (or its parent) with the `"use client"` directive.
    Learn more: https://nextjs.org/docs/app/api-reference/directives/use-client
  4 | import { MapPin, Search } from "lucide-react";
  5 | import Link from "next/link";
> 6 | import { useMemo, useState } from "react";
    |                ^^^^^^^^
  7 |
  8 | const categories = [
  9 |   ["Biệt thự", "#biet-thu"],

Ecmascript file had an error @ http://localhost:3100/_next/static/chunks/node_modules_next_dist_1gdrd03._.js:1945
[  493392ms] [ERROR] ./src/app/du-an/page.tsx:6:16
You're importing a module that depends on `useState` into a React Server Component module. This API is only available in Client Components. To fix, mark the file (or its parent) with the `"use client"` directive.
    Learn more: https://nextjs.org/docs/app/api-reference/directives/use-client
  4 | import { MapPin, Search } from "lucide-react";
  5 | import Link from "next/link";
> 6 | import { useMemo, useState } from "react";
    |                ^^^^^^^^
  7 |
  8 | const categories = [
  9 |   ["Biệt thự", "#biet-thu"],

Ecmascript file had an error @ http://localhost:3100/_next/static/chunks/node_modules_next_dist_1gdrd03._.js:1945
[  493454ms] [ERROR] ./src/app/du-an/page.tsx:6:16
You're importing a module that depends on `useState` into a React Server Component module. This API is only available in Client Components. To fix, mark the file (or its parent) with the `"use client"` directive.
    Learn more: https://nextjs.org/docs/app/api-reference/directives/use-client
  4 | import { MapPin, Search } from "lucide-react";
  5 | import Link from "next/link";
> 6 | import { useMemo, useState } from "react";
    |                ^^^^^^^^
  7 |
  8 | const categories = [
  9 |   ["Biệt thự", "#biet-thu"],

Ecmascript file had an error @ http://localhost:3100/_next/static/chunks/node_modules_next_dist_1gdrd03._.js:1945
[  493516ms] [ERROR] ./src/app/du-an/page.tsx:6:16
You're importing a module that depends on `useState` into a React Server Component module. This API is only available in Client Components. To fix, mark the file (or its parent) with the `"use client"` directive.
    Learn more: https://nextjs.org/docs/app/api-reference/directives/use-client
  4 | import { MapPin, Search } from "lucide-react";
  5 | import Link from "next/link";
> 6 | import { useMemo, useState } from "react";
    |                ^^^^^^^^
  7 |
  8 | const categories = [
  9 |   ["Biệt thự", "#biet-thu"],

Ecmascript file had an error @ http://localhost:3100/_next/static/chunks/node_modules_next_dist_1gdrd03._.js:1945
[  493577ms] [ERROR] ./src/app/du-an/page.tsx:6:16
You're importing a module that depends on `useState` into a React Server Component module. This API is only available in Client Components. To fix, mark the file (or its parent) with the `"use client"` directive.
    Learn more: https://nextjs.org/docs/app/api-reference/directives/use-client
  4 | import { MapPin, Search } from "lucide-react";
  5 | import Link from "next/link";
> 6 | import { useMemo, useState } from "react";
    |                ^^^^^^^^
  7 |
  8 | const categories = [
  9 |   ["Biệt thự", "#biet-thu"],

Ecmascript file had an error @ http://localhost:3100/_next/static/chunks/node_modules_next_dist_1gdrd03._.js:1945
[  493640ms] [ERROR] ./src/app/du-an/page.tsx:6:16
You're importing a module that depends on `useState` into a React Server Component module. This API is only available in Client Components. To fix, mark the file (or its parent) with the `"use client"` directive.
    Learn more: https://nextjs.org/docs/app/api-reference/directives/use-client
  4 | import { MapPin, Search } from "lucide-react";
  5 | import Link from "next/link";
> 6 | import { useMemo, useState } from "react";
    |                ^^^^^^^^
  7 |
  8 | const categories = [
  9 |   ["Biệt thự", "#biet-thu"],

Ecmascript file had an error @ http://localhost:3100/_next/static/chunks/node_modules_next_dist_1gdrd03._.js:1945
[  493733ms] [ERROR] ./src/app/du-an/page.tsx:6:16
You're importing a module that depends on `useState` into a React Server Component module. This API is only available in Client Components. To fix, mark the file (or its parent) with the `"use client"` directive.
    Learn more: https://nextjs.org/docs/app/api-reference/directives/use-client
  4 | import { MapPin, Search } from "lucide-react";
  5 | import Link from "next/link";
> 6 | import { useMemo, useState } from "react";
    |                ^^^^^^^^
  7 |
  8 | const categories = [
  9 |   ["Biệt thự", "#biet-thu"],

Ecmascript file had an error @ http://localhost:3100/_next/static/chunks/node_modules_next_dist_1gdrd03._.js:1945
[  493795ms] [ERROR] ./src/app/du-an/page.tsx:6:16
You're importing a module that depends on `useState` into a React Server Component module. This API is only available in Client Components. To fix, mark the file (or its parent) with the `"use client"` directive.
    Learn more: https://nextjs.org/docs/app/api-reference/directives/use-client
  4 | import { MapPin, Search } from "lucide-react";
  5 | import Link from "next/link";
> 6 | import { useMemo, useState } from "react";
    |                ^^^^^^^^
  7 |
  8 | const categories = [
  9 |   ["Biệt thự", "#biet-thu"],

Ecmascript file had an error @ http://localhost:3100/_next/static/chunks/node_modules_next_dist_1gdrd03._.js:1945
[  493858ms] [ERROR] ./src/app/du-an/page.tsx:6:16
You're importing a module that depends on `useState` into a React Server Component module. This API is only available in Client Components. To fix, mark the file (or its parent) with the `"use client"` directive.
    Learn more: https://nextjs.org/docs/app/api-reference/directives/use-client
  4 | import { MapPin, Search } from "lucide-react";
  5 | import Link from "next/link";
> 6 | import { useMemo, useState } from "react";
    |                ^^^^^^^^
  7 |
  8 | const categories = [
  9 |   ["Biệt thự", "#biet-thu"],

Ecmascript file had an error @ http://localhost:3100/_next/static/chunks/node_modules_next_dist_1gdrd03._.js:1945
[  493922ms] [ERROR] ./src/app/du-an/page.tsx:6:16
You're importing a module that depends on `useState` into a React Server Component module. This API is only available in Client Components. To fix, mark the file (or its parent) with the `"use client"` directive.
    Learn more: https://nextjs.org/docs/app/api-reference/directives/use-client
  4 | import { MapPin, Search } from "lucide-react";
  5 | import Link from "next/link";
> 6 | import { useMemo, useState } from "react";
    |                ^^^^^^^^
  7 |
  8 | const categories = [
  9 |   ["Biệt thự", "#biet-thu"],

Ecmascript file had an error @ http://localhost:3100/_next/static/chunks/node_modules_next_dist_1gdrd03._.js:1945
[  493986ms] [ERROR] ./src/app/du-an/page.tsx:6:16
You're importing a module that depends on `useState` into a React Server Component module. This API is only available in Client Components. To fix, mark the file (or its parent) with the `"use client"` directive.
    Learn more: https://nextjs.org/docs/app/api-reference/directives/use-client
  4 | import { MapPin, Search } from "lucide-react";
  5 | import Link from "next/link";
> 6 | import { useMemo, useState } from "react";
    |                ^^^^^^^^
  7 |
  8 | const categories = [
  9 |   ["Biệt thự", "#biet-thu"],

Ecmascript file had an error @ http://localhost:3100/_next/static/chunks/node_modules_next_dist_1gdrd03._.js:1945
[  494049ms] [ERROR] ./src/app/du-an/page.tsx:6:16
You're importing a module that depends on `useState` into a React Server Component module. This API is only available in Client Components. To fix, mark the file (or its parent) with the `"use client"` directive.
    Learn more: https://nextjs.org/docs/app/api-reference/directives/use-client
  4 | import { MapPin, Search } from "lucide-react";
  5 | import Link from "next/link";
> 6 | import { useMemo, useState } from "react";
    |                ^^^^^^^^
  7 |
  8 | const categories = [
  9 |   ["Biệt thự", "#biet-thu"],

Ecmascript file had an error @ http://localhost:3100/_next/static/chunks/node_modules_next_dist_1gdrd03._.js:1945
[  494110ms] [ERROR] ./src/app/du-an/page.tsx:6:16
You're importing a module that depends on `useState` into a React Server Component module. This API is only available in Client Components. To fix, mark the file (or its parent) with the `"use client"` directive.
    Learn more: https://nextjs.org/docs/app/api-reference/directives/use-client
  4 | import { MapPin, Search } from "lucide-react";
  5 | import Link from "next/link";
> 6 | import { useMemo, useState } from "react";
    |                ^^^^^^^^
  7 |
  8 | const categories = [
  9 |   ["Biệt thự", "#biet-thu"],

Ecmascript file had an error @ http://localhost:3100/_next/static/chunks/node_modules_next_dist_1gdrd03._.js:1945
[  494173ms] [ERROR] ./src/app/du-an/page.tsx:6:16
You're importing a module that depends on `useState` into a React Server Component module. This API is only available in Client Components. To fix, mark the file (or its parent) with the `"use client"` directive.
    Learn more: https://nextjs.org/docs/app/api-reference/directives/use-client
  4 | import { MapPin, Search } from "lucide-react";
  5 | import Link from "next/link";
> 6 | import { useMemo, useState } from "react";
    |                ^^^^^^^^
  7 |
  8 | const categories = [
  9 |   ["Biệt thự", "#biet-thu"],

Ecmascript file had an error @ http://localhost:3100/_next/static/chunks/node_modules_next_dist_1gdrd03._.js:1945
[  494242ms] [ERROR] ./src/app/du-an/page.tsx:6:16
You're importing a module that depends on `useState` into a React Server Component module. This API is only available in Client Components. To fix, mark the file (or its parent) with the `"use client"` directive.
    Learn more: https://nextjs.org/docs/app/api-reference/directives/use-client
  4 | import { MapPin, Search } from "lucide-react";
  5 | import Link from "next/link";
> 6 | import { useMemo, useState } from "react";
    |                ^^^^^^^^
  7 |
  8 | const categories = [
  9 |   ["Biệt thự", "#biet-thu"],

Ecmascript file had an error @ http://localhost:3100/_next/static/chunks/node_modules_next_dist_1gdrd03._.js:1945
[  494299ms] [ERROR] ./src/app/du-an/page.tsx:6:16
You're importing a module that depends on `useState` into a React Server Component module. This API is only available in Client Components. To fix, mark the file (or its parent) with the `"use client"` directive.
    Learn more: https://nextjs.org/docs/app/api-reference/directives/use-client
  4 | import { MapPin, Search } from "lucide-react";
  5 | import Link from "next/link";
> 6 | import { useMemo, useState } from "react";
    |                ^^^^^^^^
  7 |
  8 | const categories = [
  9 |   ["Biệt thự", "#biet-thu"],

Ecmascript file had an error @ http://localhost:3100/_next/static/chunks/node_modules_next_dist_1gdrd03._.js:1945
[  494362ms] [ERROR] ./src/app/du-an/page.tsx:6:16
You're importing a module that depends on `useState` into a React Server Component module. This API is only available in Client Components. To fix, mark the file (or its parent) with the `"use client"` directive.
    Learn more: https://nextjs.org/docs/app/api-reference/directives/use-client
  4 | import { MapPin, Search } from "lucide-react";
  5 | import Link from "next/link";
> 6 | import { useMemo, useState } from "react";
    |                ^^^^^^^^
  7 |
  8 | const categories = [
  9 |   ["Biệt thự", "#biet-thu"],

Ecmascript file had an error @ http://localhost:3100/_next/static/chunks/node_modules_next_dist_1gdrd03._.js:1945
[  494423ms] [ERROR] ./src/app/du-an/page.tsx:6:16
You're importing a module that depends on `useState` into a React Server Component module. This API is only available in Client Components. To fix, mark the file (or its parent) with the `"use client"` directive.
    Learn more: https://nextjs.org/docs/app/api-reference/directives/use-client
  4 | import { MapPin, Search } from "lucide-react";
  5 | import Link from "next/link";
> 6 | import { useMemo, useState } from "react";
    |                ^^^^^^^^
  7 |
  8 | const categories = [
  9 |   ["Biệt thự", "#biet-thu"],

Ecmascript file had an error @ http://localhost:3100/_next/static/chunks/node_modules_next_dist_1gdrd03._.js:1945
[  494485ms] [ERROR] ./src/app/du-an/page.tsx:6:16
You're importing a module that depends on `useState` into a React Server Component module. This API is only available in Client Components. To fix, mark the file (or its parent) with the `"use client"` directive.
    Learn more: https://nextjs.org/docs/app/api-reference/directives/use-client
  4 | import { MapPin, Search } from "lucide-react";
  5 | import Link from "next/link";
> 6 | import { useMemo, useState } from "react";
    |                ^^^^^^^^
  7 |
  8 | const categories = [
  9 |   ["Biệt thự", "#biet-thu"],

Ecmascript file had an error @ http://localhost:3100/_next/static/chunks/node_modules_next_dist_1gdrd03._.js:1945
[  494546ms] [ERROR] ./src/app/du-an/page.tsx:6:16
You're importing a module that depends on `useState` into a React Server Component module. This API is only available in Client Components. To fix, mark the file (or its parent) with the `"use client"` directive.
    Learn more: https://nextjs.org/docs/app/api-reference/directives/use-client
  4 | import { MapPin, Search } from "lucide-react";
  5 | import Link from "next/link";
> 6 | import { useMemo, useState } from "react";
    |                ^^^^^^^^
  7 |
  8 | const categories = [
  9 |   ["Biệt thự", "#biet-thu"],

Ecmascript file had an error @ http://localhost:3100/_next/static/chunks/node_modules_next_dist_1gdrd03._.js:1945
[  494609ms] [ERROR] ./src/app/du-an/page.tsx:6:16
You're importing a module that depends on `useState` into a React Server Component module. This API is only available in Client Components. To fix, mark the file (or its parent) with the `"use client"` directive.
    Learn more: https://nextjs.org/docs/app/api-reference/directives/use-client
  4 | import { MapPin, Search } from "lucide-react";
  5 | import Link from "next/link";
> 6 | import { useMemo, useState } from "react";
    |                ^^^^^^^^
  7 |
  8 | const categories = [
  9 |   ["Biệt thự", "#biet-thu"],

Ecmascript file had an error @ http://localhost:3100/_next/static/chunks/node_modules_next_dist_1gdrd03._.js:1945
[  494671ms] [ERROR] ./src/app/du-an/page.tsx:6:16
You're importing a module that depends on `useState` into a React Server Component module. This API is only available in Client Components. To fix, mark the file (or its parent) with the `"use client"` directive.
    Learn more: https://nextjs.org/docs/app/api-reference/directives/use-client
  4 | import { MapPin, Search } from "lucide-react";
  5 | import Link from "next/link";
> 6 | import { useMemo, useState } from "react";
    |                ^^^^^^^^
  7 |
  8 | const categories = [
  9 |   ["Biệt thự", "#biet-thu"],

Ecmascript file had an error @ http://localhost:3100/_next/static/chunks/node_modules_next_dist_1gdrd03._.js:1945
[  494735ms] [ERROR] ./src/app/du-an/page.tsx:6:16
You're importing a module that depends on `useState` into a React Server Component module. This API is only available in Client Components. To fix, mark the file (or its parent) with the `"use client"` directive.
    Learn more: https://nextjs.org/docs/app/api-reference/directives/use-client
  4 | import { MapPin, Search } from "lucide-react";
  5 | import Link from "next/link";
> 6 | import { useMemo, useState } from "react";
    |                ^^^^^^^^
  7 |
  8 | const categories = [
  9 |   ["Biệt thự", "#biet-thu"],

Ecmascript file had an error @ http://localhost:3100/_next/static/chunks/node_modules_next_dist_1gdrd03._.js:1945
[  494799ms] [ERROR] ./src/app/du-an/page.tsx:6:16
You're importing a module that depends on `useState` into a React Server Component module. This API is only available in Client Components. To fix, mark the file (or its parent) with the `"use client"` directive.
    Learn more: https://nextjs.org/docs/app/api-reference/directives/use-client
  4 | import { MapPin, Search } from "lucide-react";
  5 | import Link from "next/link";
> 6 | import { useMemo, useState } from "react";
    |                ^^^^^^^^
  7 |
  8 | const categories = [
  9 |   ["Biệt thự", "#biet-thu"],

Ecmascript file had an error @ http://localhost:3100/_next/static/chunks/node_modules_next_dist_1gdrd03._.js:1945
[  494863ms] [ERROR] ./src/app/du-an/page.tsx:6:16
You're importing a module that depends on `useState` into a React Server Component module. This API is only available in Client Components. To fix, mark the file (or its parent) with the `"use client"` directive.
    Learn more: https://nextjs.org/docs/app/api-reference/directives/use-client
  4 | import { MapPin, Search } from "lucide-react";
  5 | import Link from "next/link";
> 6 | import { useMemo, useState } from "react";
    |                ^^^^^^^^
  7 |
  8 | const categories = [
  9 |   ["Biệt thự", "#biet-thu"],

Ecmascript file had an error @ http://localhost:3100/_next/static/chunks/node_modules_next_dist_1gdrd03._.js:1945
[  494926ms] [ERROR] ./src/app/du-an/page.tsx:6:16
You're importing a module that depends on `useState` into a React Server Component module. This API is only available in Client Components. To fix, mark the file (or its parent) with the `"use client"` directive.
    Learn more: https://nextjs.org/docs/app/api-reference/directives/use-client
  4 | import { MapPin, Search } from "lucide-react";
  5 | import Link from "next/link";
> 6 | import { useMemo, useState } from "react";
    |                ^^^^^^^^
  7 |
  8 | const categories = [
  9 |   ["Biệt thự", "#biet-thu"],

Ecmascript file had an error @ http://localhost:3100/_next/static/chunks/node_modules_next_dist_1gdrd03._.js:1945
[  494988ms] [ERROR] ./src/app/du-an/page.tsx:6:16
You're importing a module that depends on `useState` into a React Server Component module. This API is only available in Client Components. To fix, mark the file (or its parent) with the `"use client"` directive.
    Learn more: https://nextjs.org/docs/app/api-reference/directives/use-client
  4 | import { MapPin, Search } from "lucide-react";
  5 | import Link from "next/link";
> 6 | import { useMemo, useState } from "react";
    |                ^^^^^^^^
  7 |
  8 | const categories = [
  9 |   ["Biệt thự", "#biet-thu"],

Ecmascript file had an error @ http://localhost:3100/_next/static/chunks/node_modules_next_dist_1gdrd03._.js:1945
[  495051ms] [ERROR] ./src/app/du-an/page.tsx:6:16
You're importing a module that depends on `useState` into a React Server Component module. This API is only available in Client Components. To fix, mark the file (or its parent) with the `"use client"` directive.
    Learn more: https://nextjs.org/docs/app/api-reference/directives/use-client
  4 | import { MapPin, Search } from "lucide-react";
  5 | import Link from "next/link";
> 6 | import { useMemo, useState } from "react";
    |                ^^^^^^^^
  7 |
  8 | const categories = [
  9 |   ["Biệt thự", "#biet-thu"],

Ecmascript file had an error @ http://localhost:3100/_next/static/chunks/node_modules_next_dist_1gdrd03._.js:1945
[  495113ms] [ERROR] ./src/app/du-an/page.tsx:6:16
You're importing a module that depends on `useState` into a React Server Component module. This API is only available in Client Components. To fix, mark the file (or its parent) with the `"use client"` directive.
    Learn more: https://nextjs.org/docs/app/api-reference/directives/use-client
  4 | import { MapPin, Search } from "lucide-react";
  5 | import Link from "next/link";
> 6 | import { useMemo, useState } from "react";
    |                ^^^^^^^^
  7 |
  8 | const categories = [
  9 |   ["Biệt thự", "#biet-thu"],

Ecmascript file had an error @ http://localhost:3100/_next/static/chunks/node_modules_next_dist_1gdrd03._.js:1945
[  495175ms] [ERROR] ./src/app/du-an/page.tsx:6:16
You're importing a module that depends on `useState` into a React Server Component module. This API is only available in Client Components. To fix, mark the file (or its parent) with the `"use client"` directive.
    Learn more: https://nextjs.org/docs/app/api-reference/directives/use-client
  4 | import { MapPin, Search } from "lucide-react";
  5 | import Link from "next/link";
> 6 | import { useMemo, useState } from "react";
    |                ^^^^^^^^
  7 |
  8 | const categories = [
  9 |   ["Biệt thự", "#biet-thu"],

Ecmascript file had an error @ http://localhost:3100/_next/static/chunks/node_modules_next_dist_1gdrd03._.js:1945
[  495238ms] [ERROR] ./src/app/du-an/page.tsx:6:16
You're importing a module that depends on `useState` into a React Server Component module. This API is only available in Client Components. To fix, mark the file (or its parent) with the `"use client"` directive.
    Learn more: https://nextjs.org/docs/app/api-reference/directives/use-client
  4 | import { MapPin, Search } from "lucide-react";
  5 | import Link from "next/link";
> 6 | import { useMemo, useState } from "react";
    |                ^^^^^^^^
  7 |
  8 | const categories = [
  9 |   ["Biệt thự", "#biet-thu"],

Ecmascript file had an error @ http://localhost:3100/_next/static/chunks/node_modules_next_dist_1gdrd03._.js:1945
[  495299ms] [ERROR] ./src/app/du-an/page.tsx:6:16
You're importing a module that depends on `useState` into a React Server Component module. This API is only available in Client Components. To fix, mark the file (or its parent) with the `"use client"` directive.
    Learn more: https://nextjs.org/docs/app/api-reference/directives/use-client
  4 | import { MapPin, Search } from "lucide-react";
  5 | import Link from "next/link";
> 6 | import { useMemo, useState } from "react";
    |                ^^^^^^^^
  7 |
  8 | const categories = [
  9 |   ["Biệt thự", "#biet-thu"],

Ecmascript file had an error @ http://localhost:3100/_next/static/chunks/node_modules_next_dist_1gdrd03._.js:1945
[  495362ms] [ERROR] ./src/app/du-an/page.tsx:6:16
You're importing a module that depends on `useState` into a React Server Component module. This API is only available in Client Components. To fix, mark the file (or its parent) with the `"use client"` directive.
    Learn more: https://nextjs.org/docs/app/api-reference/directives/use-client
  4 | import { MapPin, Search } from "lucide-react";
  5 | import Link from "next/link";
> 6 | import { useMemo, useState } from "react";
    |                ^^^^^^^^
  7 |
  8 | const categories = [
  9 |   ["Biệt thự", "#biet-thu"],

Ecmascript file had an error @ http://localhost:3100/_next/static/chunks/node_modules_next_dist_1gdrd03._.js:1945
[  495425ms] [ERROR] ./src/app/du-an/page.tsx:6:16
You're importing a module that depends on `useState` into a React Server Component module. This API is only available in Client Components. To fix, mark the file (or its parent) with the `"use client"` directive.
    Learn more: https://nextjs.org/docs/app/api-reference/directives/use-client
  4 | import { MapPin, Search } from "lucide-react";
  5 | import Link from "next/link";
> 6 | import { useMemo, useState } from "react";
    |                ^^^^^^^^
  7 |
  8 | const categories = [
  9 |   ["Biệt thự", "#biet-thu"],

Ecmascript file had an error @ http://localhost:3100/_next/static/chunks/node_modules_next_dist_1gdrd03._.js:1945
[  495488ms] [ERROR] ./src/app/du-an/page.tsx:6:16
You're importing a module that depends on `useState` into a React Server Component module. This API is only available in Client Components. To fix, mark the file (or its parent) with the `"use client"` directive.
    Learn more: https://nextjs.org/docs/app/api-reference/directives/use-client
  4 | import { MapPin, Search } from "lucide-react";
  5 | import Link from "next/link";
> 6 | import { useMemo, useState } from "react";
    |                ^^^^^^^^
  7 |
  8 | const categories = [
  9 |   ["Biệt thự", "#biet-thu"],

Ecmascript file had an error @ http://localhost:3100/_next/static/chunks/node_modules_next_dist_1gdrd03._.js:1945
[  495551ms] [ERROR] ./src/app/du-an/page.tsx:6:16
You're importing a module that depends on `useState` into a React Server Component module. This API is only available in Client Components. To fix, mark the file (or its parent) with the `"use client"` directive.
    Learn more: https://nextjs.org/docs/app/api-reference/directives/use-client
  4 | import { MapPin, Search } from "lucide-react";
  5 | import Link from "next/link";
> 6 | import { useMemo, useState } from "react";
    |                ^^^^^^^^
  7 |
  8 | const categories = [
  9 |   ["Biệt thự", "#biet-thu"],

Ecmascript file had an error @ http://localhost:3100/_next/static/chunks/node_modules_next_dist_1gdrd03._.js:1945
[  495614ms] [ERROR] ./src/app/du-an/page.tsx:6:16
You're importing a module that depends on `useState` into a React Server Component module. This API is only available in Client Components. To fix, mark the file (or its parent) with the `"use client"` directive.
    Learn more: https://nextjs.org/docs/app/api-reference/directives/use-client
  4 | import { MapPin, Search } from "lucide-react";
  5 | import Link from "next/link";
> 6 | import { useMemo, useState } from "react";
    |                ^^^^^^^^
  7 |
  8 | const categories = [
  9 |   ["Biệt thự", "#biet-thu"],

Ecmascript file had an error @ http://localhost:3100/_next/static/chunks/node_modules_next_dist_1gdrd03._.js:1945
[  495676ms] [ERROR] ./src/app/du-an/page.tsx:6:16
You're importing a module that depends on `useState` into a React Server Component module. This API is only available in Client Components. To fix, mark the file (or its parent) with the `"use client"` directive.
    Learn more: https://nextjs.org/docs/app/api-reference/directives/use-client
  4 | import { MapPin, Search } from "lucide-react";
  5 | import Link from "next/link";
> 6 | import { useMemo, useState } from "react";
    |                ^^^^^^^^
  7 |
  8 | const categories = [
  9 |   ["Biệt thự", "#biet-thu"],

Ecmascript file had an error @ http://localhost:3100/_next/static/chunks/node_modules_next_dist_1gdrd03._.js:1945
[  495739ms] [ERROR] ./src/app/du-an/page.tsx:6:16
You're importing a module that depends on `useState` into a React Server Component module. This API is only available in Client Components. To fix, mark the file (or its parent) with the `"use client"` directive.
    Learn more: https://nextjs.org/docs/app/api-reference/directives/use-client
  4 | import { MapPin, Search } from "lucide-react";
  5 | import Link from "next/link";
> 6 | import { useMemo, useState } from "react";
    |                ^^^^^^^^
  7 |
  8 | const categories = [
  9 |   ["Biệt thự", "#biet-thu"],

Ecmascript file had an error @ http://localhost:3100/_next/static/chunks/node_modules_next_dist_1gdrd03._.js:1945
[  495802ms] [ERROR] ./src/app/du-an/page.tsx:6:16
You're importing a module that depends on `useState` into a React Server Component module. This API is only available in Client Components. To fix, mark the file (or its parent) with the `"use client"` directive.
    Learn more: https://nextjs.org/docs/app/api-reference/directives/use-client
  4 | import { MapPin, Search } from "lucide-react";
  5 | import Link from "next/link";
> 6 | import { useMemo, useState } from "react";
    |                ^^^^^^^^
  7 |
  8 | const categories = [
  9 |   ["Biệt thự", "#biet-thu"],

Ecmascript file had an error @ http://localhost:3100/_next/static/chunks/node_modules_next_dist_1gdrd03._.js:1945
[  495865ms] [ERROR] ./src/app/du-an/page.tsx:6:16
You're importing a module that depends on `useState` into a React Server Component module. This API is only available in Client Components. To fix, mark the file (or its parent) with the `"use client"` directive.
    Learn more: https://nextjs.org/docs/app/api-reference/directives/use-client
  4 | import { MapPin, Search } from "lucide-react";
  5 | import Link from "next/link";
> 6 | import { useMemo, useState } from "react";
    |                ^^^^^^^^
  7 |
  8 | const categories = [
  9 |   ["Biệt thự", "#biet-thu"],

Ecmascript file had an error @ http://localhost:3100/_next/static/chunks/node_modules_next_dist_1gdrd03._.js:1945
[  495926ms] [ERROR] ./src/app/du-an/page.tsx:6:16
You're importing a module that depends on `useState` into a React Server Component module. This API is only available in Client Components. To fix, mark the file (or its parent) with the `"use client"` directive.
    Learn more: https://nextjs.org/docs/app/api-reference/directives/use-client
  4 | import { MapPin, Search } from "lucide-react";
  5 | import Link from "next/link";
> 6 | import { useMemo, useState } from "react";
    |                ^^^^^^^^
  7 |
  8 | const categories = [
  9 |   ["Biệt thự", "#biet-thu"],

Ecmascript file had an error @ http://localhost:3100/_next/static/chunks/node_modules_next_dist_1gdrd03._.js:1945
[  495988ms] [ERROR] ./src/app/du-an/page.tsx:6:16
You're importing a module that depends on `useState` into a React Server Component module. This API is only available in Client Components. To fix, mark the file (or its parent) with the `"use client"` directive.
    Learn more: https://nextjs.org/docs/app/api-reference/directives/use-client
  4 | import { MapPin, Search } from "lucide-react";
  5 | import Link from "next/link";
> 6 | import { useMemo, useState } from "react";
    |                ^^^^^^^^
  7 |
  8 | const categories = [
  9 |   ["Biệt thự", "#biet-thu"],

Ecmascript file had an error @ http://localhost:3100/_next/static/chunks/node_modules_next_dist_1gdrd03._.js:1945
[  496051ms] [ERROR] ./src/app/du-an/page.tsx:6:16
You're importing a module that depends on `useState` into a React Server Component module. This API is only available in Client Components. To fix, mark the file (or its parent) with the `"use client"` directive.
    Learn more: https://nextjs.org/docs/app/api-reference/directives/use-client
  4 | import { MapPin, Search } from "lucide-react";
  5 | import Link from "next/link";
> 6 | import { useMemo, useState } from "react";
    |                ^^^^^^^^
  7 |
  8 | const categories = [
  9 |   ["Biệt thự", "#biet-thu"],

Ecmascript file had an error @ http://localhost:3100/_next/static/chunks/node_modules_next_dist_1gdrd03._.js:1945
[  496112ms] [ERROR] ./src/app/du-an/page.tsx:6:16
You're importing a module that depends on `useState` into a React Server Component module. This API is only available in Client Components. To fix, mark the file (or its parent) with the `"use client"` directive.
    Learn more: https://nextjs.org/docs/app/api-reference/directives/use-client
  4 | import { MapPin, Search } from "lucide-react";
  5 | import Link from "next/link";
> 6 | import { useMemo, useState } from "react";
    |                ^^^^^^^^
  7 |
  8 | const categories = [
  9 |   ["Biệt thự", "#biet-thu"],

Ecmascript file had an error @ http://localhost:3100/_next/static/chunks/node_modules_next_dist_1gdrd03._.js:1945
[  496175ms] [ERROR] ./src/app/du-an/page.tsx:6:16
You're importing a module that depends on `useState` into a React Server Component module. This API is only available in Client Components. To fix, mark the file (or its parent) with the `"use client"` directive.
    Learn more: https://nextjs.org/docs/app/api-reference/directives/use-client
  4 | import { MapPin, Search } from "lucide-react";
  5 | import Link from "next/link";
> 6 | import { useMemo, useState } from "react";
    |                ^^^^^^^^
  7 |
  8 | const categories = [
  9 |   ["Biệt thự", "#biet-thu"],

Ecmascript file had an error @ http://localhost:3100/_next/static/chunks/node_modules_next_dist_1gdrd03._.js:1945
[  496237ms] [ERROR] ./src/app/du-an/page.tsx:6:16
You're importing a module that depends on `useState` into a React Server Component module. This API is only available in Client Components. To fix, mark the file (or its parent) with the `"use client"` directive.
    Learn more: https://nextjs.org/docs/app/api-reference/directives/use-client
  4 | import { MapPin, Search } from "lucide-react";
  5 | import Link from "next/link";
> 6 | import { useMemo, useState } from "react";
    |                ^^^^^^^^
  7 |
  8 | const categories = [
  9 |   ["Biệt thự", "#biet-thu"],

Ecmascript file had an error @ http://localhost:3100/_next/static/chunks/node_modules_next_dist_1gdrd03._.js:1945
[  496299ms] [ERROR] ./src/app/du-an/page.tsx:6:16
You're importing a module that depends on `useState` into a React Server Component module. This API is only available in Client Components. To fix, mark the file (or its parent) with the `"use client"` directive.
    Learn more: https://nextjs.org/docs/app/api-reference/directives/use-client
  4 | import { MapPin, Search } from "lucide-react";
  5 | import Link from "next/link";
> 6 | import { useMemo, useState } from "react";
    |                ^^^^^^^^
  7 |
  8 | const categories = [
  9 |   ["Biệt thự", "#biet-thu"],

Ecmascript file had an error @ http://localhost:3100/_next/static/chunks/node_modules_next_dist_1gdrd03._.js:1945
[  496363ms] [ERROR] ./src/app/du-an/page.tsx:6:16
You're importing a module that depends on `useState` into a React Server Component module. This API is only available in Client Components. To fix, mark the file (or its parent) with the `"use client"` directive.
    Learn more: https://nextjs.org/docs/app/api-reference/directives/use-client
  4 | import { MapPin, Search } from "lucide-react";
  5 | import Link from "next/link";
> 6 | import { useMemo, useState } from "react";
    |                ^^^^^^^^
  7 |
  8 | const categories = [
  9 |   ["Biệt thự", "#biet-thu"],

Ecmascript file had an error @ http://localhost:3100/_next/static/chunks/node_modules_next_dist_1gdrd03._.js:1945
[  496423ms] [ERROR] ./src/app/du-an/page.tsx:6:16
You're importing a module that depends on `useState` into a React Server Component module. This API is only available in Client Components. To fix, mark the file (or its parent) with the `"use client"` directive.
    Learn more: https://nextjs.org/docs/app/api-reference/directives/use-client
  4 | import { MapPin, Search } from "lucide-react";
  5 | import Link from "next/link";
> 6 | import { useMemo, useState } from "react";
    |                ^^^^^^^^
  7 |
  8 | const categories = [
  9 |   ["Biệt thự", "#biet-thu"],

Ecmascript file had an error @ http://localhost:3100/_next/static/chunks/node_modules_next_dist_1gdrd03._.js:1945
[  496485ms] [ERROR] ./src/app/du-an/page.tsx:6:16
You're importing a module that depends on `useState` into a React Server Component module. This API is only available in Client Components. To fix, mark the file (or its parent) with the `"use client"` directive.
    Learn more: https://nextjs.org/docs/app/api-reference/directives/use-client
  4 | import { MapPin, Search } from "lucide-react";
  5 | import Link from "next/link";
> 6 | import { useMemo, useState } from "react";
    |                ^^^^^^^^
  7 |
  8 | const categories = [
  9 |   ["Biệt thự", "#biet-thu"],

Ecmascript file had an error @ http://localhost:3100/_next/static/chunks/node_modules_next_dist_1gdrd03._.js:1945
[  496548ms] [ERROR] ./src/app/du-an/page.tsx:6:16
You're importing a module that depends on `useState` into a React Server Component module. This API is only available in Client Components. To fix, mark the file (or its parent) with the `"use client"` directive.
    Learn more: https://nextjs.org/docs/app/api-reference/directives/use-client
  4 | import { MapPin, Search } from "lucide-react";
  5 | import Link from "next/link";
> 6 | import { useMemo, useState } from "react";
    |                ^^^^^^^^
  7 |
  8 | const categories = [
  9 |   ["Biệt thự", "#biet-thu"],

Ecmascript file had an error @ http://localhost:3100/_next/static/chunks/node_modules_next_dist_1gdrd03._.js:1945
[  496610ms] [ERROR] ./src/app/du-an/page.tsx:6:16
You're importing a module that depends on `useState` into a React Server Component module. This API is only available in Client Components. To fix, mark the file (or its parent) with the `"use client"` directive.
    Learn more: https://nextjs.org/docs/app/api-reference/directives/use-client
  4 | import { MapPin, Search } from "lucide-react";
  5 | import Link from "next/link";
> 6 | import { useMemo, useState } from "react";
    |                ^^^^^^^^
  7 |
  8 | const categories = [
  9 |   ["Biệt thự", "#biet-thu"],

Ecmascript file had an error @ http://localhost:3100/_next/static/chunks/node_modules_next_dist_1gdrd03._.js:1945
[  496674ms] [ERROR] ./src/app/du-an/page.tsx:6:16
You're importing a module that depends on `useState` into a React Server Component module. This API is only available in Client Components. To fix, mark the file (or its parent) with the `"use client"` directive.
    Learn more: https://nextjs.org/docs/app/api-reference/directives/use-client
  4 | import { MapPin, Search } from "lucide-react";
  5 | import Link from "next/link";
> 6 | import { useMemo, useState } from "react";
    |                ^^^^^^^^
  7 |
  8 | const categories = [
  9 |   ["Biệt thự", "#biet-thu"],

Ecmascript file had an error @ http://localhost:3100/_next/static/chunks/node_modules_next_dist_1gdrd03._.js:1945
[  496737ms] [ERROR] ./src/app/du-an/page.tsx:6:16
You're importing a module that depends on `useState` into a React Server Component module. This API is only available in Client Components. To fix, mark the file (or its parent) with the `"use client"` directive.
    Learn more: https://nextjs.org/docs/app/api-reference/directives/use-client
  4 | import { MapPin, Search } from "lucide-react";
  5 | import Link from "next/link";
> 6 | import { useMemo, useState } from "react";
    |                ^^^^^^^^
  7 |
  8 | const categories = [
  9 |   ["Biệt thự", "#biet-thu"],

Ecmascript file had an error @ http://localhost:3100/_next/static/chunks/node_modules_next_dist_1gdrd03._.js:1945
[  496801ms] [ERROR] ./src/app/du-an/page.tsx:6:16
You're importing a module that depends on `useState` into a React Server Component module. This API is only available in Client Components. To fix, mark the file (or its parent) with the `"use client"` directive.
    Learn more: https://nextjs.org/docs/app/api-reference/directives/use-client
  4 | import { MapPin, Search } from "lucide-react";
  5 | import Link from "next/link";
> 6 | import { useMemo, useState } from "react";
    |                ^^^^^^^^
  7 |
  8 | const categories = [
  9 |   ["Biệt thự", "#biet-thu"],

Ecmascript file had an error @ http://localhost:3100/_next/static/chunks/node_modules_next_dist_1gdrd03._.js:1945
[  496865ms] [ERROR] ./src/app/du-an/page.tsx:6:16
You're importing a module that depends on `useState` into a React Server Component module. This API is only available in Client Components. To fix, mark the file (or its parent) with the `"use client"` directive.
    Learn more: https://nextjs.org/docs/app/api-reference/directives/use-client
  4 | import { MapPin, Search } from "lucide-react";
  5 | import Link from "next/link";
> 6 | import { useMemo, useState } from "react";
    |                ^^^^^^^^
  7 |
  8 | const categories = [
  9 |   ["Biệt thự", "#biet-thu"],

Ecmascript file had an error @ http://localhost:3100/_next/static/chunks/node_modules_next_dist_1gdrd03._.js:1945
[  496926ms] [ERROR] ./src/app/du-an/page.tsx:6:16
You're importing a module that depends on `useState` into a React Server Component module. This API is only available in Client Components. To fix, mark the file (or its parent) with the `"use client"` directive.
    Learn more: https://nextjs.org/docs/app/api-reference/directives/use-client
  4 | import { MapPin, Search } from "lucide-react";
  5 | import Link from "next/link";
> 6 | import { useMemo, useState } from "react";
    |                ^^^^^^^^
  7 |
  8 | const categories = [
  9 |   ["Biệt thự", "#biet-thu"],

Ecmascript file had an error @ http://localhost:3100/_next/static/chunks/node_modules_next_dist_1gdrd03._.js:1945
[  496989ms] [ERROR] ./src/app/du-an/page.tsx:6:16
You're importing a module that depends on `useState` into a React Server Component module. This API is only available in Client Components. To fix, mark the file (or its parent) with the `"use client"` directive.
    Learn more: https://nextjs.org/docs/app/api-reference/directives/use-client
  4 | import { MapPin, Search } from "lucide-react";
  5 | import Link from "next/link";
> 6 | import { useMemo, useState } from "react";
    |                ^^^^^^^^
  7 |
  8 | const categories = [
  9 |   ["Biệt thự", "#biet-thu"],

Ecmascript file had an error @ http://localhost:3100/_next/static/chunks/node_modules_next_dist_1gdrd03._.js:1945
[  497053ms] [ERROR] ./src/app/du-an/page.tsx:6:16
You're importing a module that depends on `useState` into a React Server Component module. This API is only available in Client Components. To fix, mark the file (or its parent) with the `"use client"` directive.
    Learn more: https://nextjs.org/docs/app/api-reference/directives/use-client
  4 | import { MapPin, Search } from "lucide-react";
  5 | import Link from "next/link";
> 6 | import { useMemo, useState } from "react";
    |                ^^^^^^^^
  7 |
  8 | const categories = [
  9 |   ["Biệt thự", "#biet-thu"],

Ecmascript file had an error @ http://localhost:3100/_next/static/chunks/node_modules_next_dist_1gdrd03._.js:1945
[  497117ms] [ERROR] ./src/app/du-an/page.tsx:6:16
You're importing a module that depends on `useState` into a React Server Component module. This API is only available in Client Components. To fix, mark the file (or its parent) with the `"use client"` directive.
    Learn more: https://nextjs.org/docs/app/api-reference/directives/use-client
  4 | import { MapPin, Search } from "lucide-react";
  5 | import Link from "next/link";
> 6 | import { useMemo, useState } from "react";
    |                ^^^^^^^^
  7 |
  8 | const categories = [
  9 |   ["Biệt thự", "#biet-thu"],

Ecmascript file had an error @ http://localhost:3100/_next/static/chunks/node_modules_next_dist_1gdrd03._.js:1945
[  497179ms] [ERROR] ./src/app/du-an/page.tsx:6:16
You're importing a module that depends on `useState` into a React Server Component module. This API is only available in Client Components. To fix, mark the file (or its parent) with the `"use client"` directive.
    Learn more: https://nextjs.org/docs/app/api-reference/directives/use-client
  4 | import { MapPin, Search } from "lucide-react";
  5 | import Link from "next/link";
> 6 | import { useMemo, useState } from "react";
    |                ^^^^^^^^
  7 |
  8 | const categories = [
  9 |   ["Biệt thự", "#biet-thu"],

Ecmascript file had an error @ http://localhost:3100/_next/static/chunks/node_modules_next_dist_1gdrd03._.js:1945
[  497242ms] [ERROR] ./src/app/du-an/page.tsx:6:16
You're importing a module that depends on `useState` into a React Server Component module. This API is only available in Client Components. To fix, mark the file (or its parent) with the `"use client"` directive.
    Learn more: https://nextjs.org/docs/app/api-reference/directives/use-client
  4 | import { MapPin, Search } from "lucide-react";
  5 | import Link from "next/link";
> 6 | import { useMemo, useState } from "react";
    |                ^^^^^^^^
  7 |
  8 | const categories = [
  9 |   ["Biệt thự", "#biet-thu"],

Ecmascript file had an error @ http://localhost:3100/_next/static/chunks/node_modules_next_dist_1gdrd03._.js:1945
[  497305ms] [ERROR] ./src/app/du-an/page.tsx:6:16
You're importing a module that depends on `useState` into a React Server Component module. This API is only available in Client Components. To fix, mark the file (or its parent) with the `"use client"` directive.
    Learn more: https://nextjs.org/docs/app/api-reference/directives/use-client
  4 | import { MapPin, Search } from "lucide-react";
  5 | import Link from "next/link";
> 6 | import { useMemo, useState } from "react";
    |                ^^^^^^^^
  7 |
  8 | const categories = [
  9 |   ["Biệt thự", "#biet-thu"],

Ecmascript file had an error @ http://localhost:3100/_next/static/chunks/node_modules_next_dist_1gdrd03._.js:1945
[  497368ms] [ERROR] ./src/app/du-an/page.tsx:6:16
You're importing a module that depends on `useState` into a React Server Component module. This API is only available in Client Components. To fix, mark the file (or its parent) with the `"use client"` directive.
    Learn more: https://nextjs.org/docs/app/api-reference/directives/use-client
  4 | import { MapPin, Search } from "lucide-react";
  5 | import Link from "next/link";
> 6 | import { useMemo, useState } from "react";
    |                ^^^^^^^^
  7 |
  8 | const categories = [
  9 |   ["Biệt thự", "#biet-thu"],

Ecmascript file had an error @ http://localhost:3100/_next/static/chunks/node_modules_next_dist_1gdrd03._.js:1945
[  497429ms] [ERROR] ./src/app/du-an/page.tsx:6:16
You're importing a module that depends on `useState` into a React Server Component module. This API is only available in Client Components. To fix, mark the file (or its parent) with the `"use client"` directive.
    Learn more: https://nextjs.org/docs/app/api-reference/directives/use-client
  4 | import { MapPin, Search } from "lucide-react";
  5 | import Link from "next/link";
> 6 | import { useMemo, useState } from "react";
    |                ^^^^^^^^
  7 |
  8 | const categories = [
  9 |   ["Biệt thự", "#biet-thu"],

Ecmascript file had an error @ http://localhost:3100/_next/static/chunks/node_modules_next_dist_1gdrd03._.js:1945
[  497491ms] [ERROR] ./src/app/du-an/page.tsx:6:16
You're importing a module that depends on `useState` into a React Server Component module. This API is only available in Client Components. To fix, mark the file (or its parent) with the `"use client"` directive.
    Learn more: https://nextjs.org/docs/app/api-reference/directives/use-client
  4 | import { MapPin, Search } from "lucide-react";
  5 | import Link from "next/link";
> 6 | import { useMemo, useState } from "react";
    |                ^^^^^^^^
  7 |
  8 | const categories = [
  9 |   ["Biệt thự", "#biet-thu"],

Ecmascript file had an error @ http://localhost:3100/_next/static/chunks/node_modules_next_dist_1gdrd03._.js:1945
[  497554ms] [ERROR] ./src/app/du-an/page.tsx:6:16
You're importing a module that depends on `useState` into a React Server Component module. This API is only available in Client Components. To fix, mark the file (or its parent) with the `"use client"` directive.
    Learn more: https://nextjs.org/docs/app/api-reference/directives/use-client
  4 | import { MapPin, Search } from "lucide-react";
  5 | import Link from "next/link";
> 6 | import { useMemo, useState } from "react";
    |                ^^^^^^^^
  7 |
  8 | const categories = [
  9 |   ["Biệt thự", "#biet-thu"],

Ecmascript file had an error @ http://localhost:3100/_next/static/chunks/node_modules_next_dist_1gdrd03._.js:1945
[  497616ms] [ERROR] ./src/app/du-an/page.tsx:6:16
You're importing a module that depends on `useState` into a React Server Component module. This API is only available in Client Components. To fix, mark the file (or its parent) with the `"use client"` directive.
    Learn more: https://nextjs.org/docs/app/api-reference/directives/use-client
  4 | import { MapPin, Search } from "lucide-react";
  5 | import Link from "next/link";
> 6 | import { useMemo, useState } from "react";
    |                ^^^^^^^^
  7 |
  8 | const categories = [
  9 |   ["Biệt thự", "#biet-thu"],

Ecmascript file had an error @ http://localhost:3100/_next/static/chunks/node_modules_next_dist_1gdrd03._.js:1945
[  497679ms] [ERROR] ./src/app/du-an/page.tsx:6:16
You're importing a module that depends on `useState` into a React Server Component module. This API is only available in Client Components. To fix, mark the file (or its parent) with the `"use client"` directive.
    Learn more: https://nextjs.org/docs/app/api-reference/directives/use-client
  4 | import { MapPin, Search } from "lucide-react";
  5 | import Link from "next/link";
> 6 | import { useMemo, useState } from "react";
    |                ^^^^^^^^
  7 |
  8 | const categories = [
  9 |   ["Biệt thự", "#biet-thu"],

Ecmascript file had an error @ http://localhost:3100/_next/static/chunks/node_modules_next_dist_1gdrd03._.js:1945
[  497743ms] [ERROR] ./src/app/du-an/page.tsx:6:16
You're importing a module that depends on `useState` into a React Server Component module. This API is only available in Client Components. To fix, mark the file (or its parent) with the `"use client"` directive.
    Learn more: https://nextjs.org/docs/app/api-reference/directives/use-client
  4 | import { MapPin, Search } from "lucide-react";
  5 | import Link from "next/link";
> 6 | import { useMemo, useState } from "react";
    |                ^^^^^^^^
  7 |
  8 | const categories = [
  9 |   ["Biệt thự", "#biet-thu"],

Ecmascript file had an error @ http://localhost:3100/_next/static/chunks/node_modules_next_dist_1gdrd03._.js:1945
[  497807ms] [ERROR] ./src/app/du-an/page.tsx:6:16
You're importing a module that depends on `useState` into a React Server Component module. This API is only available in Client Components. To fix, mark the file (or its parent) with the `"use client"` directive.
    Learn more: https://nextjs.org/docs/app/api-reference/directives/use-client
  4 | import { MapPin, Search } from "lucide-react";
  5 | import Link from "next/link";
> 6 | import { useMemo, useState } from "react";
    |                ^^^^^^^^
  7 |
  8 | const categories = [
  9 |   ["Biệt thự", "#biet-thu"],

Ecmascript file had an error @ http://localhost:3100/_next/static/chunks/node_modules_next_dist_1gdrd03._.js:1945
[  497870ms] [ERROR] ./src/app/du-an/page.tsx:6:16
You're importing a module that depends on `useState` into a React Server Component module. This API is only available in Client Components. To fix, mark the file (or its parent) with the `"use client"` directive.
    Learn more: https://nextjs.org/docs/app/api-reference/directives/use-client
  4 | import { MapPin, Search } from "lucide-react";
  5 | import Link from "next/link";
> 6 | import { useMemo, useState } from "react";
    |                ^^^^^^^^
  7 |
  8 | const categories = [
  9 |   ["Biệt thự", "#biet-thu"],

Ecmascript file had an error @ http://localhost:3100/_next/static/chunks/node_modules_next_dist_1gdrd03._.js:1945
[  497927ms] [ERROR] ./src/app/du-an/page.tsx:6:16
You're importing a module that depends on `useState` into a React Server Component module. This API is only available in Client Components. To fix, mark the file (or its parent) with the `"use client"` directive.
    Learn more: https://nextjs.org/docs/app/api-reference/directives/use-client
  4 | import { MapPin, Search } from "lucide-react";
  5 | import Link from "next/link";
> 6 | import { useMemo, useState } from "react";
    |                ^^^^^^^^
  7 |
  8 | const categories = [
  9 |   ["Biệt thự", "#biet-thu"],

Ecmascript file had an error @ http://localhost:3100/_next/static/chunks/node_modules_next_dist_1gdrd03._.js:1945
[  497988ms] [ERROR] ./src/app/du-an/page.tsx:6:16
You're importing a module that depends on `useState` into a React Server Component module. This API is only available in Client Components. To fix, mark the file (or its parent) with the `"use client"` directive.
    Learn more: https://nextjs.org/docs/app/api-reference/directives/use-client
  4 | import { MapPin, Search } from "lucide-react";
  5 | import Link from "next/link";
> 6 | import { useMemo, useState } from "react";
    |                ^^^^^^^^
  7 |
  8 | const categories = [
  9 |   ["Biệt thự", "#biet-thu"],

Ecmascript file had an error @ http://localhost:3100/_next/static/chunks/node_modules_next_dist_1gdrd03._.js:1945
[  498052ms] [ERROR] ./src/app/du-an/page.tsx:6:16
You're importing a module that depends on `useState` into a React Server Component module. This API is only available in Client Components. To fix, mark the file (or its parent) with the `"use client"` directive.
    Learn more: https://nextjs.org/docs/app/api-reference/directives/use-client
  4 | import { MapPin, Search } from "lucide-react";
  5 | import Link from "next/link";
> 6 | import { useMemo, useState } from "react";
    |                ^^^^^^^^
  7 |
  8 | const categories = [
  9 |   ["Biệt thự", "#biet-thu"],

Ecmascript file had an error @ http://localhost:3100/_next/static/chunks/node_modules_next_dist_1gdrd03._.js:1945
[  498115ms] [ERROR] ./src/app/du-an/page.tsx:6:16
You're importing a module that depends on `useState` into a React Server Component module. This API is only available in Client Components. To fix, mark the file (or its parent) with the `"use client"` directive.
    Learn more: https://nextjs.org/docs/app/api-reference/directives/use-client
  4 | import { MapPin, Search } from "lucide-react";
  5 | import Link from "next/link";
> 6 | import { useMemo, useState } from "react";
    |                ^^^^^^^^
  7 |
  8 | const categories = [
  9 |   ["Biệt thự", "#biet-thu"],

Ecmascript file had an error @ http://localhost:3100/_next/static/chunks/node_modules_next_dist_1gdrd03._.js:1945
[  498178ms] [ERROR] ./src/app/du-an/page.tsx:6:16
You're importing a module that depends on `useState` into a React Server Component module. This API is only available in Client Components. To fix, mark the file (or its parent) with the `"use client"` directive.
    Learn more: https://nextjs.org/docs/app/api-reference/directives/use-client
  4 | import { MapPin, Search } from "lucide-react";
  5 | import Link from "next/link";
> 6 | import { useMemo, useState } from "react";
    |                ^^^^^^^^
  7 |
  8 | const categories = [
  9 |   ["Biệt thự", "#biet-thu"],

Ecmascript file had an error @ http://localhost:3100/_next/static/chunks/node_modules_next_dist_1gdrd03._.js:1945
[  498240ms] [ERROR] ./src/app/du-an/page.tsx:6:16
You're importing a module that depends on `useState` into a React Server Component module. This API is only available in Client Components. To fix, mark the file (or its parent) with the `"use client"` directive.
    Learn more: https://nextjs.org/docs/app/api-reference/directives/use-client
  4 | import { MapPin, Search } from "lucide-react";
  5 | import Link from "next/link";
> 6 | import { useMemo, useState } from "react";
    |                ^^^^^^^^
  7 |
  8 | const categories = [
  9 |   ["Biệt thự", "#biet-thu"],

Ecmascript file had an error @ http://localhost:3100/_next/static/chunks/node_modules_next_dist_1gdrd03._.js:1945
[  498302ms] [ERROR] ./src/app/du-an/page.tsx:6:16
You're importing a module that depends on `useState` into a React Server Component module. This API is only available in Client Components. To fix, mark the file (or its parent) with the `"use client"` directive.
    Learn more: https://nextjs.org/docs/app/api-reference/directives/use-client
  4 | import { MapPin, Search } from "lucide-react";
  5 | import Link from "next/link";
> 6 | import { useMemo, useState } from "react";
    |                ^^^^^^^^
  7 |
  8 | const categories = [
  9 |   ["Biệt thự", "#biet-thu"],

Ecmascript file had an error @ http://localhost:3100/_next/static/chunks/node_modules_next_dist_1gdrd03._.js:1945
[  498364ms] [ERROR] ./src/app/du-an/page.tsx:6:16
You're importing a module that depends on `useState` into a React Server Component module. This API is only available in Client Components. To fix, mark the file (or its parent) with the `"use client"` directive.
    Learn more: https://nextjs.org/docs/app/api-reference/directives/use-client
  4 | import { MapPin, Search } from "lucide-react";
  5 | import Link from "next/link";
> 6 | import { useMemo, useState } from "react";
    |                ^^^^^^^^
  7 |
  8 | const categories = [
  9 |   ["Biệt thự", "#biet-thu"],

Ecmascript file had an error @ http://localhost:3100/_next/static/chunks/node_modules_next_dist_1gdrd03._.js:1945
[  498426ms] [ERROR] ./src/app/du-an/page.tsx:6:16
You're importing a module that depends on `useState` into a React Server Component module. This API is only available in Client Components. To fix, mark the file (or its parent) with the `"use client"` directive.
    Learn more: https://nextjs.org/docs/app/api-reference/directives/use-client
  4 | import { MapPin, Search } from "lucide-react";
  5 | import Link from "next/link";
> 6 | import { useMemo, useState } from "react";
    |                ^^^^^^^^
  7 |
  8 | const categories = [
  9 |   ["Biệt thự", "#biet-thu"],

Ecmascript file had an error @ http://localhost:3100/_next/static/chunks/node_modules_next_dist_1gdrd03._.js:1945
[  498488ms] [ERROR] ./src/app/du-an/page.tsx:6:16
You're importing a module that depends on `useState` into a React Server Component module. This API is only available in Client Components. To fix, mark the file (or its parent) with the `"use client"` directive.
    Learn more: https://nextjs.org/docs/app/api-reference/directives/use-client
  4 | import { MapPin, Search } from "lucide-react";
  5 | import Link from "next/link";
> 6 | import { useMemo, useState } from "react";
    |                ^^^^^^^^
  7 |
  8 | const categories = [
  9 |   ["Biệt thự", "#biet-thu"],

Ecmascript file had an error @ http://localhost:3100/_next/static/chunks/node_modules_next_dist_1gdrd03._.js:1945
[  498551ms] [ERROR] ./src/app/du-an/page.tsx:6:16
You're importing a module that depends on `useState` into a React Server Component module. This API is only available in Client Components. To fix, mark the file (or its parent) with the `"use client"` directive.
    Learn more: https://nextjs.org/docs/app/api-reference/directives/use-client
  4 | import { MapPin, Search } from "lucide-react";
  5 | import Link from "next/link";
> 6 | import { useMemo, useState } from "react";
    |                ^^^^^^^^
  7 |
  8 | const categories = [
  9 |   ["Biệt thự", "#biet-thu"],

Ecmascript file had an error @ http://localhost:3100/_next/static/chunks/node_modules_next_dist_1gdrd03._.js:1945
[  498612ms] [ERROR] ./src/app/du-an/page.tsx:6:16
You're importing a module that depends on `useState` into a React Server Component module. This API is only available in Client Components. To fix, mark the file (or its parent) with the `"use client"` directive.
    Learn more: https://nextjs.org/docs/app/api-reference/directives/use-client
  4 | import { MapPin, Search } from "lucide-react";
  5 | import Link from "next/link";
> 6 | import { useMemo, useState } from "react";
    |                ^^^^^^^^
  7 |
  8 | const categories = [
  9 |   ["Biệt thự", "#biet-thu"],

Ecmascript file had an error @ http://localhost:3100/_next/static/chunks/node_modules_next_dist_1gdrd03._.js:1945
[  498675ms] [ERROR] ./src/app/du-an/page.tsx:6:16
You're importing a module that depends on `useState` into a React Server Component module. This API is only available in Client Components. To fix, mark the file (or its parent) with the `"use client"` directive.
    Learn more: https://nextjs.org/docs/app/api-reference/directives/use-client
  4 | import { MapPin, Search } from "lucide-react";
  5 | import Link from "next/link";
> 6 | import { useMemo, useState } from "react";
    |                ^^^^^^^^
  7 |
  8 | const categories = [
  9 |   ["Biệt thự", "#biet-thu"],

Ecmascript file had an error @ http://localhost:3100/_next/static/chunks/node_modules_next_dist_1gdrd03._.js:1945
[  498739ms] [ERROR] ./src/app/du-an/page.tsx:6:16
You're importing a module that depends on `useState` into a React Server Component module. This API is only available in Client Components. To fix, mark the file (or its parent) with the `"use client"` directive.
    Learn more: https://nextjs.org/docs/app/api-reference/directives/use-client
  4 | import { MapPin, Search } from "lucide-react";
  5 | import Link from "next/link";
> 6 | import { useMemo, useState } from "react";
    |                ^^^^^^^^
  7 |
  8 | const categories = [
  9 |   ["Biệt thự", "#biet-thu"],

Ecmascript file had an error @ http://localhost:3100/_next/static/chunks/node_modules_next_dist_1gdrd03._.js:1945
[  498802ms] [ERROR] ./src/app/du-an/page.tsx:6:16
You're importing a module that depends on `useState` into a React Server Component module. This API is only available in Client Components. To fix, mark the file (or its parent) with the `"use client"` directive.
    Learn more: https://nextjs.org/docs/app/api-reference/directives/use-client
  4 | import { MapPin, Search } from "lucide-react";
  5 | import Link from "next/link";
> 6 | import { useMemo, useState } from "react";
    |                ^^^^^^^^
  7 |
  8 | const categories = [
  9 |   ["Biệt thự", "#biet-thu"],

Ecmascript file had an error @ http://localhost:3100/_next/static/chunks/node_modules_next_dist_1gdrd03._.js:1945
[  498865ms] [ERROR] ./src/app/du-an/page.tsx:6:16
You're importing a module that depends on `useState` into a React Server Component module. This API is only available in Client Components. To fix, mark the file (or its parent) with the `"use client"` directive.
    Learn more: https://nextjs.org/docs/app/api-reference/directives/use-client
  4 | import { MapPin, Search } from "lucide-react";
  5 | import Link from "next/link";
> 6 | import { useMemo, useState } from "react";
    |                ^^^^^^^^
  7 |
  8 | const categories = [
  9 |   ["Biệt thự", "#biet-thu"],

Ecmascript file had an error @ http://localhost:3100/_next/static/chunks/node_modules_next_dist_1gdrd03._.js:1945
[  498928ms] [ERROR] ./src/app/du-an/page.tsx:6:16
You're importing a module that depends on `useState` into a React Server Component module. This API is only available in Client Components. To fix, mark the file (or its parent) with the `"use client"` directive.
    Learn more: https://nextjs.org/docs/app/api-reference/directives/use-client
  4 | import { MapPin, Search } from "lucide-react";
  5 | import Link from "next/link";
> 6 | import { useMemo, useState } from "react";
    |                ^^^^^^^^
  7 |
  8 | const categories = [
  9 |   ["Biệt thự", "#biet-thu"],

Ecmascript file had an error @ http://localhost:3100/_next/static/chunks/node_modules_next_dist_1gdrd03._.js:1945
[  498992ms] [ERROR] ./src/app/du-an/page.tsx:6:16
You're importing a module that depends on `useState` into a React Server Component module. This API is only available in Client Components. To fix, mark the file (or its parent) with the `"use client"` directive.
    Learn more: https://nextjs.org/docs/app/api-reference/directives/use-client
  4 | import { MapPin, Search } from "lucide-react";
  5 | import Link from "next/link";
> 6 | import { useMemo, useState } from "react";
    |                ^^^^^^^^
  7 |
  8 | const categories = [
  9 |   ["Biệt thự", "#biet-thu"],

Ecmascript file had an error @ http://localhost:3100/_next/static/chunks/node_modules_next_dist_1gdrd03._.js:1945
[  499054ms] [ERROR] ./src/app/du-an/page.tsx:6:16
You're importing a module that depends on `useState` into a React Server Component module. This API is only available in Client Components. To fix, mark the file (or its parent) with the `"use client"` directive.
    Learn more: https://nextjs.org/docs/app/api-reference/directives/use-client
  4 | import { MapPin, Search } from "lucide-react";
  5 | import Link from "next/link";
> 6 | import { useMemo, useState } from "react";
    |                ^^^^^^^^
  7 |
  8 | const categories = [
  9 |   ["Biệt thự", "#biet-thu"],

Ecmascript file had an error @ http://localhost:3100/_next/static/chunks/node_modules_next_dist_1gdrd03._.js:1945
[  499118ms] [ERROR] ./src/app/du-an/page.tsx:6:16
You're importing a module that depends on `useState` into a React Server Component module. This API is only available in Client Components. To fix, mark the file (or its parent) with the `"use client"` directive.
    Learn more: https://nextjs.org/docs/app/api-reference/directives/use-client
  4 | import { MapPin, Search } from "lucide-react";
  5 | import Link from "next/link";
> 6 | import { useMemo, useState } from "react";
    |                ^^^^^^^^
  7 |
  8 | const categories = [
  9 |   ["Biệt thự", "#biet-thu"],

Ecmascript file had an error @ http://localhost:3100/_next/static/chunks/node_modules_next_dist_1gdrd03._.js:1945
[  499182ms] [ERROR] ./src/app/du-an/page.tsx:6:16
You're importing a module that depends on `useState` into a React Server Component module. This API is only available in Client Components. To fix, mark the file (or its parent) with the `"use client"` directive.
    Learn more: https://nextjs.org/docs/app/api-reference/directives/use-client
  4 | import { MapPin, Search } from "lucide-react";
  5 | import Link from "next/link";
> 6 | import { useMemo, useState } from "react";
    |                ^^^^^^^^
  7 |
  8 | const categories = [
  9 |   ["Biệt thự", "#biet-thu"],

Ecmascript file had an error @ http://localhost:3100/_next/static/chunks/node_modules_next_dist_1gdrd03._.js:1945
[  499246ms] [ERROR] ./src/app/du-an/page.tsx:6:16
You're importing a module that depends on `useState` into a React Server Component module. This API is only available in Client Components. To fix, mark the file (or its parent) with the `"use client"` directive.
    Learn more: https://nextjs.org/docs/app/api-reference/directives/use-client
  4 | import { MapPin, Search } from "lucide-react";
  5 | import Link from "next/link";
> 6 | import { useMemo, useState } from "react";
    |                ^^^^^^^^
  7 |
  8 | const categories = [
  9 |   ["Biệt thự", "#biet-thu"],

Ecmascript file had an error @ http://localhost:3100/_next/static/chunks/node_modules_next_dist_1gdrd03._.js:1945
[  499308ms] [ERROR] ./src/app/du-an/page.tsx:6:16
You're importing a module that depends on `useState` into a React Server Component module. This API is only available in Client Components. To fix, mark the file (or its parent) with the `"use client"` directive.
    Learn more: https://nextjs.org/docs/app/api-reference/directives/use-client
  4 | import { MapPin, Search } from "lucide-react";
  5 | import Link from "next/link";
> 6 | import { useMemo, useState } from "react";
    |                ^^^^^^^^
  7 |
  8 | const categories = [
  9 |   ["Biệt thự", "#biet-thu"],

Ecmascript file had an error @ http://localhost:3100/_next/static/chunks/node_modules_next_dist_1gdrd03._.js:1945
[  499370ms] [ERROR] ./src/app/du-an/page.tsx:6:16
You're importing a module that depends on `useState` into a React Server Component module. This API is only available in Client Components. To fix, mark the file (or its parent) with the `"use client"` directive.
    Learn more: https://nextjs.org/docs/app/api-reference/directives/use-client
  4 | import { MapPin, Search } from "lucide-react";
  5 | import Link from "next/link";
> 6 | import { useMemo, useState } from "react";
    |                ^^^^^^^^
  7 |
  8 | const categories = [
  9 |   ["Biệt thự", "#biet-thu"],

Ecmascript file had an error @ http://localhost:3100/_next/static/chunks/node_modules_next_dist_1gdrd03._.js:1945
[  499433ms] [ERROR] ./src/app/du-an/page.tsx:6:16
You're importing a module that depends on `useState` into a React Server Component module. This API is only available in Client Components. To fix, mark the file (or its parent) with the `"use client"` directive.
    Learn more: https://nextjs.org/docs/app/api-reference/directives/use-client
  4 | import { MapPin, Search } from "lucide-react";
  5 | import Link from "next/link";
> 6 | import { useMemo, useState } from "react";
    |                ^^^^^^^^
  7 |
  8 | const categories = [
  9 |   ["Biệt thự", "#biet-thu"],

Ecmascript file had an error @ http://localhost:3100/_next/static/chunks/node_modules_next_dist_1gdrd03._.js:1945
[  499498ms] [ERROR] ./src/app/du-an/page.tsx:6:16
You're importing a module that depends on `useState` into a React Server Component module. This API is only available in Client Components. To fix, mark the file (or its parent) with the `"use client"` directive.
    Learn more: https://nextjs.org/docs/app/api-reference/directives/use-client
  4 | import { MapPin, Search } from "lucide-react";
  5 | import Link from "next/link";
> 6 | import { useMemo, useState } from "react";
    |                ^^^^^^^^
  7 |
  8 | const categories = [
  9 |   ["Biệt thự", "#biet-thu"],

Ecmascript file had an error @ http://localhost:3100/_next/static/chunks/node_modules_next_dist_1gdrd03._.js:1945
[  499560ms] [ERROR] ./src/app/du-an/page.tsx:6:16
You're importing a module that depends on `useState` into a React Server Component module. This API is only available in Client Components. To fix, mark the file (or its parent) with the `"use client"` directive.
    Learn more: https://nextjs.org/docs/app/api-reference/directives/use-client
  4 | import { MapPin, Search } from "lucide-react";
  5 | import Link from "next/link";
> 6 | import { useMemo, useState } from "react";
    |                ^^^^^^^^
  7 |
  8 | const categories = [
  9 |   ["Biệt thự", "#biet-thu"],

Ecmascript file had an error @ http://localhost:3100/_next/static/chunks/node_modules_next_dist_1gdrd03._.js:1945
[  499625ms] [ERROR] ./src/app/du-an/page.tsx:6:16
You're importing a module that depends on `useState` into a React Server Component module. This API is only available in Client Components. To fix, mark the file (or its parent) with the `"use client"` directive.
    Learn more: https://nextjs.org/docs/app/api-reference/directives/use-client
  4 | import { MapPin, Search } from "lucide-react";
  5 | import Link from "next/link";
> 6 | import { useMemo, useState } from "react";
    |                ^^^^^^^^
  7 |
  8 | const categories = [
  9 |   ["Biệt thự", "#biet-thu"],

Ecmascript file had an error @ http://localhost:3100/_next/static/chunks/node_modules_next_dist_1gdrd03._.js:1945
[  499688ms] [ERROR] ./src/app/du-an/page.tsx:6:16
You're importing a module that depends on `useState` into a React Server Component module. This API is only available in Client Components. To fix, mark the file (or its parent) with the `"use client"` directive.
    Learn more: https://nextjs.org/docs/app/api-reference/directives/use-client
  4 | import { MapPin, Search } from "lucide-react";
  5 | import Link from "next/link";
> 6 | import { useMemo, useState } from "react";
    |                ^^^^^^^^
  7 |
  8 | const categories = [
  9 |   ["Biệt thự", "#biet-thu"],

Ecmascript file had an error @ http://localhost:3100/_next/static/chunks/node_modules_next_dist_1gdrd03._.js:1945
[  499750ms] [ERROR] ./src/app/du-an/page.tsx:6:16
You're importing a module that depends on `useState` into a React Server Component module. This API is only available in Client Components. To fix, mark the file (or its parent) with the `"use client"` directive.
    Learn more: https://nextjs.org/docs/app/api-reference/directives/use-client
  4 | import { MapPin, Search } from "lucide-react";
  5 | import Link from "next/link";
> 6 | import { useMemo, useState } from "react";
    |                ^^^^^^^^
  7 |
  8 | const categories = [
  9 |   ["Biệt thự", "#biet-thu"],

Ecmascript file had an error @ http://localhost:3100/_next/static/chunks/node_modules_next_dist_1gdrd03._.js:1945
[  499812ms] [ERROR] ./src/app/du-an/page.tsx:6:16
You're importing a module that depends on `useState` into a React Server Component module. This API is only available in Client Components. To fix, mark the file (or its parent) with the `"use client"` directive.
    Learn more: https://nextjs.org/docs/app/api-reference/directives/use-client
  4 | import { MapPin, Search } from "lucide-react";
  5 | import Link from "next/link";
> 6 | import { useMemo, useState } from "react";
    |                ^^^^^^^^
  7 |
  8 | const categories = [
  9 |   ["Biệt thự", "#biet-thu"],

Ecmascript file had an error @ http://localhost:3100/_next/static/chunks/node_modules_next_dist_1gdrd03._.js:1945
[  499873ms] [ERROR] ./src/app/du-an/page.tsx:6:16
You're importing a module that depends on `useState` into a React Server Component module. This API is only available in Client Components. To fix, mark the file (or its parent) with the `"use client"` directive.
    Learn more: https://nextjs.org/docs/app/api-reference/directives/use-client
  4 | import { MapPin, Search } from "lucide-react";
  5 | import Link from "next/link";
> 6 | import { useMemo, useState } from "react";
    |                ^^^^^^^^
  7 |
  8 | const categories = [
  9 |   ["Biệt thự", "#biet-thu"],

Ecmascript file had an error @ http://localhost:3100/_next/static/chunks/node_modules_next_dist_1gdrd03._.js:1945
[  499936ms] [ERROR] ./src/app/du-an/page.tsx:6:16
You're importing a module that depends on `useState` into a React Server Component module. This API is only available in Client Components. To fix, mark the file (or its parent) with the `"use client"` directive.
    Learn more: https://nextjs.org/docs/app/api-reference/directives/use-client
  4 | import { MapPin, Search } from "lucide-react";
  5 | import Link from "next/link";
> 6 | import { useMemo, useState } from "react";
    |                ^^^^^^^^
  7 |
  8 | const categories = [
  9 |   ["Biệt thự", "#biet-thu"],

Ecmascript file had an error @ http://localhost:3100/_next/static/chunks/node_modules_next_dist_1gdrd03._.js:1945
[  500000ms] [ERROR] ./src/app/du-an/page.tsx:6:16
You're importing a module that depends on `useState` into a React Server Component module. This API is only available in Client Components. To fix, mark the file (or its parent) with the `"use client"` directive.
    Learn more: https://nextjs.org/docs/app/api-reference/directives/use-client
  4 | import { MapPin, Search } from "lucide-react";
  5 | import Link from "next/link";
> 6 | import { useMemo, useState } from "react";
    |                ^^^^^^^^
  7 |
  8 | const categories = [
  9 |   ["Biệt thự", "#biet-thu"],

Ecmascript file had an error @ http://localhost:3100/_next/static/chunks/node_modules_next_dist_1gdrd03._.js:1945
[  500063ms] [ERROR] ./src/app/du-an/page.tsx:6:16
You're importing a module that depends on `useState` into a React Server Component module. This API is only available in Client Components. To fix, mark the file (or its parent) with the `"use client"` directive.
    Learn more: https://nextjs.org/docs/app/api-reference/directives/use-client
  4 | import { MapPin, Search } from "lucide-react";
  5 | import Link from "next/link";
> 6 | import { useMemo, useState } from "react";
    |                ^^^^^^^^
  7 |
  8 | const categories = [
  9 |   ["Biệt thự", "#biet-thu"],

Ecmascript file had an error @ http://localhost:3100/_next/static/chunks/node_modules_next_dist_1gdrd03._.js:1945
[  500128ms] [ERROR] ./src/app/du-an/page.tsx:6:16
You're importing a module that depends on `useState` into a React Server Component module. This API is only available in Client Components. To fix, mark the file (or its parent) with the `"use client"` directive.
    Learn more: https://nextjs.org/docs/app/api-reference/directives/use-client
  4 | import { MapPin, Search } from "lucide-react";
  5 | import Link from "next/link";
> 6 | import { useMemo, useState } from "react";
    |                ^^^^^^^^
  7 |
  8 | const categories = [
  9 |   ["Biệt thự", "#biet-thu"],

Ecmascript file had an error @ http://localhost:3100/_next/static/chunks/node_modules_next_dist_1gdrd03._.js:1945
[  500191ms] [ERROR] ./src/app/du-an/page.tsx:6:16
You're importing a module that depends on `useState` into a React Server Component module. This API is only available in Client Components. To fix, mark the file (or its parent) with the `"use client"` directive.
    Learn more: https://nextjs.org/docs/app/api-reference/directives/use-client
  4 | import { MapPin, Search } from "lucide-react";
  5 | import Link from "next/link";
> 6 | import { useMemo, useState } from "react";
    |                ^^^^^^^^
  7 |
  8 | const categories = [
  9 |   ["Biệt thự", "#biet-thu"],

Ecmascript file had an error @ http://localhost:3100/_next/static/chunks/node_modules_next_dist_1gdrd03._.js:1945
[  500255ms] [ERROR] ./src/app/du-an/page.tsx:6:16
You're importing a module that depends on `useState` into a React Server Component module. This API is only available in Client Components. To fix, mark the file (or its parent) with the `"use client"` directive.
    Learn more: https://nextjs.org/docs/app/api-reference/directives/use-client
  4 | import { MapPin, Search } from "lucide-react";
  5 | import Link from "next/link";
> 6 | import { useMemo, useState } from "react";
    |                ^^^^^^^^
  7 |
  8 | const categories = [
  9 |   ["Biệt thự", "#biet-thu"],

Ecmascript file had an error @ http://localhost:3100/_next/static/chunks/node_modules_next_dist_1gdrd03._.js:1945
[  500318ms] [ERROR] ./src/app/du-an/page.tsx:6:16
You're importing a module that depends on `useState` into a React Server Component module. This API is only available in Client Components. To fix, mark the file (or its parent) with the `"use client"` directive.
    Learn more: https://nextjs.org/docs/app/api-reference/directives/use-client
  4 | import { MapPin, Search } from "lucide-react";
  5 | import Link from "next/link";
> 6 | import { useMemo, useState } from "react";
    |                ^^^^^^^^
  7 |
  8 | const categories = [
  9 |   ["Biệt thự", "#biet-thu"],

Ecmascript file had an error @ http://localhost:3100/_next/static/chunks/node_modules_next_dist_1gdrd03._.js:1945
[  500379ms] [ERROR] ./src/app/du-an/page.tsx:6:16
You're importing a module that depends on `useState` into a React Server Component module. This API is only available in Client Components. To fix, mark the file (or its parent) with the `"use client"` directive.
    Learn more: https://nextjs.org/docs/app/api-reference/directives/use-client
  4 | import { MapPin, Search } from "lucide-react";
  5 | import Link from "next/link";
> 6 | import { useMemo, useState } from "react";
    |                ^^^^^^^^
  7 |
  8 | const categories = [
  9 |   ["Biệt thự", "#biet-thu"],

Ecmascript file had an error @ http://localhost:3100/_next/static/chunks/node_modules_next_dist_1gdrd03._.js:1945
[  500441ms] [ERROR] ./src/app/du-an/page.tsx:6:16
You're importing a module that depends on `useState` into a React Server Component module. This API is only available in Client Components. To fix, mark the file (or its parent) with the `"use client"` directive.
    Learn more: https://nextjs.org/docs/app/api-reference/directives/use-client
  4 | import { MapPin, Search } from "lucide-react";
  5 | import Link from "next/link";
> 6 | import { useMemo, useState } from "react";
    |                ^^^^^^^^
  7 |
  8 | const categories = [
  9 |   ["Biệt thự", "#biet-thu"],

Ecmascript file had an error @ http://localhost:3100/_next/static/chunks/node_modules_next_dist_1gdrd03._.js:1945
[  500502ms] [ERROR] ./src/app/du-an/page.tsx:6:16
You're importing a module that depends on `useState` into a React Server Component module. This API is only available in Client Components. To fix, mark the file (or its parent) with the `"use client"` directive.
    Learn more: https://nextjs.org/docs/app/api-reference/directives/use-client
  4 | import { MapPin, Search } from "lucide-react";
  5 | import Link from "next/link";
> 6 | import { useMemo, useState } from "react";
    |                ^^^^^^^^
  7 |
  8 | const categories = [
  9 |   ["Biệt thự", "#biet-thu"],

Ecmascript file had an error @ http://localhost:3100/_next/static/chunks/node_modules_next_dist_1gdrd03._.js:1945
[  500564ms] [ERROR] ./src/app/du-an/page.tsx:6:16
You're importing a module that depends on `useState` into a React Server Component module. This API is only available in Client Components. To fix, mark the file (or its parent) with the `"use client"` directive.
    Learn more: https://nextjs.org/docs/app/api-reference/directives/use-client
  4 | import { MapPin, Search } from "lucide-react";
  5 | import Link from "next/link";
> 6 | import { useMemo, useState } from "react";
    |                ^^^^^^^^
  7 |
  8 | const categories = [
  9 |   ["Biệt thự", "#biet-thu"],

Ecmascript file had an error @ http://localhost:3100/_next/static/chunks/node_modules_next_dist_1gdrd03._.js:1945
[  500627ms] [ERROR] ./src/app/du-an/page.tsx:6:16
You're importing a module that depends on `useState` into a React Server Component module. This API is only available in Client Components. To fix, mark the file (or its parent) with the `"use client"` directive.
    Learn more: https://nextjs.org/docs/app/api-reference/directives/use-client
  4 | import { MapPin, Search } from "lucide-react";
  5 | import Link from "next/link";
> 6 | import { useMemo, useState } from "react";
    |                ^^^^^^^^
  7 |
  8 | const categories = [
  9 |   ["Biệt thự", "#biet-thu"],

Ecmascript file had an error @ http://localhost:3100/_next/static/chunks/node_modules_next_dist_1gdrd03._.js:1945
[  500689ms] [ERROR] ./src/app/du-an/page.tsx:6:16
You're importing a module that depends on `useState` into a React Server Component module. This API is only available in Client Components. To fix, mark the file (or its parent) with the `"use client"` directive.
    Learn more: https://nextjs.org/docs/app/api-reference/directives/use-client
  4 | import { MapPin, Search } from "lucide-react";
  5 | import Link from "next/link";
> 6 | import { useMemo, useState } from "react";
    |                ^^^^^^^^
  7 |
  8 | const categories = [
  9 |   ["Biệt thự", "#biet-thu"],

Ecmascript file had an error @ http://localhost:3100/_next/static/chunks/node_modules_next_dist_1gdrd03._.js:1945
[  500753ms] [ERROR] ./src/app/du-an/page.tsx:6:16
You're importing a module that depends on `useState` into a React Server Component module. This API is only available in Client Components. To fix, mark the file (or its parent) with the `"use client"` directive.
    Learn more: https://nextjs.org/docs/app/api-reference/directives/use-client
  4 | import { MapPin, Search } from "lucide-react";
  5 | import Link from "next/link";
> 6 | import { useMemo, useState } from "react";
    |                ^^^^^^^^
  7 |
  8 | const categories = [
  9 |   ["Biệt thự", "#biet-thu"],

Ecmascript file had an error @ http://localhost:3100/_next/static/chunks/node_modules_next_dist_1gdrd03._.js:1945
[  500816ms] [ERROR] ./src/app/du-an/page.tsx:6:16
You're importing a module that depends on `useState` into a React Server Component module. This API is only available in Client Components. To fix, mark the file (or its parent) with the `"use client"` directive.
    Learn more: https://nextjs.org/docs/app/api-reference/directives/use-client
  4 | import { MapPin, Search } from "lucide-react";
  5 | import Link from "next/link";
> 6 | import { useMemo, useState } from "react";
    |                ^^^^^^^^
  7 |
  8 | const categories = [
  9 |   ["Biệt thự", "#biet-thu"],

Ecmascript file had an error @ http://localhost:3100/_next/static/chunks/node_modules_next_dist_1gdrd03._.js:1945
[  500879ms] [ERROR] ./src/app/du-an/page.tsx:6:16
You're importing a module that depends on `useState` into a React Server Component module. This API is only available in Client Components. To fix, mark the file (or its parent) with the `"use client"` directive.
    Learn more: https://nextjs.org/docs/app/api-reference/directives/use-client
  4 | import { MapPin, Search } from "lucide-react";
  5 | import Link from "next/link";
> 6 | import { useMemo, useState } from "react";
    |                ^^^^^^^^
  7 |
  8 | const categories = [
  9 |   ["Biệt thự", "#biet-thu"],

Ecmascript file had an error @ http://localhost:3100/_next/static/chunks/node_modules_next_dist_1gdrd03._.js:1945
[  500942ms] [ERROR] ./src/app/du-an/page.tsx:6:16
You're importing a module that depends on `useState` into a React Server Component module. This API is only available in Client Components. To fix, mark the file (or its parent) with the `"use client"` directive.
    Learn more: https://nextjs.org/docs/app/api-reference/directives/use-client
  4 | import { MapPin, Search } from "lucide-react";
  5 | import Link from "next/link";
> 6 | import { useMemo, useState } from "react";
    |                ^^^^^^^^
  7 |
  8 | const categories = [
  9 |   ["Biệt thự", "#biet-thu"],

Ecmascript file had an error @ http://localhost:3100/_next/static/chunks/node_modules_next_dist_1gdrd03._.js:1945
[  501006ms] [ERROR] ./src/app/du-an/page.tsx:6:16
You're importing a module that depends on `useState` into a React Server Component module. This API is only available in Client Components. To fix, mark the file (or its parent) with the `"use client"` directive.
    Learn more: https://nextjs.org/docs/app/api-reference/directives/use-client
  4 | import { MapPin, Search } from "lucide-react";
  5 | import Link from "next/link";
> 6 | import { useMemo, useState } from "react";
    |                ^^^^^^^^
  7 |
  8 | const categories = [
  9 |   ["Biệt thự", "#biet-thu"],

Ecmascript file had an error @ http://localhost:3100/_next/static/chunks/node_modules_next_dist_1gdrd03._.js:1945
[  501069ms] [ERROR] ./src/app/du-an/page.tsx:6:16
You're importing a module that depends on `useState` into a React Server Component module. This API is only available in Client Components. To fix, mark the file (or its parent) with the `"use client"` directive.
    Learn more: https://nextjs.org/docs/app/api-reference/directives/use-client
  4 | import { MapPin, Search } from "lucide-react";
  5 | import Link from "next/link";
> 6 | import { useMemo, useState } from "react";
    |                ^^^^^^^^
  7 |
  8 | const categories = [
  9 |   ["Biệt thự", "#biet-thu"],

Ecmascript file had an error @ http://localhost:3100/_next/static/chunks/node_modules_next_dist_1gdrd03._.js:1945
[  501135ms] [ERROR] ./src/app/du-an/page.tsx:6:16
You're importing a module that depends on `useState` into a React Server Component module. This API is only available in Client Components. To fix, mark the file (or its parent) with the `"use client"` directive.
    Learn more: https://nextjs.org/docs/app/api-reference/directives/use-client
  4 | import { MapPin, Search } from "lucide-react";
  5 | import Link from "next/link";
> 6 | import { useMemo, useState } from "react";
    |                ^^^^^^^^
  7 |
  8 | const categories = [
  9 |   ["Biệt thự", "#biet-thu"],

Ecmascript file had an error @ http://localhost:3100/_next/static/chunks/node_modules_next_dist_1gdrd03._.js:1945
[  501196ms] [ERROR] ./src/app/du-an/page.tsx:6:16
You're importing a module that depends on `useState` into a React Server Component module. This API is only available in Client Components. To fix, mark the file (or its parent) with the `"use client"` directive.
    Learn more: https://nextjs.org/docs/app/api-reference/directives/use-client
  4 | import { MapPin, Search } from "lucide-react";
  5 | import Link from "next/link";
> 6 | import { useMemo, useState } from "react";
    |                ^^^^^^^^
  7 |
  8 | const categories = [
  9 |   ["Biệt thự", "#biet-thu"],

Ecmascript file had an error @ http://localhost:3100/_next/static/chunks/node_modules_next_dist_1gdrd03._.js:1945
[  501260ms] [ERROR] ./src/app/du-an/page.tsx:6:16
You're importing a module that depends on `useState` into a React Server Component module. This API is only available in Client Components. To fix, mark the file (or its parent) with the `"use client"` directive.
    Learn more: https://nextjs.org/docs/app/api-reference/directives/use-client
  4 | import { MapPin, Search } from "lucide-react";
  5 | import Link from "next/link";
> 6 | import { useMemo, useState } from "react";
    |                ^^^^^^^^
  7 |
  8 | const categories = [
  9 |   ["Biệt thự", "#biet-thu"],

Ecmascript file had an error @ http://localhost:3100/_next/static/chunks/node_modules_next_dist_1gdrd03._.js:1945
[  501323ms] [ERROR] ./src/app/du-an/page.tsx:6:16
You're importing a module that depends on `useState` into a React Server Component module. This API is only available in Client Components. To fix, mark the file (or its parent) with the `"use client"` directive.
    Learn more: https://nextjs.org/docs/app/api-reference/directives/use-client
  4 | import { MapPin, Search } from "lucide-react";
  5 | import Link from "next/link";
> 6 | import { useMemo, useState } from "react";
    |                ^^^^^^^^
  7 |
  8 | const categories = [
  9 |   ["Biệt thự", "#biet-thu"],

Ecmascript file had an error @ http://localhost:3100/_next/static/chunks/node_modules_next_dist_1gdrd03._.js:1945
[  501386ms] [ERROR] ./src/app/du-an/page.tsx:6:16
You're importing a module that depends on `useState` into a React Server Component module. This API is only available in Client Components. To fix, mark the file (or its parent) with the `"use client"` directive.
    Learn more: https://nextjs.org/docs/app/api-reference/directives/use-client
  4 | import { MapPin, Search } from "lucide-react";
  5 | import Link from "next/link";
> 6 | import { useMemo, useState } from "react";
    |                ^^^^^^^^
  7 |
  8 | const categories = [
  9 |   ["Biệt thự", "#biet-thu"],

Ecmascript file had an error @ http://localhost:3100/_next/static/chunks/node_modules_next_dist_1gdrd03._.js:1945
[  501450ms] [ERROR] ./src/app/du-an/page.tsx:6:16
You're importing a module that depends on `useState` into a React Server Component module. This API is only available in Client Components. To fix, mark the file (or its parent) with the `"use client"` directive.
    Learn more: https://nextjs.org/docs/app/api-reference/directives/use-client
  4 | import { MapPin, Search } from "lucide-react";
  5 | import Link from "next/link";
> 6 | import { useMemo, useState } from "react";
    |                ^^^^^^^^
  7 |
  8 | const categories = [
  9 |   ["Biệt thự", "#biet-thu"],

Ecmascript file had an error @ http://localhost:3100/_next/static/chunks/node_modules_next_dist_1gdrd03._.js:1945
[  501511ms] [ERROR] ./src/app/du-an/page.tsx:6:16
You're importing a module that depends on `useState` into a React Server Component module. This API is only available in Client Components. To fix, mark the file (or its parent) with the `"use client"` directive.
    Learn more: https://nextjs.org/docs/app/api-reference/directives/use-client
  4 | import { MapPin, Search } from "lucide-react";
  5 | import Link from "next/link";
> 6 | import { useMemo, useState } from "react";
    |                ^^^^^^^^
  7 |
  8 | const categories = [
  9 |   ["Biệt thự", "#biet-thu"],

Ecmascript file had an error @ http://localhost:3100/_next/static/chunks/node_modules_next_dist_1gdrd03._.js:1945
[  501573ms] [ERROR] ./src/app/du-an/page.tsx:6:16
You're importing a module that depends on `useState` into a React Server Component module. This API is only available in Client Components. To fix, mark the file (or its parent) with the `"use client"` directive.
    Learn more: https://nextjs.org/docs/app/api-reference/directives/use-client
  4 | import { MapPin, Search } from "lucide-react";
  5 | import Link from "next/link";
> 6 | import { useMemo, useState } from "react";
    |                ^^^^^^^^
  7 |
  8 | const categories = [
  9 |   ["Biệt thự", "#biet-thu"],

Ecmascript file had an error @ http://localhost:3100/_next/static/chunks/node_modules_next_dist_1gdrd03._.js:1945
[  501637ms] [ERROR] ./src/app/du-an/page.tsx:6:16
You're importing a module that depends on `useState` into a React Server Component module. This API is only available in Client Components. To fix, mark the file (or its parent) with the `"use client"` directive.
    Learn more: https://nextjs.org/docs/app/api-reference/directives/use-client
  4 | import { MapPin, Search } from "lucide-react";
  5 | import Link from "next/link";
> 6 | import { useMemo, useState } from "react";
    |                ^^^^^^^^
  7 |
  8 | const categories = [
  9 |   ["Biệt thự", "#biet-thu"],

Ecmascript file had an error @ http://localhost:3100/_next/static/chunks/node_modules_next_dist_1gdrd03._.js:1945
[  501699ms] [ERROR] ./src/app/du-an/page.tsx:6:16
You're importing a module that depends on `useState` into a React Server Component module. This API is only available in Client Components. To fix, mark the file (or its parent) with the `"use client"` directive.
    Learn more: https://nextjs.org/docs/app/api-reference/directives/use-client
  4 | import { MapPin, Search } from "lucide-react";
  5 | import Link from "next/link";
> 6 | import { useMemo, useState } from "react";
    |                ^^^^^^^^
  7 |
  8 | const categories = [
  9 |   ["Biệt thự", "#biet-thu"],

Ecmascript file had an error @ http://localhost:3100/_next/static/chunks/node_modules_next_dist_1gdrd03._.js:1945
[  501761ms] [ERROR] ./src/app/du-an/page.tsx:6:16
You're importing a module that depends on `useState` into a React Server Component module. This API is only available in Client Components. To fix, mark the file (or its parent) with the `"use client"` directive.
    Learn more: https://nextjs.org/docs/app/api-reference/directives/use-client
  4 | import { MapPin, Search } from "lucide-react";
  5 | import Link from "next/link";
> 6 | import { useMemo, useState } from "react";
    |                ^^^^^^^^
  7 |
  8 | const categories = [
  9 |   ["Biệt thự", "#biet-thu"],

Ecmascript file had an error @ http://localhost:3100/_next/static/chunks/node_modules_next_dist_1gdrd03._.js:1945
[  501824ms] [ERROR] ./src/app/du-an/page.tsx:6:16
You're importing a module that depends on `useState` into a React Server Component module. This API is only available in Client Components. To fix, mark the file (or its parent) with the `"use client"` directive.
    Learn more: https://nextjs.org/docs/app/api-reference/directives/use-client
  4 | import { MapPin, Search } from "lucide-react";
  5 | import Link from "next/link";
> 6 | import { useMemo, useState } from "react";
    |                ^^^^^^^^
  7 |
  8 | const categories = [
  9 |   ["Biệt thự", "#biet-thu"],

Ecmascript file had an error @ http://localhost:3100/_next/static/chunks/node_modules_next_dist_1gdrd03._.js:1945
[  501886ms] [ERROR] ./src/app/du-an/page.tsx:6:16
You're importing a module that depends on `useState` into a React Server Component module. This API is only available in Client Components. To fix, mark the file (or its parent) with the `"use client"` directive.
    Learn more: https://nextjs.org/docs/app/api-reference/directives/use-client
  4 | import { MapPin, Search } from "lucide-react";
  5 | import Link from "next/link";
> 6 | import { useMemo, useState } from "react";
    |                ^^^^^^^^
  7 |
  8 | const categories = [
  9 |   ["Biệt thự", "#biet-thu"],

Ecmascript file had an error @ http://localhost:3100/_next/static/chunks/node_modules_next_dist_1gdrd03._.js:1945
[  501950ms] [ERROR] ./src/app/du-an/page.tsx:6:16
You're importing a module that depends on `useState` into a React Server Component module. This API is only available in Client Components. To fix, mark the file (or its parent) with the `"use client"` directive.
    Learn more: https://nextjs.org/docs/app/api-reference/directives/use-client
  4 | import { MapPin, Search } from "lucide-react";
  5 | import Link from "next/link";
> 6 | import { useMemo, useState } from "react";
    |                ^^^^^^^^
  7 |
  8 | const categories = [
  9 |   ["Biệt thự", "#biet-thu"],

Ecmascript file had an error @ http://localhost:3100/_next/static/chunks/node_modules_next_dist_1gdrd03._.js:1945
[  502013ms] [ERROR] ./src/app/du-an/page.tsx:6:16
You're importing a module that depends on `useState` into a React Server Component module. This API is only available in Client Components. To fix, mark the file (or its parent) with the `"use client"` directive.
    Learn more: https://nextjs.org/docs/app/api-reference/directives/use-client
  4 | import { MapPin, Search } from "lucide-react";
  5 | import Link from "next/link";
> 6 | import { useMemo, useState } from "react";
    |                ^^^^^^^^
  7 |
  8 | const categories = [
  9 |   ["Biệt thự", "#biet-thu"],

Ecmascript file had an error @ http://localhost:3100/_next/static/chunks/node_modules_next_dist_1gdrd03._.js:1945
[  502074ms] [ERROR] ./src/app/du-an/page.tsx:6:16
You're importing a module that depends on `useState` into a React Server Component module. This API is only available in Client Components. To fix, mark the file (or its parent) with the `"use client"` directive.
    Learn more: https://nextjs.org/docs/app/api-reference/directives/use-client
  4 | import { MapPin, Search } from "lucide-react";
  5 | import Link from "next/link";
> 6 | import { useMemo, useState } from "react";
    |                ^^^^^^^^
  7 |
  8 | const categories = [
  9 |   ["Biệt thự", "#biet-thu"],

Ecmascript file had an error @ http://localhost:3100/_next/static/chunks/node_modules_next_dist_1gdrd03._.js:1945
[  502135ms] [ERROR] ./src/app/du-an/page.tsx:6:16
You're importing a module that depends on `useState` into a React Server Component module. This API is only available in Client Components. To fix, mark the file (or its parent) with the `"use client"` directive.
    Learn more: https://nextjs.org/docs/app/api-reference/directives/use-client
  4 | import { MapPin, Search } from "lucide-react";
  5 | import Link from "next/link";
> 6 | import { useMemo, useState } from "react";
    |                ^^^^^^^^
  7 |
  8 | const categories = [
  9 |   ["Biệt thự", "#biet-thu"],

Ecmascript file had an error @ http://localhost:3100/_next/static/chunks/node_modules_next_dist_1gdrd03._.js:1945
[  502198ms] [ERROR] ./src/app/du-an/page.tsx:6:16
You're importing a module that depends on `useState` into a React Server Component module. This API is only available in Client Components. To fix, mark the file (or its parent) with the `"use client"` directive.
    Learn more: https://nextjs.org/docs/app/api-reference/directives/use-client
  4 | import { MapPin, Search } from "lucide-react";
  5 | import Link from "next/link";
> 6 | import { useMemo, useState } from "react";
    |                ^^^^^^^^
  7 |
  8 | const categories = [
  9 |   ["Biệt thự", "#biet-thu"],

Ecmascript file had an error @ http://localhost:3100/_next/static/chunks/node_modules_next_dist_1gdrd03._.js:1945
[  502260ms] [ERROR] ./src/app/du-an/page.tsx:6:16
You're importing a module that depends on `useState` into a React Server Component module. This API is only available in Client Components. To fix, mark the file (or its parent) with the `"use client"` directive.
    Learn more: https://nextjs.org/docs/app/api-reference/directives/use-client
  4 | import { MapPin, Search } from "lucide-react";
  5 | import Link from "next/link";
> 6 | import { useMemo, useState } from "react";
    |                ^^^^^^^^
  7 |
  8 | const categories = [
  9 |   ["Biệt thự", "#biet-thu"],

Ecmascript file had an error @ http://localhost:3100/_next/static/chunks/node_modules_next_dist_1gdrd03._.js:1945
[  502321ms] [ERROR] ./src/app/du-an/page.tsx:6:16
You're importing a module that depends on `useState` into a React Server Component module. This API is only available in Client Components. To fix, mark the file (or its parent) with the `"use client"` directive.
    Learn more: https://nextjs.org/docs/app/api-reference/directives/use-client
  4 | import { MapPin, Search } from "lucide-react";
  5 | import Link from "next/link";
> 6 | import { useMemo, useState } from "react";
    |                ^^^^^^^^
  7 |
  8 | const categories = [
  9 |   ["Biệt thự", "#biet-thu"],

Ecmascript file had an error @ http://localhost:3100/_next/static/chunks/node_modules_next_dist_1gdrd03._.js:1945
[  502383ms] [ERROR] ./src/app/du-an/page.tsx:6:16
You're importing a module that depends on `useState` into a React Server Component module. This API is only available in Client Components. To fix, mark the file (or its parent) with the `"use client"` directive.
    Learn more: https://nextjs.org/docs/app/api-reference/directives/use-client
  4 | import { MapPin, Search } from "lucide-react";
  5 | import Link from "next/link";
> 6 | import { useMemo, useState } from "react";
    |                ^^^^^^^^
  7 |
  8 | const categories = [
  9 |   ["Biệt thự", "#biet-thu"],

Ecmascript file had an error @ http://localhost:3100/_next/static/chunks/node_modules_next_dist_1gdrd03._.js:1945
[  502440ms] [ERROR] ./src/app/du-an/page.tsx:6:16
You're importing a module that depends on `useState` into a React Server Component module. This API is only available in Client Components. To fix, mark the file (or its parent) with the `"use client"` directive.
    Learn more: https://nextjs.org/docs/app/api-reference/directives/use-client
  4 | import { MapPin, Search } from "lucide-react";
  5 | import Link from "next/link";
> 6 | import { useMemo, useState } from "react";
    |                ^^^^^^^^
  7 |
  8 | const categories = [
  9 |   ["Biệt thự", "#biet-thu"],

Ecmascript file had an error @ http://localhost:3100/_next/static/chunks/node_modules_next_dist_1gdrd03._.js:1945
[  502501ms] [ERROR] ./src/app/du-an/page.tsx:6:16
You're importing a module that depends on `useState` into a React Server Component module. This API is only available in Client Components. To fix, mark the file (or its parent) with the `"use client"` directive.
    Learn more: https://nextjs.org/docs/app/api-reference/directives/use-client
  4 | import { MapPin, Search } from "lucide-react";
  5 | import Link from "next/link";
> 6 | import { useMemo, useState } from "react";
    |                ^^^^^^^^
  7 |
  8 | const categories = [
  9 |   ["Biệt thự", "#biet-thu"],

Ecmascript file had an error @ http://localhost:3100/_next/static/chunks/node_modules_next_dist_1gdrd03._.js:1945
[  502563ms] [ERROR] ./src/app/du-an/page.tsx:6:16
You're importing a module that depends on `useState` into a React Server Component module. This API is only available in Client Components. To fix, mark the file (or its parent) with the `"use client"` directive.
    Learn more: https://nextjs.org/docs/app/api-reference/directives/use-client
  4 | import { MapPin, Search } from "lucide-react";
  5 | import Link from "next/link";
> 6 | import { useMemo, useState } from "react";
    |                ^^^^^^^^
  7 |
  8 | const categories = [
  9 |   ["Biệt thự", "#biet-thu"],

Ecmascript file had an error @ http://localhost:3100/_next/static/chunks/node_modules_next_dist_1gdrd03._.js:1945
[  502627ms] [ERROR] ./src/app/du-an/page.tsx:6:16
You're importing a module that depends on `useState` into a React Server Component module. This API is only available in Client Components. To fix, mark the file (or its parent) with the `"use client"` directive.
    Learn more: https://nextjs.org/docs/app/api-reference/directives/use-client
  4 | import { MapPin, Search } from "lucide-react";
  5 | import Link from "next/link";
> 6 | import { useMemo, useState } from "react";
    |                ^^^^^^^^
  7 |
  8 | const categories = [
  9 |   ["Biệt thự", "#biet-thu"],

Ecmascript file had an error @ http://localhost:3100/_next/static/chunks/node_modules_next_dist_1gdrd03._.js:1945
[  502689ms] [ERROR] ./src/app/du-an/page.tsx:6:16
You're importing a module that depends on `useState` into a React Server Component module. This API is only available in Client Components. To fix, mark the file (or its parent) with the `"use client"` directive.
    Learn more: https://nextjs.org/docs/app/api-reference/directives/use-client
  4 | import { MapPin, Search } from "lucide-react";
  5 | import Link from "next/link";
> 6 | import { useMemo, useState } from "react";
    |                ^^^^^^^^
  7 |
  8 | const categories = [
  9 |   ["Biệt thự", "#biet-thu"],

Ecmascript file had an error @ http://localhost:3100/_next/static/chunks/node_modules_next_dist_1gdrd03._.js:1945
[  502751ms] [ERROR] ./src/app/du-an/page.tsx:6:16
You're importing a module that depends on `useState` into a React Server Component module. This API is only available in Client Components. To fix, mark the file (or its parent) with the `"use client"` directive.
    Learn more: https://nextjs.org/docs/app/api-reference/directives/use-client
  4 | import { MapPin, Search } from "lucide-react";
  5 | import Link from "next/link";
> 6 | import { useMemo, useState } from "react";
    |                ^^^^^^^^
  7 |
  8 | const categories = [
  9 |   ["Biệt thự", "#biet-thu"],

Ecmascript file had an error @ http://localhost:3100/_next/static/chunks/node_modules_next_dist_1gdrd03._.js:1945
[  502814ms] [ERROR] ./src/app/du-an/page.tsx:6:16
You're importing a module that depends on `useState` into a React Server Component module. This API is only available in Client Components. To fix, mark the file (or its parent) with the `"use client"` directive.
    Learn more: https://nextjs.org/docs/app/api-reference/directives/use-client
  4 | import { MapPin, Search } from "lucide-react";
  5 | import Link from "next/link";
> 6 | import { useMemo, useState } from "react";
    |                ^^^^^^^^
  7 |
  8 | const categories = [
  9 |   ["Biệt thự", "#biet-thu"],

Ecmascript file had an error @ http://localhost:3100/_next/static/chunks/node_modules_next_dist_1gdrd03._.js:1945
[  502876ms] [ERROR] ./src/app/du-an/page.tsx:6:16
You're importing a module that depends on `useState` into a React Server Component module. This API is only available in Client Components. To fix, mark the file (or its parent) with the `"use client"` directive.
    Learn more: https://nextjs.org/docs/app/api-reference/directives/use-client
  4 | import { MapPin, Search } from "lucide-react";
  5 | import Link from "next/link";
> 6 | import { useMemo, useState } from "react";
    |                ^^^^^^^^
  7 |
  8 | const categories = [
  9 |   ["Biệt thự", "#biet-thu"],

Ecmascript file had an error @ http://localhost:3100/_next/static/chunks/node_modules_next_dist_1gdrd03._.js:1945
[  502939ms] [ERROR] ./src/app/du-an/page.tsx:6:16
You're importing a module that depends on `useState` into a React Server Component module. This API is only available in Client Components. To fix, mark the file (or its parent) with the `"use client"` directive.
    Learn more: https://nextjs.org/docs/app/api-reference/directives/use-client
  4 | import { MapPin, Search } from "lucide-react";
  5 | import Link from "next/link";
> 6 | import { useMemo, useState } from "react";
    |                ^^^^^^^^
  7 |
  8 | const categories = [
  9 |   ["Biệt thự", "#biet-thu"],

Ecmascript file had an error @ http://localhost:3100/_next/static/chunks/node_modules_next_dist_1gdrd03._.js:1945
[  503002ms] [ERROR] ./src/app/du-an/page.tsx:6:16
You're importing a module that depends on `useState` into a React Server Component module. This API is only available in Client Components. To fix, mark the file (or its parent) with the `"use client"` directive.
    Learn more: https://nextjs.org/docs/app/api-reference/directives/use-client
  4 | import { MapPin, Search } from "lucide-react";
  5 | import Link from "next/link";
> 6 | import { useMemo, useState } from "react";
    |                ^^^^^^^^
  7 |
  8 | const categories = [
  9 |   ["Biệt thự", "#biet-thu"],

Ecmascript file had an error @ http://localhost:3100/_next/static/chunks/node_modules_next_dist_1gdrd03._.js:1945
[  503064ms] [ERROR] ./src/app/du-an/page.tsx:6:16
You're importing a module that depends on `useState` into a React Server Component module. This API is only available in Client Components. To fix, mark the file (or its parent) with the `"use client"` directive.
    Learn more: https://nextjs.org/docs/app/api-reference/directives/use-client
  4 | import { MapPin, Search } from "lucide-react";
  5 | import Link from "next/link";
> 6 | import { useMemo, useState } from "react";
    |                ^^^^^^^^
  7 |
  8 | const categories = [
  9 |   ["Biệt thự", "#biet-thu"],

Ecmascript file had an error @ http://localhost:3100/_next/static/chunks/node_modules_next_dist_1gdrd03._.js:1945
[  503126ms] [ERROR] ./src/app/du-an/page.tsx:6:16
You're importing a module that depends on `useState` into a React Server Component module. This API is only available in Client Components. To fix, mark the file (or its parent) with the `"use client"` directive.
    Learn more: https://nextjs.org/docs/app/api-reference/directives/use-client
  4 | import { MapPin, Search } from "lucide-react";
  5 | import Link from "next/link";
> 6 | import { useMemo, useState } from "react";
    |                ^^^^^^^^
  7 |
  8 | const categories = [
  9 |   ["Biệt thự", "#biet-thu"],

Ecmascript file had an error @ http://localhost:3100/_next/static/chunks/node_modules_next_dist_1gdrd03._.js:1945
[  503188ms] [ERROR] ./src/app/du-an/page.tsx:6:16
You're importing a module that depends on `useState` into a React Server Component module. This API is only available in Client Components. To fix, mark the file (or its parent) with the `"use client"` directive.
    Learn more: https://nextjs.org/docs/app/api-reference/directives/use-client
  4 | import { MapPin, Search } from "lucide-react";
  5 | import Link from "next/link";
> 6 | import { useMemo, useState } from "react";
    |                ^^^^^^^^
  7 |
  8 | const categories = [
  9 |   ["Biệt thự", "#biet-thu"],

Ecmascript file had an error @ http://localhost:3100/_next/static/chunks/node_modules_next_dist_1gdrd03._.js:1945
[  503249ms] [ERROR] ./src/app/du-an/page.tsx:6:16
You're importing a module that depends on `useState` into a React Server Component module. This API is only available in Client Components. To fix, mark the file (or its parent) with the `"use client"` directive.
    Learn more: https://nextjs.org/docs/app/api-reference/directives/use-client
  4 | import { MapPin, Search } from "lucide-react";
  5 | import Link from "next/link";
> 6 | import { useMemo, useState } from "react";
    |                ^^^^^^^^
  7 |
  8 | const categories = [
  9 |   ["Biệt thự", "#biet-thu"],

Ecmascript file had an error @ http://localhost:3100/_next/static/chunks/node_modules_next_dist_1gdrd03._.js:1945
[  503313ms] [ERROR] ./src/app/du-an/page.tsx:6:16
You're importing a module that depends on `useState` into a React Server Component module. This API is only available in Client Components. To fix, mark the file (or its parent) with the `"use client"` directive.
    Learn more: https://nextjs.org/docs/app/api-reference/directives/use-client
  4 | import { MapPin, Search } from "lucide-react";
  5 | import Link from "next/link";
> 6 | import { useMemo, useState } from "react";
    |                ^^^^^^^^
  7 |
  8 | const categories = [
  9 |   ["Biệt thự", "#biet-thu"],

Ecmascript file had an error @ http://localhost:3100/_next/static/chunks/node_modules_next_dist_1gdrd03._.js:1945
[  503376ms] [ERROR] ./src/app/du-an/page.tsx:6:16
You're importing a module that depends on `useState` into a React Server Component module. This API is only available in Client Components. To fix, mark the file (or its parent) with the `"use client"` directive.
    Learn more: https://nextjs.org/docs/app/api-reference/directives/use-client
  4 | import { MapPin, Search } from "lucide-react";
  5 | import Link from "next/link";
> 6 | import { useMemo, useState } from "react";
    |                ^^^^^^^^
  7 |
  8 | const categories = [
  9 |   ["Biệt thự", "#biet-thu"],

Ecmascript file had an error @ http://localhost:3100/_next/static/chunks/node_modules_next_dist_1gdrd03._.js:1945
[  503436ms] [ERROR] ./src/app/du-an/page.tsx:6:16
You're importing a module that depends on `useState` into a React Server Component module. This API is only available in Client Components. To fix, mark the file (or its parent) with the `"use client"` directive.
    Learn more: https://nextjs.org/docs/app/api-reference/directives/use-client
  4 | import { MapPin, Search } from "lucide-react";
  5 | import Link from "next/link";
> 6 | import { useMemo, useState } from "react";
    |                ^^^^^^^^
  7 |
  8 | const categories = [
  9 |   ["Biệt thự", "#biet-thu"],

Ecmascript file had an error @ http://localhost:3100/_next/static/chunks/node_modules_next_dist_1gdrd03._.js:1945
[  503498ms] [ERROR] ./src/app/du-an/page.tsx:6:16
You're importing a module that depends on `useState` into a React Server Component module. This API is only available in Client Components. To fix, mark the file (or its parent) with the `"use client"` directive.
    Learn more: https://nextjs.org/docs/app/api-reference/directives/use-client
  4 | import { MapPin, Search } from "lucide-react";
  5 | import Link from "next/link";
> 6 | import { useMemo, useState } from "react";
    |                ^^^^^^^^
  7 |
  8 | const categories = [
  9 |   ["Biệt thự", "#biet-thu"],

Ecmascript file had an error @ http://localhost:3100/_next/static/chunks/node_modules_next_dist_1gdrd03._.js:1945
[  503559ms] [ERROR] ./src/app/du-an/page.tsx:6:16
You're importing a module that depends on `useState` into a React Server Component module. This API is only available in Client Components. To fix, mark the file (or its parent) with the `"use client"` directive.
    Learn more: https://nextjs.org/docs/app/api-reference/directives/use-client
  4 | import { MapPin, Search } from "lucide-react";
  5 | import Link from "next/link";
> 6 | import { useMemo, useState } from "react";
    |                ^^^^^^^^
  7 |
  8 | const categories = [
  9 |   ["Biệt thự", "#biet-thu"],

Ecmascript file had an error @ http://localhost:3100/_next/static/chunks/node_modules_next_dist_1gdrd03._.js:1945
[  503623ms] [ERROR] ./src/app/du-an/page.tsx:6:16
You're importing a module that depends on `useState` into a React Server Component module. This API is only available in Client Components. To fix, mark the file (or its parent) with the `"use client"` directive.
    Learn more: https://nextjs.org/docs/app/api-reference/directives/use-client
  4 | import { MapPin, Search } from "lucide-react";
  5 | import Link from "next/link";
> 6 | import { useMemo, useState } from "react";
    |                ^^^^^^^^
  7 |
  8 | const categories = [
  9 |   ["Biệt thự", "#biet-thu"],

Ecmascript file had an error @ http://localhost:3100/_next/static/chunks/node_modules_next_dist_1gdrd03._.js:1945
[  503685ms] [ERROR] ./src/app/du-an/page.tsx:6:16
You're importing a module that depends on `useState` into a React Server Component module. This API is only available in Client Components. To fix, mark the file (or its parent) with the `"use client"` directive.
    Learn more: https://nextjs.org/docs/app/api-reference/directives/use-client
  4 | import { MapPin, Search } from "lucide-react";
  5 | import Link from "next/link";
> 6 | import { useMemo, useState } from "react";
    |                ^^^^^^^^
  7 |
  8 | const categories = [
  9 |   ["Biệt thự", "#biet-thu"],

Ecmascript file had an error @ http://localhost:3100/_next/static/chunks/node_modules_next_dist_1gdrd03._.js:1945
[  503749ms] [ERROR] ./src/app/du-an/page.tsx:6:16
You're importing a module that depends on `useState` into a React Server Component module. This API is only available in Client Components. To fix, mark the file (or its parent) with the `"use client"` directive.
    Learn more: https://nextjs.org/docs/app/api-reference/directives/use-client
  4 | import { MapPin, Search } from "lucide-react";
  5 | import Link from "next/link";
> 6 | import { useMemo, useState } from "react";
    |                ^^^^^^^^
  7 |
  8 | const categories = [
  9 |   ["Biệt thự", "#biet-thu"],

Ecmascript file had an error @ http://localhost:3100/_next/static/chunks/node_modules_next_dist_1gdrd03._.js:1945
[  503812ms] [ERROR] ./src/app/du-an/page.tsx:6:16
You're importing a module that depends on `useState` into a React Server Component module. This API is only available in Client Components. To fix, mark the file (or its parent) with the `"use client"` directive.
    Learn more: https://nextjs.org/docs/app/api-reference/directives/use-client
  4 | import { MapPin, Search } from "lucide-react";
  5 | import Link from "next/link";
> 6 | import { useMemo, useState } from "react";
    |                ^^^^^^^^
  7 |
  8 | const categories = [
  9 |   ["Biệt thự", "#biet-thu"],

Ecmascript file had an error @ http://localhost:3100/_next/static/chunks/node_modules_next_dist_1gdrd03._.js:1945
[  503875ms] [ERROR] ./src/app/du-an/page.tsx:6:16
You're importing a module that depends on `useState` into a React Server Component module. This API is only available in Client Components. To fix, mark the file (or its parent) with the `"use client"` directive.
    Learn more: https://nextjs.org/docs/app/api-reference/directives/use-client
  4 | import { MapPin, Search } from "lucide-react";
  5 | import Link from "next/link";
> 6 | import { useMemo, useState } from "react";
    |                ^^^^^^^^
  7 |
  8 | const categories = [
  9 |   ["Biệt thự", "#biet-thu"],

Ecmascript file had an error @ http://localhost:3100/_next/static/chunks/node_modules_next_dist_1gdrd03._.js:1945
[  503939ms] [ERROR] ./src/app/du-an/page.tsx:6:16
You're importing a module that depends on `useState` into a React Server Component module. This API is only available in Client Components. To fix, mark the file (or its parent) with the `"use client"` directive.
    Learn more: https://nextjs.org/docs/app/api-reference/directives/use-client
  4 | import { MapPin, Search } from "lucide-react";
  5 | import Link from "next/link";
> 6 | import { useMemo, useState } from "react";
    |                ^^^^^^^^
  7 |
  8 | const categories = [
  9 |   ["Biệt thự", "#biet-thu"],

Ecmascript file had an error @ http://localhost:3100/_next/static/chunks/node_modules_next_dist_1gdrd03._.js:1945
[  504003ms] [ERROR] ./src/app/du-an/page.tsx:6:16
You're importing a module that depends on `useState` into a React Server Component module. This API is only available in Client Components. To fix, mark the file (or its parent) with the `"use client"` directive.
    Learn more: https://nextjs.org/docs/app/api-reference/directives/use-client
  4 | import { MapPin, Search } from "lucide-react";
  5 | import Link from "next/link";
> 6 | import { useMemo, useState } from "react";
    |                ^^^^^^^^
  7 |
  8 | const categories = [
  9 |   ["Biệt thự", "#biet-thu"],

Ecmascript file had an error @ http://localhost:3100/_next/static/chunks/node_modules_next_dist_1gdrd03._.js:1945
[  504067ms] [ERROR] ./src/app/du-an/page.tsx:6:16
You're importing a module that depends on `useState` into a React Server Component module. This API is only available in Client Components. To fix, mark the file (or its parent) with the `"use client"` directive.
    Learn more: https://nextjs.org/docs/app/api-reference/directives/use-client
  4 | import { MapPin, Search } from "lucide-react";
  5 | import Link from "next/link";
> 6 | import { useMemo, useState } from "react";
    |                ^^^^^^^^
  7 |
  8 | const categories = [
  9 |   ["Biệt thự", "#biet-thu"],

Ecmascript file had an error @ http://localhost:3100/_next/static/chunks/node_modules_next_dist_1gdrd03._.js:1945
[  504131ms] [ERROR] ./src/app/du-an/page.tsx:6:16
You're importing a module that depends on `useState` into a React Server Component module. This API is only available in Client Components. To fix, mark the file (or its parent) with the `"use client"` directive.
    Learn more: https://nextjs.org/docs/app/api-reference/directives/use-client
  4 | import { MapPin, Search } from "lucide-react";
  5 | import Link from "next/link";
> 6 | import { useMemo, useState } from "react";
    |                ^^^^^^^^
  7 |
  8 | const categories = [
  9 |   ["Biệt thự", "#biet-thu"],

Ecmascript file had an error @ http://localhost:3100/_next/static/chunks/node_modules_next_dist_1gdrd03._.js:1945
[  504193ms] [ERROR] ./src/app/du-an/page.tsx:6:16
You're importing a module that depends on `useState` into a React Server Component module. This API is only available in Client Components. To fix, mark the file (or its parent) with the `"use client"` directive.
    Learn more: https://nextjs.org/docs/app/api-reference/directives/use-client
  4 | import { MapPin, Search } from "lucide-react";
  5 | import Link from "next/link";
> 6 | import { useMemo, useState } from "react";
    |                ^^^^^^^^
  7 |
  8 | const categories = [
  9 |   ["Biệt thự", "#biet-thu"],

Ecmascript file had an error @ http://localhost:3100/_next/static/chunks/node_modules_next_dist_1gdrd03._.js:1945
[  504256ms] [ERROR] ./src/app/du-an/page.tsx:6:16
You're importing a module that depends on `useState` into a React Server Component module. This API is only available in Client Components. To fix, mark the file (or its parent) with the `"use client"` directive.
    Learn more: https://nextjs.org/docs/app/api-reference/directives/use-client
  4 | import { MapPin, Search } from "lucide-react";
  5 | import Link from "next/link";
> 6 | import { useMemo, useState } from "react";
    |                ^^^^^^^^
  7 |
  8 | const categories = [
  9 |   ["Biệt thự", "#biet-thu"],

Ecmascript file had an error @ http://localhost:3100/_next/static/chunks/node_modules_next_dist_1gdrd03._.js:1945
[  504319ms] [ERROR] ./src/app/du-an/page.tsx:6:16
You're importing a module that depends on `useState` into a React Server Component module. This API is only available in Client Components. To fix, mark the file (or its parent) with the `"use client"` directive.
    Learn more: https://nextjs.org/docs/app/api-reference/directives/use-client
  4 | import { MapPin, Search } from "lucide-react";
  5 | import Link from "next/link";
> 6 | import { useMemo, useState } from "react";
    |                ^^^^^^^^
  7 |
  8 | const categories = [
  9 |   ["Biệt thự", "#biet-thu"],

Ecmascript file had an error @ http://localhost:3100/_next/static/chunks/node_modules_next_dist_1gdrd03._.js:1945
[  504381ms] [ERROR] ./src/app/du-an/page.tsx:6:16
You're importing a module that depends on `useState` into a React Server Component module. This API is only available in Client Components. To fix, mark the file (or its parent) with the `"use client"` directive.
    Learn more: https://nextjs.org/docs/app/api-reference/directives/use-client
  4 | import { MapPin, Search } from "lucide-react";
  5 | import Link from "next/link";
> 6 | import { useMemo, useState } from "react";
    |                ^^^^^^^^
  7 |
  8 | const categories = [
  9 |   ["Biệt thự", "#biet-thu"],

Ecmascript file had an error @ http://localhost:3100/_next/static/chunks/node_modules_next_dist_1gdrd03._.js:1945
[  504443ms] [ERROR] ./src/app/du-an/page.tsx:6:16
You're importing a module that depends on `useState` into a React Server Component module. This API is only available in Client Components. To fix, mark the file (or its parent) with the `"use client"` directive.
    Learn more: https://nextjs.org/docs/app/api-reference/directives/use-client
  4 | import { MapPin, Search } from "lucide-react";
  5 | import Link from "next/link";
> 6 | import { useMemo, useState } from "react";
    |                ^^^^^^^^
  7 |
  8 | const categories = [
  9 |   ["Biệt thự", "#biet-thu"],

Ecmascript file had an error @ http://localhost:3100/_next/static/chunks/node_modules_next_dist_1gdrd03._.js:1945
[  504505ms] [ERROR] ./src/app/du-an/page.tsx:6:16
You're importing a module that depends on `useState` into a React Server Component module. This API is only available in Client Components. To fix, mark the file (or its parent) with the `"use client"` directive.
    Learn more: https://nextjs.org/docs/app/api-reference/directives/use-client
  4 | import { MapPin, Search } from "lucide-react";
  5 | import Link from "next/link";
> 6 | import { useMemo, useState } from "react";
    |                ^^^^^^^^
  7 |
  8 | const categories = [
  9 |   ["Biệt thự", "#biet-thu"],

Ecmascript file had an error @ http://localhost:3100/_next/static/chunks/node_modules_next_dist_1gdrd03._.js:1945
[  504567ms] [ERROR] ./src/app/du-an/page.tsx:6:16
You're importing a module that depends on `useState` into a React Server Component module. This API is only available in Client Components. To fix, mark the file (or its parent) with the `"use client"` directive.
    Learn more: https://nextjs.org/docs/app/api-reference/directives/use-client
  4 | import { MapPin, Search } from "lucide-react";
  5 | import Link from "next/link";
> 6 | import { useMemo, useState } from "react";
    |                ^^^^^^^^
  7 |
  8 | const categories = [
  9 |   ["Biệt thự", "#biet-thu"],

Ecmascript file had an error @ http://localhost:3100/_next/static/chunks/node_modules_next_dist_1gdrd03._.js:1945
[  504627ms] [ERROR] ./src/app/du-an/page.tsx:6:16
You're importing a module that depends on `useState` into a React Server Component module. This API is only available in Client Components. To fix, mark the file (or its parent) with the `"use client"` directive.
    Learn more: https://nextjs.org/docs/app/api-reference/directives/use-client
  4 | import { MapPin, Search } from "lucide-react";
  5 | import Link from "next/link";
> 6 | import { useMemo, useState } from "react";
    |                ^^^^^^^^
  7 |
  8 | const categories = [
  9 |   ["Biệt thự", "#biet-thu"],

Ecmascript file had an error @ http://localhost:3100/_next/static/chunks/node_modules_next_dist_1gdrd03._.js:1945
[  504689ms] [ERROR] ./src/app/du-an/page.tsx:6:16
You're importing a module that depends on `useState` into a React Server Component module. This API is only available in Client Components. To fix, mark the file (or its parent) with the `"use client"` directive.
    Learn more: https://nextjs.org/docs/app/api-reference/directives/use-client
  4 | import { MapPin, Search } from "lucide-react";
  5 | import Link from "next/link";
> 6 | import { useMemo, useState } from "react";
    |                ^^^^^^^^
  7 |
  8 | const categories = [
  9 |   ["Biệt thự", "#biet-thu"],

Ecmascript file had an error @ http://localhost:3100/_next/static/chunks/node_modules_next_dist_1gdrd03._.js:1945
[  504752ms] [ERROR] ./src/app/du-an/page.tsx:6:16
You're importing a module that depends on `useState` into a React Server Component module. This API is only available in Client Components. To fix, mark the file (or its parent) with the `"use client"` directive.
    Learn more: https://nextjs.org/docs/app/api-reference/directives/use-client
  4 | import { MapPin, Search } from "lucide-react";
  5 | import Link from "next/link";
> 6 | import { useMemo, useState } from "react";
    |                ^^^^^^^^
  7 |
  8 | const categories = [
  9 |   ["Biệt thự", "#biet-thu"],

Ecmascript file had an error @ http://localhost:3100/_next/static/chunks/node_modules_next_dist_1gdrd03._.js:1945
[  504815ms] [ERROR] ./src/app/du-an/page.tsx:6:16
You're importing a module that depends on `useState` into a React Server Component module. This API is only available in Client Components. To fix, mark the file (or its parent) with the `"use client"` directive.
    Learn more: https://nextjs.org/docs/app/api-reference/directives/use-client
  4 | import { MapPin, Search } from "lucide-react";
  5 | import Link from "next/link";
> 6 | import { useMemo, useState } from "react";
    |                ^^^^^^^^
  7 |
  8 | const categories = [
  9 |   ["Biệt thự", "#biet-thu"],

Ecmascript file had an error @ http://localhost:3100/_next/static/chunks/node_modules_next_dist_1gdrd03._.js:1945
[  504877ms] [ERROR] ./src/app/du-an/page.tsx:6:16
You're importing a module that depends on `useState` into a React Server Component module. This API is only available in Client Components. To fix, mark the file (or its parent) with the `"use client"` directive.
    Learn more: https://nextjs.org/docs/app/api-reference/directives/use-client
  4 | import { MapPin, Search } from "lucide-react";
  5 | import Link from "next/link";
> 6 | import { useMemo, useState } from "react";
    |                ^^^^^^^^
  7 |
  8 | const categories = [
  9 |   ["Biệt thự", "#biet-thu"],

Ecmascript file had an error @ http://localhost:3100/_next/static/chunks/node_modules_next_dist_1gdrd03._.js:1945
[  504939ms] [ERROR] ./src/app/du-an/page.tsx:6:16
You're importing a module that depends on `useState` into a React Server Component module. This API is only available in Client Components. To fix, mark the file (or its parent) with the `"use client"` directive.
    Learn more: https://nextjs.org/docs/app/api-reference/directives/use-client
  4 | import { MapPin, Search } from "lucide-react";
  5 | import Link from "next/link";
> 6 | import { useMemo, useState } from "react";
    |                ^^^^^^^^
  7 |
  8 | const categories = [
  9 |   ["Biệt thự", "#biet-thu"],

Ecmascript file had an error @ http://localhost:3100/_next/static/chunks/node_modules_next_dist_1gdrd03._.js:1945
[  505001ms] [ERROR] ./src/app/du-an/page.tsx:6:16
You're importing a module that depends on `useState` into a React Server Component module. This API is only available in Client Components. To fix, mark the file (or its parent) with the `"use client"` directive.
    Learn more: https://nextjs.org/docs/app/api-reference/directives/use-client
  4 | import { MapPin, Search } from "lucide-react";
  5 | import Link from "next/link";
> 6 | import { useMemo, useState } from "react";
    |                ^^^^^^^^
  7 |
  8 | const categories = [
  9 |   ["Biệt thự", "#biet-thu"],

Ecmascript file had an error @ http://localhost:3100/_next/static/chunks/node_modules_next_dist_1gdrd03._.js:1945
[  505064ms] [ERROR] ./src/app/du-an/page.tsx:6:16
You're importing a module that depends on `useState` into a React Server Component module. This API is only available in Client Components. To fix, mark the file (or its parent) with the `"use client"` directive.
    Learn more: https://nextjs.org/docs/app/api-reference/directives/use-client
  4 | import { MapPin, Search } from "lucide-react";
  5 | import Link from "next/link";
> 6 | import { useMemo, useState } from "react";
    |                ^^^^^^^^
  7 |
  8 | const categories = [
  9 |   ["Biệt thự", "#biet-thu"],

Ecmascript file had an error @ http://localhost:3100/_next/static/chunks/node_modules_next_dist_1gdrd03._.js:1945
[  505126ms] [ERROR] ./src/app/du-an/page.tsx:6:16
You're importing a module that depends on `useState` into a React Server Component module. This API is only available in Client Components. To fix, mark the file (or its parent) with the `"use client"` directive.
    Learn more: https://nextjs.org/docs/app/api-reference/directives/use-client
  4 | import { MapPin, Search } from "lucide-react";
  5 | import Link from "next/link";
> 6 | import { useMemo, useState } from "react";
    |                ^^^^^^^^
  7 |
  8 | const categories = [
  9 |   ["Biệt thự", "#biet-thu"],

Ecmascript file had an error @ http://localhost:3100/_next/static/chunks/node_modules_next_dist_1gdrd03._.js:1945
[  505189ms] [ERROR] ./src/app/du-an/page.tsx:6:16
You're importing a module that depends on `useState` into a React Server Component module. This API is only available in Client Components. To fix, mark the file (or its parent) with the `"use client"` directive.
    Learn more: https://nextjs.org/docs/app/api-reference/directives/use-client
  4 | import { MapPin, Search } from "lucide-react";
  5 | import Link from "next/link";
> 6 | import { useMemo, useState } from "react";
    |                ^^^^^^^^
  7 |
  8 | const categories = [
  9 |   ["Biệt thự", "#biet-thu"],

Ecmascript file had an error @ http://localhost:3100/_next/static/chunks/node_modules_next_dist_1gdrd03._.js:1945
[  505250ms] [ERROR] ./src/app/du-an/page.tsx:6:16
You're importing a module that depends on `useState` into a React Server Component module. This API is only available in Client Components. To fix, mark the file (or its parent) with the `"use client"` directive.
    Learn more: https://nextjs.org/docs/app/api-reference/directives/use-client
  4 | import { MapPin, Search } from "lucide-react";
  5 | import Link from "next/link";
> 6 | import { useMemo, useState } from "react";
    |                ^^^^^^^^
  7 |
  8 | const categories = [
  9 |   ["Biệt thự", "#biet-thu"],

Ecmascript file had an error @ http://localhost:3100/_next/static/chunks/node_modules_next_dist_1gdrd03._.js:1945
[  505313ms] [ERROR] ./src/app/du-an/page.tsx:6:16
You're importing a module that depends on `useState` into a React Server Component module. This API is only available in Client Components. To fix, mark the file (or its parent) with the `"use client"` directive.
    Learn more: https://nextjs.org/docs/app/api-reference/directives/use-client
  4 | import { MapPin, Search } from "lucide-react";
  5 | import Link from "next/link";
> 6 | import { useMemo, useState } from "react";
    |                ^^^^^^^^
  7 |
  8 | const categories = [
  9 |   ["Biệt thự", "#biet-thu"],

Ecmascript file had an error @ http://localhost:3100/_next/static/chunks/node_modules_next_dist_1gdrd03._.js:1945
[  505374ms] [ERROR] ./src/app/du-an/page.tsx:6:16
You're importing a module that depends on `useState` into a React Server Component module. This API is only available in Client Components. To fix, mark the file (or its parent) with the `"use client"` directive.
    Learn more: https://nextjs.org/docs/app/api-reference/directives/use-client
  4 | import { MapPin, Search } from "lucide-react";
  5 | import Link from "next/link";
> 6 | import { useMemo, useState } from "react";
    |                ^^^^^^^^
  7 |
  8 | const categories = [
  9 |   ["Biệt thự", "#biet-thu"],

Ecmascript file had an error @ http://localhost:3100/_next/static/chunks/node_modules_next_dist_1gdrd03._.js:1945
[  505435ms] [ERROR] ./src/app/du-an/page.tsx:6:16
You're importing a module that depends on `useState` into a React Server Component module. This API is only available in Client Components. To fix, mark the file (or its parent) with the `"use client"` directive.
    Learn more: https://nextjs.org/docs/app/api-reference/directives/use-client
  4 | import { MapPin, Search } from "lucide-react";
  5 | import Link from "next/link";
> 6 | import { useMemo, useState } from "react";
    |                ^^^^^^^^
  7 |
  8 | const categories = [
  9 |   ["Biệt thự", "#biet-thu"],

Ecmascript file had an error @ http://localhost:3100/_next/static/chunks/node_modules_next_dist_1gdrd03._.js:1945
[  505495ms] [ERROR] ./src/app/du-an/page.tsx:6:16
You're importing a module that depends on `useState` into a React Server Component module. This API is only available in Client Components. To fix, mark the file (or its parent) with the `"use client"` directive.
    Learn more: https://nextjs.org/docs/app/api-reference/directives/use-client
  4 | import { MapPin, Search } from "lucide-react";
  5 | import Link from "next/link";
> 6 | import { useMemo, useState } from "react";
    |                ^^^^^^^^
  7 |
  8 | const categories = [
  9 |   ["Biệt thự", "#biet-thu"],

Ecmascript file had an error @ http://localhost:3100/_next/static/chunks/node_modules_next_dist_1gdrd03._.js:1945
[  505560ms] [ERROR] ./src/app/du-an/page.tsx:6:16
You're importing a module that depends on `useState` into a React Server Component module. This API is only available in Client Components. To fix, mark the file (or its parent) with the `"use client"` directive.
    Learn more: https://nextjs.org/docs/app/api-reference/directives/use-client
  4 | import { MapPin, Search } from "lucide-react";
  5 | import Link from "next/link";
> 6 | import { useMemo, useState } from "react";
    |                ^^^^^^^^
  7 |
  8 | const categories = [
  9 |   ["Biệt thự", "#biet-thu"],

Ecmascript file had an error @ http://localhost:3100/_next/static/chunks/node_modules_next_dist_1gdrd03._.js:1945
[  505621ms] [ERROR] ./src/app/du-an/page.tsx:6:16
You're importing a module that depends on `useState` into a React Server Component module. This API is only available in Client Components. To fix, mark the file (or its parent) with the `"use client"` directive.
    Learn more: https://nextjs.org/docs/app/api-reference/directives/use-client
  4 | import { MapPin, Search } from "lucide-react";
  5 | import Link from "next/link";
> 6 | import { useMemo, useState } from "react";
    |                ^^^^^^^^
  7 |
  8 | const categories = [
  9 |   ["Biệt thự", "#biet-thu"],

Ecmascript file had an error @ http://localhost:3100/_next/static/chunks/node_modules_next_dist_1gdrd03._.js:1945
[  505685ms] [ERROR] ./src/app/du-an/page.tsx:6:16
You're importing a module that depends on `useState` into a React Server Component module. This API is only available in Client Components. To fix, mark the file (or its parent) with the `"use client"` directive.
    Learn more: https://nextjs.org/docs/app/api-reference/directives/use-client
  4 | import { MapPin, Search } from "lucide-react";
  5 | import Link from "next/link";
> 6 | import { useMemo, useState } from "react";
    |                ^^^^^^^^
  7 |
  8 | const categories = [
  9 |   ["Biệt thự", "#biet-thu"],

Ecmascript file had an error @ http://localhost:3100/_next/static/chunks/node_modules_next_dist_1gdrd03._.js:1945
[  505747ms] [ERROR] ./src/app/du-an/page.tsx:6:16
You're importing a module that depends on `useState` into a React Server Component module. This API is only available in Client Components. To fix, mark the file (or its parent) with the `"use client"` directive.
    Learn more: https://nextjs.org/docs/app/api-reference/directives/use-client
  4 | import { MapPin, Search } from "lucide-react";
  5 | import Link from "next/link";
> 6 | import { useMemo, useState } from "react";
    |                ^^^^^^^^
  7 |
  8 | const categories = [
  9 |   ["Biệt thự", "#biet-thu"],

Ecmascript file had an error @ http://localhost:3100/_next/static/chunks/node_modules_next_dist_1gdrd03._.js:1945
[  505810ms] [ERROR] ./src/app/du-an/page.tsx:6:16
You're importing a module that depends on `useState` into a React Server Component module. This API is only available in Client Components. To fix, mark the file (or its parent) with the `"use client"` directive.
    Learn more: https://nextjs.org/docs/app/api-reference/directives/use-client
  4 | import { MapPin, Search } from "lucide-react";
  5 | import Link from "next/link";
> 6 | import { useMemo, useState } from "react";
    |                ^^^^^^^^
  7 |
  8 | const categories = [
  9 |   ["Biệt thự", "#biet-thu"],

Ecmascript file had an error @ http://localhost:3100/_next/static/chunks/node_modules_next_dist_1gdrd03._.js:1945
[  505873ms] [ERROR] ./src/app/du-an/page.tsx:6:16
You're importing a module that depends on `useState` into a React Server Component module. This API is only available in Client Components. To fix, mark the file (or its parent) with the `"use client"` directive.
    Learn more: https://nextjs.org/docs/app/api-reference/directives/use-client
  4 | import { MapPin, Search } from "lucide-react";
  5 | import Link from "next/link";
> 6 | import { useMemo, useState } from "react";
    |                ^^^^^^^^
  7 |
  8 | const categories = [
  9 |   ["Biệt thự", "#biet-thu"],

Ecmascript file had an error @ http://localhost:3100/_next/static/chunks/node_modules_next_dist_1gdrd03._.js:1945
[  505934ms] [ERROR] ./src/app/du-an/page.tsx:6:16
You're importing a module that depends on `useState` into a React Server Component module. This API is only available in Client Components. To fix, mark the file (or its parent) with the `"use client"` directive.
    Learn more: https://nextjs.org/docs/app/api-reference/directives/use-client
  4 | import { MapPin, Search } from "lucide-react";
  5 | import Link from "next/link";
> 6 | import { useMemo, useState } from "react";
    |                ^^^^^^^^
  7 |
  8 | const categories = [
  9 |   ["Biệt thự", "#biet-thu"],

Ecmascript file had an error @ http://localhost:3100/_next/static/chunks/node_modules_next_dist_1gdrd03._.js:1945
[  505998ms] [ERROR] ./src/app/du-an/page.tsx:6:16
You're importing a module that depends on `useState` into a React Server Component module. This API is only available in Client Components. To fix, mark the file (or its parent) with the `"use client"` directive.
    Learn more: https://nextjs.org/docs/app/api-reference/directives/use-client
  4 | import { MapPin, Search } from "lucide-react";
  5 | import Link from "next/link";
> 6 | import { useMemo, useState } from "react";
    |                ^^^^^^^^
  7 |
  8 | const categories = [
  9 |   ["Biệt thự", "#biet-thu"],

Ecmascript file had an error @ http://localhost:3100/_next/static/chunks/node_modules_next_dist_1gdrd03._.js:1945
[  506058ms] [ERROR] ./src/app/du-an/page.tsx:6:16
You're importing a module that depends on `useState` into a React Server Component module. This API is only available in Client Components. To fix, mark the file (or its parent) with the `"use client"` directive.
    Learn more: https://nextjs.org/docs/app/api-reference/directives/use-client
  4 | import { MapPin, Search } from "lucide-react";
  5 | import Link from "next/link";
> 6 | import { useMemo, useState } from "react";
    |                ^^^^^^^^
  7 |
  8 | const categories = [
  9 |   ["Biệt thự", "#biet-thu"],

Ecmascript file had an error @ http://localhost:3100/_next/static/chunks/node_modules_next_dist_1gdrd03._.js:1945
[  506121ms] [ERROR] ./src/app/du-an/page.tsx:6:16
You're importing a module that depends on `useState` into a React Server Component module. This API is only available in Client Components. To fix, mark the file (or its parent) with the `"use client"` directive.
    Learn more: https://nextjs.org/docs/app/api-reference/directives/use-client
  4 | import { MapPin, Search } from "lucide-react";
  5 | import Link from "next/link";
> 6 | import { useMemo, useState } from "react";
    |                ^^^^^^^^
  7 |
  8 | const categories = [
  9 |   ["Biệt thự", "#biet-thu"],

Ecmascript file had an error @ http://localhost:3100/_next/static/chunks/node_modules_next_dist_1gdrd03._.js:1945
[  506185ms] [ERROR] ./src/app/du-an/page.tsx:6:16
You're importing a module that depends on `useState` into a React Server Component module. This API is only available in Client Components. To fix, mark the file (or its parent) with the `"use client"` directive.
    Learn more: https://nextjs.org/docs/app/api-reference/directives/use-client
  4 | import { MapPin, Search } from "lucide-react";
  5 | import Link from "next/link";
> 6 | import { useMemo, useState } from "react";
    |                ^^^^^^^^
  7 |
  8 | const categories = [
  9 |   ["Biệt thự", "#biet-thu"],

Ecmascript file had an error @ http://localhost:3100/_next/static/chunks/node_modules_next_dist_1gdrd03._.js:1945
[  506248ms] [ERROR] ./src/app/du-an/page.tsx:6:16
You're importing a module that depends on `useState` into a React Server Component module. This API is only available in Client Components. To fix, mark the file (or its parent) with the `"use client"` directive.
    Learn more: https://nextjs.org/docs/app/api-reference/directives/use-client
  4 | import { MapPin, Search } from "lucide-react";
  5 | import Link from "next/link";
> 6 | import { useMemo, useState } from "react";
    |                ^^^^^^^^
  7 |
  8 | const categories = [
  9 |   ["Biệt thự", "#biet-thu"],

Ecmascript file had an error @ http://localhost:3100/_next/static/chunks/node_modules_next_dist_1gdrd03._.js:1945
[  506310ms] [ERROR] ./src/app/du-an/page.tsx:6:16
You're importing a module that depends on `useState` into a React Server Component module. This API is only available in Client Components. To fix, mark the file (or its parent) with the `"use client"` directive.
    Learn more: https://nextjs.org/docs/app/api-reference/directives/use-client
  4 | import { MapPin, Search } from "lucide-react";
  5 | import Link from "next/link";
> 6 | import { useMemo, useState } from "react";
    |                ^^^^^^^^
  7 |
  8 | const categories = [
  9 |   ["Biệt thự", "#biet-thu"],

Ecmascript file had an error @ http://localhost:3100/_next/static/chunks/node_modules_next_dist_1gdrd03._.js:1945
[  506371ms] [ERROR] ./src/app/du-an/page.tsx:6:16
You're importing a module that depends on `useState` into a React Server Component module. This API is only available in Client Components. To fix, mark the file (or its parent) with the `"use client"` directive.
    Learn more: https://nextjs.org/docs/app/api-reference/directives/use-client
  4 | import { MapPin, Search } from "lucide-react";
  5 | import Link from "next/link";
> 6 | import { useMemo, useState } from "react";
    |                ^^^^^^^^
  7 |
  8 | const categories = [
  9 |   ["Biệt thự", "#biet-thu"],

Ecmascript file had an error @ http://localhost:3100/_next/static/chunks/node_modules_next_dist_1gdrd03._.js:1945
[  506437ms] [ERROR] ./src/app/du-an/page.tsx:6:16
You're importing a module that depends on `useState` into a React Server Component module. This API is only available in Client Components. To fix, mark the file (or its parent) with the `"use client"` directive.
    Learn more: https://nextjs.org/docs/app/api-reference/directives/use-client
  4 | import { MapPin, Search } from "lucide-react";
  5 | import Link from "next/link";
> 6 | import { useMemo, useState } from "react";
    |                ^^^^^^^^
  7 |
  8 | const categories = [
  9 |   ["Biệt thự", "#biet-thu"],

Ecmascript file had an error @ http://localhost:3100/_next/static/chunks/node_modules_next_dist_1gdrd03._.js:1945
[  506498ms] [ERROR] ./src/app/du-an/page.tsx:6:16
You're importing a module that depends on `useState` into a React Server Component module. This API is only available in Client Components. To fix, mark the file (or its parent) with the `"use client"` directive.
    Learn more: https://nextjs.org/docs/app/api-reference/directives/use-client
  4 | import { MapPin, Search } from "lucide-react";
  5 | import Link from "next/link";
> 6 | import { useMemo, useState } from "react";
    |                ^^^^^^^^
  7 |
  8 | const categories = [
  9 |   ["Biệt thự", "#biet-thu"],

Ecmascript file had an error @ http://localhost:3100/_next/static/chunks/node_modules_next_dist_1gdrd03._.js:1945
[  506559ms] [ERROR] ./src/app/du-an/page.tsx:6:16
You're importing a module that depends on `useState` into a React Server Component module. This API is only available in Client Components. To fix, mark the file (or its parent) with the `"use client"` directive.
    Learn more: https://nextjs.org/docs/app/api-reference/directives/use-client
  4 | import { MapPin, Search } from "lucide-react";
  5 | import Link from "next/link";
> 6 | import { useMemo, useState } from "react";
    |                ^^^^^^^^
  7 |
  8 | const categories = [
  9 |   ["Biệt thự", "#biet-thu"],

Ecmascript file had an error @ http://localhost:3100/_next/static/chunks/node_modules_next_dist_1gdrd03._.js:1945
[  506622ms] [ERROR] ./src/app/du-an/page.tsx:6:16
You're importing a module that depends on `useState` into a React Server Component module. This API is only available in Client Components. To fix, mark the file (or its parent) with the `"use client"` directive.
    Learn more: https://nextjs.org/docs/app/api-reference/directives/use-client
  4 | import { MapPin, Search } from "lucide-react";
  5 | import Link from "next/link";
> 6 | import { useMemo, useState } from "react";
    |                ^^^^^^^^
  7 |
  8 | const categories = [
  9 |   ["Biệt thự", "#biet-thu"],

Ecmascript file had an error @ http://localhost:3100/_next/static/chunks/node_modules_next_dist_1gdrd03._.js:1945
[  506686ms] [ERROR] ./src/app/du-an/page.tsx:6:16
You're importing a module that depends on `useState` into a React Server Component module. This API is only available in Client Components. To fix, mark the file (or its parent) with the `"use client"` directive.
    Learn more: https://nextjs.org/docs/app/api-reference/directives/use-client
  4 | import { MapPin, Search } from "lucide-react";
  5 | import Link from "next/link";
> 6 | import { useMemo, useState } from "react";
    |                ^^^^^^^^
  7 |
  8 | const categories = [
  9 |   ["Biệt thự", "#biet-thu"],

Ecmascript file had an error @ http://localhost:3100/_next/static/chunks/node_modules_next_dist_1gdrd03._.js:1945
[  506750ms] [ERROR] ./src/app/du-an/page.tsx:6:16
You're importing a module that depends on `useState` into a React Server Component module. This API is only available in Client Components. To fix, mark the file (or its parent) with the `"use client"` directive.
    Learn more: https://nextjs.org/docs/app/api-reference/directives/use-client
  4 | import { MapPin, Search } from "lucide-react";
  5 | import Link from "next/link";
> 6 | import { useMemo, useState } from "react";
    |                ^^^^^^^^
  7 |
  8 | const categories = [
  9 |   ["Biệt thự", "#biet-thu"],

Ecmascript file had an error @ http://localhost:3100/_next/static/chunks/node_modules_next_dist_1gdrd03._.js:1945
[  506810ms] [ERROR] ./src/app/du-an/page.tsx:6:16
You're importing a module that depends on `useState` into a React Server Component module. This API is only available in Client Components. To fix, mark the file (or its parent) with the `"use client"` directive.
    Learn more: https://nextjs.org/docs/app/api-reference/directives/use-client
  4 | import { MapPin, Search } from "lucide-react";
  5 | import Link from "next/link";
> 6 | import { useMemo, useState } from "react";
    |                ^^^^^^^^
  7 |
  8 | const categories = [
  9 |   ["Biệt thự", "#biet-thu"],

Ecmascript file had an error @ http://localhost:3100/_next/static/chunks/node_modules_next_dist_1gdrd03._.js:1945
[  506873ms] [ERROR] ./src/app/du-an/page.tsx:6:16
You're importing a module that depends on `useState` into a React Server Component module. This API is only available in Client Components. To fix, mark the file (or its parent) with the `"use client"` directive.
    Learn more: https://nextjs.org/docs/app/api-reference/directives/use-client
  4 | import { MapPin, Search } from "lucide-react";
  5 | import Link from "next/link";
> 6 | import { useMemo, useState } from "react";
    |                ^^^^^^^^
  7 |
  8 | const categories = [
  9 |   ["Biệt thự", "#biet-thu"],

Ecmascript file had an error @ http://localhost:3100/_next/static/chunks/node_modules_next_dist_1gdrd03._.js:1945
[  506936ms] [ERROR] ./src/app/du-an/page.tsx:6:16
You're importing a module that depends on `useState` into a React Server Component module. This API is only available in Client Components. To fix, mark the file (or its parent) with the `"use client"` directive.
    Learn more: https://nextjs.org/docs/app/api-reference/directives/use-client
  4 | import { MapPin, Search } from "lucide-react";
  5 | import Link from "next/link";
> 6 | import { useMemo, useState } from "react";
    |                ^^^^^^^^
  7 |
  8 | const categories = [
  9 |   ["Biệt thự", "#biet-thu"],

Ecmascript file had an error @ http://localhost:3100/_next/static/chunks/node_modules_next_dist_1gdrd03._.js:1945
[  506999ms] [ERROR] ./src/app/du-an/page.tsx:6:16
You're importing a module that depends on `useState` into a React Server Component module. This API is only available in Client Components. To fix, mark the file (or its parent) with the `"use client"` directive.
    Learn more: https://nextjs.org/docs/app/api-reference/directives/use-client
  4 | import { MapPin, Search } from "lucide-react";
  5 | import Link from "next/link";
> 6 | import { useMemo, useState } from "react";
    |                ^^^^^^^^
  7 |
  8 | const categories = [
  9 |   ["Biệt thự", "#biet-thu"],

Ecmascript file had an error @ http://localhost:3100/_next/static/chunks/node_modules_next_dist_1gdrd03._.js:1945
[  507059ms] [ERROR] ./src/app/du-an/page.tsx:6:16
You're importing a module that depends on `useState` into a React Server Component module. This API is only available in Client Components. To fix, mark the file (or its parent) with the `"use client"` directive.
    Learn more: https://nextjs.org/docs/app/api-reference/directives/use-client
  4 | import { MapPin, Search } from "lucide-react";
  5 | import Link from "next/link";
> 6 | import { useMemo, useState } from "react";
    |                ^^^^^^^^
  7 |
  8 | const categories = [
  9 |   ["Biệt thự", "#biet-thu"],

Ecmascript file had an error @ http://localhost:3100/_next/static/chunks/node_modules_next_dist_1gdrd03._.js:1945
[  507123ms] [ERROR] ./src/app/du-an/page.tsx:6:16
You're importing a module that depends on `useState` into a React Server Component module. This API is only available in Client Components. To fix, mark the file (or its parent) with the `"use client"` directive.
    Learn more: https://nextjs.org/docs/app/api-reference/directives/use-client
  4 | import { MapPin, Search } from "lucide-react";
  5 | import Link from "next/link";
> 6 | import { useMemo, useState } from "react";
    |                ^^^^^^^^
  7 |
  8 | const categories = [
  9 |   ["Biệt thự", "#biet-thu"],

Ecmascript file had an error @ http://localhost:3100/_next/static/chunks/node_modules_next_dist_1gdrd03._.js:1945
[  507185ms] [ERROR] ./src/app/du-an/page.tsx:6:16
You're importing a module that depends on `useState` into a React Server Component module. This API is only available in Client Components. To fix, mark the file (or its parent) with the `"use client"` directive.
    Learn more: https://nextjs.org/docs/app/api-reference/directives/use-client
  4 | import { MapPin, Search } from "lucide-react";
  5 | import Link from "next/link";
> 6 | import { useMemo, useState } from "react";
    |                ^^^^^^^^
  7 |
  8 | const categories = [
  9 |   ["Biệt thự", "#biet-thu"],

Ecmascript file had an error @ http://localhost:3100/_next/static/chunks/node_modules_next_dist_1gdrd03._.js:1945
[  507248ms] [ERROR] ./src/app/du-an/page.tsx:6:16
You're importing a module that depends on `useState` into a React Server Component module. This API is only available in Client Components. To fix, mark the file (or its parent) with the `"use client"` directive.
    Learn more: https://nextjs.org/docs/app/api-reference/directives/use-client
  4 | import { MapPin, Search } from "lucide-react";
  5 | import Link from "next/link";
> 6 | import { useMemo, useState } from "react";
    |                ^^^^^^^^
  7 |
  8 | const categories = [
  9 |   ["Biệt thự", "#biet-thu"],

Ecmascript file had an error @ http://localhost:3100/_next/static/chunks/node_modules_next_dist_1gdrd03._.js:1945
[  507310ms] [ERROR] ./src/app/du-an/page.tsx:6:16
You're importing a module that depends on `useState` into a React Server Component module. This API is only available in Client Components. To fix, mark the file (or its parent) with the `"use client"` directive.
    Learn more: https://nextjs.org/docs/app/api-reference/directives/use-client
  4 | import { MapPin, Search } from "lucide-react";
  5 | import Link from "next/link";
> 6 | import { useMemo, useState } from "react";
    |                ^^^^^^^^
  7 |
  8 | const categories = [
  9 |   ["Biệt thự", "#biet-thu"],

Ecmascript file had an error @ http://localhost:3100/_next/static/chunks/node_modules_next_dist_1gdrd03._.js:1945
[  507371ms] [ERROR] ./src/app/du-an/page.tsx:6:16
You're importing a module that depends on `useState` into a React Server Component module. This API is only available in Client Components. To fix, mark the file (or its parent) with the `"use client"` directive.
    Learn more: https://nextjs.org/docs/app/api-reference/directives/use-client
  4 | import { MapPin, Search } from "lucide-react";
  5 | import Link from "next/link";
> 6 | import { useMemo, useState } from "react";
    |                ^^^^^^^^
  7 |
  8 | const categories = [
  9 |   ["Biệt thự", "#biet-thu"],

Ecmascript file had an error @ http://localhost:3100/_next/static/chunks/node_modules_next_dist_1gdrd03._.js:1945
[  507433ms] [ERROR] ./src/app/du-an/page.tsx:6:16
You're importing a module that depends on `useState` into a React Server Component module. This API is only available in Client Components. To fix, mark the file (or its parent) with the `"use client"` directive.
    Learn more: https://nextjs.org/docs/app/api-reference/directives/use-client
  4 | import { MapPin, Search } from "lucide-react";
  5 | import Link from "next/link";
> 6 | import { useMemo, useState } from "react";
    |                ^^^^^^^^
  7 |
  8 | const categories = [
  9 |   ["Biệt thự", "#biet-thu"],

Ecmascript file had an error @ http://localhost:3100/_next/static/chunks/node_modules_next_dist_1gdrd03._.js:1945
[  507496ms] [ERROR] ./src/app/du-an/page.tsx:6:16
You're importing a module that depends on `useState` into a React Server Component module. This API is only available in Client Components. To fix, mark the file (or its parent) with the `"use client"` directive.
    Learn more: https://nextjs.org/docs/app/api-reference/directives/use-client
  4 | import { MapPin, Search } from "lucide-react";
  5 | import Link from "next/link";
> 6 | import { useMemo, useState } from "react";
    |                ^^^^^^^^
  7 |
  8 | const categories = [
  9 |   ["Biệt thự", "#biet-thu"],

Ecmascript file had an error @ http://localhost:3100/_next/static/chunks/node_modules_next_dist_1gdrd03._.js:1945
[  507558ms] [ERROR] ./src/app/du-an/page.tsx:6:16
You're importing a module that depends on `useState` into a React Server Component module. This API is only available in Client Components. To fix, mark the file (or its parent) with the `"use client"` directive.
    Learn more: https://nextjs.org/docs/app/api-reference/directives/use-client
  4 | import { MapPin, Search } from "lucide-react";
  5 | import Link from "next/link";
> 6 | import { useMemo, useState } from "react";
    |                ^^^^^^^^
  7 |
  8 | const categories = [
  9 |   ["Biệt thự", "#biet-thu"],

Ecmascript file had an error @ http://localhost:3100/_next/static/chunks/node_modules_next_dist_1gdrd03._.js:1945
[  507621ms] [ERROR] ./src/app/du-an/page.tsx:6:16
You're importing a module that depends on `useState` into a React Server Component module. This API is only available in Client Components. To fix, mark the file (or its parent) with the `"use client"` directive.
    Learn more: https://nextjs.org/docs/app/api-reference/directives/use-client
  4 | import { MapPin, Search } from "lucide-react";
  5 | import Link from "next/link";
> 6 | import { useMemo, useState } from "react";
    |                ^^^^^^^^
  7 |
  8 | const categories = [
  9 |   ["Biệt thự", "#biet-thu"],

Ecmascript file had an error @ http://localhost:3100/_next/static/chunks/node_modules_next_dist_1gdrd03._.js:1945
[  507684ms] [ERROR] ./src/app/du-an/page.tsx:6:16
You're importing a module that depends on `useState` into a React Server Component module. This API is only available in Client Components. To fix, mark the file (or its parent) with the `"use client"` directive.
    Learn more: https://nextjs.org/docs/app/api-reference/directives/use-client
  4 | import { MapPin, Search } from "lucide-react";
  5 | import Link from "next/link";
> 6 | import { useMemo, useState } from "react";
    |                ^^^^^^^^
  7 |
  8 | const categories = [
  9 |   ["Biệt thự", "#biet-thu"],

Ecmascript file had an error @ http://localhost:3100/_next/static/chunks/node_modules_next_dist_1gdrd03._.js:1945
[  507744ms] [ERROR] ./src/app/du-an/page.tsx:6:16
You're importing a module that depends on `useState` into a React Server Component module. This API is only available in Client Components. To fix, mark the file (or its parent) with the `"use client"` directive.
    Learn more: https://nextjs.org/docs/app/api-reference/directives/use-client
  4 | import { MapPin, Search } from "lucide-react";
  5 | import Link from "next/link";
> 6 | import { useMemo, useState } from "react";
    |                ^^^^^^^^
  7 |
  8 | const categories = [
  9 |   ["Biệt thự", "#biet-thu"],

Ecmascript file had an error @ http://localhost:3100/_next/static/chunks/node_modules_next_dist_1gdrd03._.js:1945
[  507807ms] [ERROR] ./src/app/du-an/page.tsx:6:16
You're importing a module that depends on `useState` into a React Server Component module. This API is only available in Client Components. To fix, mark the file (or its parent) with the `"use client"` directive.
    Learn more: https://nextjs.org/docs/app/api-reference/directives/use-client
  4 | import { MapPin, Search } from "lucide-react";
  5 | import Link from "next/link";
> 6 | import { useMemo, useState } from "react";
    |                ^^^^^^^^
  7 |
  8 | const categories = [
  9 |   ["Biệt thự", "#biet-thu"],

Ecmascript file had an error @ http://localhost:3100/_next/static/chunks/node_modules_next_dist_1gdrd03._.js:1945
[  507869ms] [ERROR] ./src/app/du-an/page.tsx:6:16
You're importing a module that depends on `useState` into a React Server Component module. This API is only available in Client Components. To fix, mark the file (or its parent) with the `"use client"` directive.
    Learn more: https://nextjs.org/docs/app/api-reference/directives/use-client
  4 | import { MapPin, Search } from "lucide-react";
  5 | import Link from "next/link";
> 6 | import { useMemo, useState } from "react";
    |                ^^^^^^^^
  7 |
  8 | const categories = [
  9 |   ["Biệt thự", "#biet-thu"],

Ecmascript file had an error @ http://localhost:3100/_next/static/chunks/node_modules_next_dist_1gdrd03._.js:1945
[  507932ms] [ERROR] ./src/app/du-an/page.tsx:6:16
You're importing a module that depends on `useState` into a React Server Component module. This API is only available in Client Components. To fix, mark the file (or its parent) with the `"use client"` directive.
    Learn more: https://nextjs.org/docs/app/api-reference/directives/use-client
  4 | import { MapPin, Search } from "lucide-react";
  5 | import Link from "next/link";
> 6 | import { useMemo, useState } from "react";
    |                ^^^^^^^^
  7 |
  8 | const categories = [
  9 |   ["Biệt thự", "#biet-thu"],

Ecmascript file had an error @ http://localhost:3100/_next/static/chunks/node_modules_next_dist_1gdrd03._.js:1945
[  507996ms] [ERROR] ./src/app/du-an/page.tsx:6:16
You're importing a module that depends on `useState` into a React Server Component module. This API is only available in Client Components. To fix, mark the file (or its parent) with the `"use client"` directive.
    Learn more: https://nextjs.org/docs/app/api-reference/directives/use-client
  4 | import { MapPin, Search } from "lucide-react";
  5 | import Link from "next/link";
> 6 | import { useMemo, useState } from "react";
    |                ^^^^^^^^
  7 |
  8 | const categories = [
  9 |   ["Biệt thự", "#biet-thu"],

Ecmascript file had an error @ http://localhost:3100/_next/static/chunks/node_modules_next_dist_1gdrd03._.js:1945
[  508060ms] [ERROR] ./src/app/du-an/page.tsx:6:16
You're importing a module that depends on `useState` into a React Server Component module. This API is only available in Client Components. To fix, mark the file (or its parent) with the `"use client"` directive.
    Learn more: https://nextjs.org/docs/app/api-reference/directives/use-client
  4 | import { MapPin, Search } from "lucide-react";
  5 | import Link from "next/link";
> 6 | import { useMemo, useState } from "react";
    |                ^^^^^^^^
  7 |
  8 | const categories = [
  9 |   ["Biệt thự", "#biet-thu"],

Ecmascript file had an error @ http://localhost:3100/_next/static/chunks/node_modules_next_dist_1gdrd03._.js:1945
[  508120ms] [ERROR] ./src/app/du-an/page.tsx:6:16
You're importing a module that depends on `useState` into a React Server Component module. This API is only available in Client Components. To fix, mark the file (or its parent) with the `"use client"` directive.
    Learn more: https://nextjs.org/docs/app/api-reference/directives/use-client
  4 | import { MapPin, Search } from "lucide-react";
  5 | import Link from "next/link";
> 6 | import { useMemo, useState } from "react";
    |                ^^^^^^^^
  7 |
  8 | const categories = [
  9 |   ["Biệt thự", "#biet-thu"],

Ecmascript file had an error @ http://localhost:3100/_next/static/chunks/node_modules_next_dist_1gdrd03._.js:1945
[  508182ms] [ERROR] ./src/app/du-an/page.tsx:6:16
You're importing a module that depends on `useState` into a React Server Component module. This API is only available in Client Components. To fix, mark the file (or its parent) with the `"use client"` directive.
    Learn more: https://nextjs.org/docs/app/api-reference/directives/use-client
  4 | import { MapPin, Search } from "lucide-react";
  5 | import Link from "next/link";
> 6 | import { useMemo, useState } from "react";
    |                ^^^^^^^^
  7 |
  8 | const categories = [
  9 |   ["Biệt thự", "#biet-thu"],

Ecmascript file had an error @ http://localhost:3100/_next/static/chunks/node_modules_next_dist_1gdrd03._.js:1945
[  508244ms] [ERROR] ./src/app/du-an/page.tsx:6:16
You're importing a module that depends on `useState` into a React Server Component module. This API is only available in Client Components. To fix, mark the file (or its parent) with the `"use client"` directive.
    Learn more: https://nextjs.org/docs/app/api-reference/directives/use-client
  4 | import { MapPin, Search } from "lucide-react";
  5 | import Link from "next/link";
> 6 | import { useMemo, useState } from "react";
    |                ^^^^^^^^
  7 |
  8 | const categories = [
  9 |   ["Biệt thự", "#biet-thu"],

Ecmascript file had an error @ http://localhost:3100/_next/static/chunks/node_modules_next_dist_1gdrd03._.js:1945
[  508305ms] [ERROR] ./src/app/du-an/page.tsx:6:16
You're importing a module that depends on `useState` into a React Server Component module. This API is only available in Client Components. To fix, mark the file (or its parent) with the `"use client"` directive.
    Learn more: https://nextjs.org/docs/app/api-reference/directives/use-client
  4 | import { MapPin, Search } from "lucide-react";
  5 | import Link from "next/link";
> 6 | import { useMemo, useState } from "react";
    |                ^^^^^^^^
  7 |
  8 | const categories = [
  9 |   ["Biệt thự", "#biet-thu"],

Ecmascript file had an error @ http://localhost:3100/_next/static/chunks/node_modules_next_dist_1gdrd03._.js:1945
[  508367ms] [ERROR] ./src/app/du-an/page.tsx:6:16
You're importing a module that depends on `useState` into a React Server Component module. This API is only available in Client Components. To fix, mark the file (or its parent) with the `"use client"` directive.
    Learn more: https://nextjs.org/docs/app/api-reference/directives/use-client
  4 | import { MapPin, Search } from "lucide-react";
  5 | import Link from "next/link";
> 6 | import { useMemo, useState } from "react";
    |                ^^^^^^^^
  7 |
  8 | const categories = [
  9 |   ["Biệt thự", "#biet-thu"],

Ecmascript file had an error @ http://localhost:3100/_next/static/chunks/node_modules_next_dist_1gdrd03._.js:1945
[  508429ms] [ERROR] ./src/app/du-an/page.tsx:6:16
You're importing a module that depends on `useState` into a React Server Component module. This API is only available in Client Components. To fix, mark the file (or its parent) with the `"use client"` directive.
    Learn more: https://nextjs.org/docs/app/api-reference/directives/use-client
  4 | import { MapPin, Search } from "lucide-react";
  5 | import Link from "next/link";
> 6 | import { useMemo, useState } from "react";
    |                ^^^^^^^^
  7 |
  8 | const categories = [
  9 |   ["Biệt thự", "#biet-thu"],

Ecmascript file had an error @ http://localhost:3100/_next/static/chunks/node_modules_next_dist_1gdrd03._.js:1945
[  508490ms] [ERROR] ./src/app/du-an/page.tsx:6:16
You're importing a module that depends on `useState` into a React Server Component module. This API is only available in Client Components. To fix, mark the file (or its parent) with the `"use client"` directive.
    Learn more: https://nextjs.org/docs/app/api-reference/directives/use-client
  4 | import { MapPin, Search } from "lucide-react";
  5 | import Link from "next/link";
> 6 | import { useMemo, useState } from "react";
    |                ^^^^^^^^
  7 |
  8 | const categories = [
  9 |   ["Biệt thự", "#biet-thu"],

Ecmascript file had an error @ http://localhost:3100/_next/static/chunks/node_modules_next_dist_1gdrd03._.js:1945
[  508551ms] [ERROR] ./src/app/du-an/page.tsx:6:16
You're importing a module that depends on `useState` into a React Server Component module. This API is only available in Client Components. To fix, mark the file (or its parent) with the `"use client"` directive.
    Learn more: https://nextjs.org/docs/app/api-reference/directives/use-client
  4 | import { MapPin, Search } from "lucide-react";
  5 | import Link from "next/link";
> 6 | import { useMemo, useState } from "react";
    |                ^^^^^^^^
  7 |
  8 | const categories = [
  9 |   ["Biệt thự", "#biet-thu"],

Ecmascript file had an error @ http://localhost:3100/_next/static/chunks/node_modules_next_dist_1gdrd03._.js:1945
[  508614ms] [ERROR] ./src/app/du-an/page.tsx:6:16
You're importing a module that depends on `useState` into a React Server Component module. This API is only available in Client Components. To fix, mark the file (or its parent) with the `"use client"` directive.
    Learn more: https://nextjs.org/docs/app/api-reference/directives/use-client
  4 | import { MapPin, Search } from "lucide-react";
  5 | import Link from "next/link";
> 6 | import { useMemo, useState } from "react";
    |                ^^^^^^^^
  7 |
  8 | const categories = [
  9 |   ["Biệt thự", "#biet-thu"],

Ecmascript file had an error @ http://localhost:3100/_next/static/chunks/node_modules_next_dist_1gdrd03._.js:1945
[  508676ms] [ERROR] ./src/app/du-an/page.tsx:6:16
You're importing a module that depends on `useState` into a React Server Component module. This API is only available in Client Components. To fix, mark the file (or its parent) with the `"use client"` directive.
    Learn more: https://nextjs.org/docs/app/api-reference/directives/use-client
  4 | import { MapPin, Search } from "lucide-react";
  5 | import Link from "next/link";
> 6 | import { useMemo, useState } from "react";
    |                ^^^^^^^^
  7 |
  8 | const categories = [
  9 |   ["Biệt thự", "#biet-thu"],

Ecmascript file had an error @ http://localhost:3100/_next/static/chunks/node_modules_next_dist_1gdrd03._.js:1945
[  508738ms] [ERROR] ./src/app/du-an/page.tsx:6:16
You're importing a module that depends on `useState` into a React Server Component module. This API is only available in Client Components. To fix, mark the file (or its parent) with the `"use client"` directive.
    Learn more: https://nextjs.org/docs/app/api-reference/directives/use-client
  4 | import { MapPin, Search } from "lucide-react";
  5 | import Link from "next/link";
> 6 | import { useMemo, useState } from "react";
    |                ^^^^^^^^
  7 |
  8 | const categories = [
  9 |   ["Biệt thự", "#biet-thu"],

Ecmascript file had an error @ http://localhost:3100/_next/static/chunks/node_modules_next_dist_1gdrd03._.js:1945
[  508800ms] [ERROR] ./src/app/du-an/page.tsx:6:16
You're importing a module that depends on `useState` into a React Server Component module. This API is only available in Client Components. To fix, mark the file (or its parent) with the `"use client"` directive.
    Learn more: https://nextjs.org/docs/app/api-reference/directives/use-client
  4 | import { MapPin, Search } from "lucide-react";
  5 | import Link from "next/link";
> 6 | import { useMemo, useState } from "react";
    |                ^^^^^^^^
  7 |
  8 | const categories = [
  9 |   ["Biệt thự", "#biet-thu"],

Ecmascript file had an error @ http://localhost:3100/_next/static/chunks/node_modules_next_dist_1gdrd03._.js:1945
[  508860ms] [ERROR] ./src/app/du-an/page.tsx:6:16
You're importing a module that depends on `useState` into a React Server Component module. This API is only available in Client Components. To fix, mark the file (or its parent) with the `"use client"` directive.
    Learn more: https://nextjs.org/docs/app/api-reference/directives/use-client
  4 | import { MapPin, Search } from "lucide-react";
  5 | import Link from "next/link";
> 6 | import { useMemo, useState } from "react";
    |                ^^^^^^^^
  7 |
  8 | const categories = [
  9 |   ["Biệt thự", "#biet-thu"],

Ecmascript file had an error @ http://localhost:3100/_next/static/chunks/node_modules_next_dist_1gdrd03._.js:1945
[  508922ms] [ERROR] ./src/app/du-an/page.tsx:6:16
You're importing a module that depends on `useState` into a React Server Component module. This API is only available in Client Components. To fix, mark the file (or its parent) with the `"use client"` directive.
    Learn more: https://nextjs.org/docs/app/api-reference/directives/use-client
  4 | import { MapPin, Search } from "lucide-react";
  5 | import Link from "next/link";
> 6 | import { useMemo, useState } from "react";
    |                ^^^^^^^^
  7 |
  8 | const categories = [
  9 |   ["Biệt thự", "#biet-thu"],

Ecmascript file had an error @ http://localhost:3100/_next/static/chunks/node_modules_next_dist_1gdrd03._.js:1945
[  508984ms] [ERROR] ./src/app/du-an/page.tsx:6:16
You're importing a module that depends on `useState` into a React Server Component module. This API is only available in Client Components. To fix, mark the file (or its parent) with the `"use client"` directive.
    Learn more: https://nextjs.org/docs/app/api-reference/directives/use-client
  4 | import { MapPin, Search } from "lucide-react";
  5 | import Link from "next/link";
> 6 | import { useMemo, useState } from "react";
    |                ^^^^^^^^
  7 |
  8 | const categories = [
  9 |   ["Biệt thự", "#biet-thu"],

Ecmascript file had an error @ http://localhost:3100/_next/static/chunks/node_modules_next_dist_1gdrd03._.js:1945
[  509046ms] [ERROR] ./src/app/du-an/page.tsx:6:16
You're importing a module that depends on `useState` into a React Server Component module. This API is only available in Client Components. To fix, mark the file (or its parent) with the `"use client"` directive.
    Learn more: https://nextjs.org/docs/app/api-reference/directives/use-client
  4 | import { MapPin, Search } from "lucide-react";
  5 | import Link from "next/link";
> 6 | import { useMemo, useState } from "react";
    |                ^^^^^^^^
  7 |
  8 | const categories = [
  9 |   ["Biệt thự", "#biet-thu"],

Ecmascript file had an error @ http://localhost:3100/_next/static/chunks/node_modules_next_dist_1gdrd03._.js:1945
[  509109ms] [ERROR] ./src/app/du-an/page.tsx:6:16
You're importing a module that depends on `useState` into a React Server Component module. This API is only available in Client Components. To fix, mark the file (or its parent) with the `"use client"` directive.
    Learn more: https://nextjs.org/docs/app/api-reference/directives/use-client
  4 | import { MapPin, Search } from "lucide-react";
  5 | import Link from "next/link";
> 6 | import { useMemo, useState } from "react";
    |                ^^^^^^^^
  7 |
  8 | const categories = [
  9 |   ["Biệt thự", "#biet-thu"],

Ecmascript file had an error @ http://localhost:3100/_next/static/chunks/node_modules_next_dist_1gdrd03._.js:1945
[  509172ms] [ERROR] ./src/app/du-an/page.tsx:6:16
You're importing a module that depends on `useState` into a React Server Component module. This API is only available in Client Components. To fix, mark the file (or its parent) with the `"use client"` directive.
    Learn more: https://nextjs.org/docs/app/api-reference/directives/use-client
  4 | import { MapPin, Search } from "lucide-react";
  5 | import Link from "next/link";
> 6 | import { useMemo, useState } from "react";
    |                ^^^^^^^^
  7 |
  8 | const categories = [
  9 |   ["Biệt thự", "#biet-thu"],

Ecmascript file had an error @ http://localhost:3100/_next/static/chunks/node_modules_next_dist_1gdrd03._.js:1945
[  509234ms] [ERROR] ./src/app/du-an/page.tsx:6:16
You're importing a module that depends on `useState` into a React Server Component module. This API is only available in Client Components. To fix, mark the file (or its parent) with the `"use client"` directive.
    Learn more: https://nextjs.org/docs/app/api-reference/directives/use-client
  4 | import { MapPin, Search } from "lucide-react";
  5 | import Link from "next/link";
> 6 | import { useMemo, useState } from "react";
    |                ^^^^^^^^
  7 |
  8 | const categories = [
  9 |   ["Biệt thự", "#biet-thu"],

Ecmascript file had an error @ http://localhost:3100/_next/static/chunks/node_modules_next_dist_1gdrd03._.js:1945
[  509297ms] [ERROR] ./src/app/du-an/page.tsx:6:16
You're importing a module that depends on `useState` into a React Server Component module. This API is only available in Client Components. To fix, mark the file (or its parent) with the `"use client"` directive.
    Learn more: https://nextjs.org/docs/app/api-reference/directives/use-client
  4 | import { MapPin, Search } from "lucide-react";
  5 | import Link from "next/link";
> 6 | import { useMemo, useState } from "react";
    |                ^^^^^^^^
  7 |
  8 | const categories = [
  9 |   ["Biệt thự", "#biet-thu"],

Ecmascript file had an error @ http://localhost:3100/_next/static/chunks/node_modules_next_dist_1gdrd03._.js:1945
[  509359ms] [ERROR] ./src/app/du-an/page.tsx:6:16
You're importing a module that depends on `useState` into a React Server Component module. This API is only available in Client Components. To fix, mark the file (or its parent) with the `"use client"` directive.
    Learn more: https://nextjs.org/docs/app/api-reference/directives/use-client
  4 | import { MapPin, Search } from "lucide-react";
  5 | import Link from "next/link";
> 6 | import { useMemo, useState } from "react";
    |                ^^^^^^^^
  7 |
  8 | const categories = [
  9 |   ["Biệt thự", "#biet-thu"],

Ecmascript file had an error @ http://localhost:3100/_next/static/chunks/node_modules_next_dist_1gdrd03._.js:1945
[  509422ms] [ERROR] ./src/app/du-an/page.tsx:6:16
You're importing a module that depends on `useState` into a React Server Component module. This API is only available in Client Components. To fix, mark the file (or its parent) with the `"use client"` directive.
    Learn more: https://nextjs.org/docs/app/api-reference/directives/use-client
  4 | import { MapPin, Search } from "lucide-react";
  5 | import Link from "next/link";
> 6 | import { useMemo, useState } from "react";
    |                ^^^^^^^^
  7 |
  8 | const categories = [
  9 |   ["Biệt thự", "#biet-thu"],

Ecmascript file had an error @ http://localhost:3100/_next/static/chunks/node_modules_next_dist_1gdrd03._.js:1945
[  509483ms] [ERROR] ./src/app/du-an/page.tsx:6:16
You're importing a module that depends on `useState` into a React Server Component module. This API is only available in Client Components. To fix, mark the file (or its parent) with the `"use client"` directive.
    Learn more: https://nextjs.org/docs/app/api-reference/directives/use-client
  4 | import { MapPin, Search } from "lucide-react";
  5 | import Link from "next/link";
> 6 | import { useMemo, useState } from "react";
    |                ^^^^^^^^
  7 |
  8 | const categories = [
  9 |   ["Biệt thự", "#biet-thu"],

Ecmascript file had an error @ http://localhost:3100/_next/static/chunks/node_modules_next_dist_1gdrd03._.js:1945
[  509545ms] [ERROR] ./src/app/du-an/page.tsx:6:16
You're importing a module that depends on `useState` into a React Server Component module. This API is only available in Client Components. To fix, mark the file (or its parent) with the `"use client"` directive.
    Learn more: https://nextjs.org/docs/app/api-reference/directives/use-client
  4 | import { MapPin, Search } from "lucide-react";
  5 | import Link from "next/link";
> 6 | import { useMemo, useState } from "react";
    |                ^^^^^^^^
  7 |
  8 | const categories = [
  9 |   ["Biệt thự", "#biet-thu"],

Ecmascript file had an error @ http://localhost:3100/_next/static/chunks/node_modules_next_dist_1gdrd03._.js:1945
[  509607ms] [ERROR] ./src/app/du-an/page.tsx:6:16
You're importing a module that depends on `useState` into a React Server Component module. This API is only available in Client Components. To fix, mark the file (or its parent) with the `"use client"` directive.
    Learn more: https://nextjs.org/docs/app/api-reference/directives/use-client
  4 | import { MapPin, Search } from "lucide-react";
  5 | import Link from "next/link";
> 6 | import { useMemo, useState } from "react";
    |                ^^^^^^^^
  7 |
  8 | const categories = [
  9 |   ["Biệt thự", "#biet-thu"],

Ecmascript file had an error @ http://localhost:3100/_next/static/chunks/node_modules_next_dist_1gdrd03._.js:1945
[  509671ms] [ERROR] ./src/app/du-an/page.tsx:6:16
You're importing a module that depends on `useState` into a React Server Component module. This API is only available in Client Components. To fix, mark the file (or its parent) with the `"use client"` directive.
    Learn more: https://nextjs.org/docs/app/api-reference/directives/use-client
  4 | import { MapPin, Search } from "lucide-react";
  5 | import Link from "next/link";
> 6 | import { useMemo, useState } from "react";
    |                ^^^^^^^^
  7 |
  8 | const categories = [
  9 |   ["Biệt thự", "#biet-thu"],

Ecmascript file had an error @ http://localhost:3100/_next/static/chunks/node_modules_next_dist_1gdrd03._.js:1945
[  509733ms] [ERROR] ./src/app/du-an/page.tsx:6:16
You're importing a module that depends on `useState` into a React Server Component module. This API is only available in Client Components. To fix, mark the file (or its parent) with the `"use client"` directive.
    Learn more: https://nextjs.org/docs/app/api-reference/directives/use-client
  4 | import { MapPin, Search } from "lucide-react";
  5 | import Link from "next/link";
> 6 | import { useMemo, useState } from "react";
    |                ^^^^^^^^
  7 |
  8 | const categories = [
  9 |   ["Biệt thự", "#biet-thu"],

Ecmascript file had an error @ http://localhost:3100/_next/static/chunks/node_modules_next_dist_1gdrd03._.js:1945
[  509796ms] [ERROR] ./src/app/du-an/page.tsx:6:16
You're importing a module that depends on `useState` into a React Server Component module. This API is only available in Client Components. To fix, mark the file (or its parent) with the `"use client"` directive.
    Learn more: https://nextjs.org/docs/app/api-reference/directives/use-client
  4 | import { MapPin, Search } from "lucide-react";
  5 | import Link from "next/link";
> 6 | import { useMemo, useState } from "react";
    |                ^^^^^^^^
  7 |
  8 | const categories = [
  9 |   ["Biệt thự", "#biet-thu"],

Ecmascript file had an error @ http://localhost:3100/_next/static/chunks/node_modules_next_dist_1gdrd03._.js:1945
[  509858ms] [ERROR] ./src/app/du-an/page.tsx:6:16
You're importing a module that depends on `useState` into a React Server Component module. This API is only available in Client Components. To fix, mark the file (or its parent) with the `"use client"` directive.
    Learn more: https://nextjs.org/docs/app/api-reference/directives/use-client
  4 | import { MapPin, Search } from "lucide-react";
  5 | import Link from "next/link";
> 6 | import { useMemo, useState } from "react";
    |                ^^^^^^^^
  7 |
  8 | const categories = [
  9 |   ["Biệt thự", "#biet-thu"],

Ecmascript file had an error @ http://localhost:3100/_next/static/chunks/node_modules_next_dist_1gdrd03._.js:1945
[  509921ms] [ERROR] ./src/app/du-an/page.tsx:6:16
You're importing a module that depends on `useState` into a React Server Component module. This API is only available in Client Components. To fix, mark the file (or its parent) with the `"use client"` directive.
    Learn more: https://nextjs.org/docs/app/api-reference/directives/use-client
  4 | import { MapPin, Search } from "lucide-react";
  5 | import Link from "next/link";
> 6 | import { useMemo, useState } from "react";
    |                ^^^^^^^^
  7 |
  8 | const categories = [
  9 |   ["Biệt thự", "#biet-thu"],

Ecmascript file had an error @ http://localhost:3100/_next/static/chunks/node_modules_next_dist_1gdrd03._.js:1945
[  509984ms] [ERROR] ./src/app/du-an/page.tsx:6:16
You're importing a module that depends on `useState` into a React Server Component module. This API is only available in Client Components. To fix, mark the file (or its parent) with the `"use client"` directive.
    Learn more: https://nextjs.org/docs/app/api-reference/directives/use-client
  4 | import { MapPin, Search } from "lucide-react";
  5 | import Link from "next/link";
> 6 | import { useMemo, useState } from "react";
    |                ^^^^^^^^
  7 |
  8 | const categories = [
  9 |   ["Biệt thự", "#biet-thu"],

Ecmascript file had an error @ http://localhost:3100/_next/static/chunks/node_modules_next_dist_1gdrd03._.js:1945
[  510045ms] [ERROR] ./src/app/du-an/page.tsx:6:16
You're importing a module that depends on `useState` into a React Server Component module. This API is only available in Client Components. To fix, mark the file (or its parent) with the `"use client"` directive.
    Learn more: https://nextjs.org/docs/app/api-reference/directives/use-client
  4 | import { MapPin, Search } from "lucide-react";
  5 | import Link from "next/link";
> 6 | import { useMemo, useState } from "react";
    |                ^^^^^^^^
  7 |
  8 | const categories = [
  9 |   ["Biệt thự", "#biet-thu"],

Ecmascript file had an error @ http://localhost:3100/_next/static/chunks/node_modules_next_dist_1gdrd03._.js:1945
[  510107ms] [ERROR] ./src/app/du-an/page.tsx:6:16
You're importing a module that depends on `useState` into a React Server Component module. This API is only available in Client Components. To fix, mark the file (or its parent) with the `"use client"` directive.
    Learn more: https://nextjs.org/docs/app/api-reference/directives/use-client
  4 | import { MapPin, Search } from "lucide-react";
  5 | import Link from "next/link";
> 6 | import { useMemo, useState } from "react";
    |                ^^^^^^^^
  7 |
  8 | const categories = [
  9 |   ["Biệt thự", "#biet-thu"],

Ecmascript file had an error @ http://localhost:3100/_next/static/chunks/node_modules_next_dist_1gdrd03._.js:1945
[  510167ms] [ERROR] ./src/app/du-an/page.tsx:6:16
You're importing a module that depends on `useState` into a React Server Component module. This API is only available in Client Components. To fix, mark the file (or its parent) with the `"use client"` directive.
    Learn more: https://nextjs.org/docs/app/api-reference/directives/use-client
  4 | import { MapPin, Search } from "lucide-react";
  5 | import Link from "next/link";
> 6 | import { useMemo, useState } from "react";
    |                ^^^^^^^^
  7 |
  8 | const categories = [
  9 |   ["Biệt thự", "#biet-thu"],

Ecmascript file had an error @ http://localhost:3100/_next/static/chunks/node_modules_next_dist_1gdrd03._.js:1945
[  510230ms] [ERROR] ./src/app/du-an/page.tsx:6:16
You're importing a module that depends on `useState` into a React Server Component module. This API is only available in Client Components. To fix, mark the file (or its parent) with the `"use client"` directive.
    Learn more: https://nextjs.org/docs/app/api-reference/directives/use-client
  4 | import { MapPin, Search } from "lucide-react";
  5 | import Link from "next/link";
> 6 | import { useMemo, useState } from "react";
    |                ^^^^^^^^
  7 |
  8 | const categories = [
  9 |   ["Biệt thự", "#biet-thu"],

Ecmascript file had an error @ http://localhost:3100/_next/static/chunks/node_modules_next_dist_1gdrd03._.js:1945
[  510293ms] [ERROR] ./src/app/du-an/page.tsx:6:16
You're importing a module that depends on `useState` into a React Server Component module. This API is only available in Client Components. To fix, mark the file (or its parent) with the `"use client"` directive.
    Learn more: https://nextjs.org/docs/app/api-reference/directives/use-client
  4 | import { MapPin, Search } from "lucide-react";
  5 | import Link from "next/link";
> 6 | import { useMemo, useState } from "react";
    |                ^^^^^^^^
  7 |
  8 | const categories = [
  9 |   ["Biệt thự", "#biet-thu"],

Ecmascript file had an error @ http://localhost:3100/_next/static/chunks/node_modules_next_dist_1gdrd03._.js:1945
[  510354ms] [ERROR] ./src/app/du-an/page.tsx:6:16
You're importing a module that depends on `useState` into a React Server Component module. This API is only available in Client Components. To fix, mark the file (or its parent) with the `"use client"` directive.
    Learn more: https://nextjs.org/docs/app/api-reference/directives/use-client
  4 | import { MapPin, Search } from "lucide-react";
  5 | import Link from "next/link";
> 6 | import { useMemo, useState } from "react";
    |                ^^^^^^^^
  7 |
  8 | const categories = [
  9 |   ["Biệt thự", "#biet-thu"],

Ecmascript file had an error @ http://localhost:3100/_next/static/chunks/node_modules_next_dist_1gdrd03._.js:1945
[  510416ms] [ERROR] ./src/app/du-an/page.tsx:6:16
You're importing a module that depends on `useState` into a React Server Component module. This API is only available in Client Components. To fix, mark the file (or its parent) with the `"use client"` directive.
    Learn more: https://nextjs.org/docs/app/api-reference/directives/use-client
  4 | import { MapPin, Search } from "lucide-react";
  5 | import Link from "next/link";
> 6 | import { useMemo, useState } from "react";
    |                ^^^^^^^^
  7 |
  8 | const categories = [
  9 |   ["Biệt thự", "#biet-thu"],

Ecmascript file had an error @ http://localhost:3100/_next/static/chunks/node_modules_next_dist_1gdrd03._.js:1945
[  510477ms] [ERROR] ./src/app/du-an/page.tsx:6:16
You're importing a module that depends on `useState` into a React Server Component module. This API is only available in Client Components. To fix, mark the file (or its parent) with the `"use client"` directive.
    Learn more: https://nextjs.org/docs/app/api-reference/directives/use-client
  4 | import { MapPin, Search } from "lucide-react";
  5 | import Link from "next/link";
> 6 | import { useMemo, useState } from "react";
    |                ^^^^^^^^
  7 |
  8 | const categories = [
  9 |   ["Biệt thự", "#biet-thu"],

Ecmascript file had an error @ http://localhost:3100/_next/static/chunks/node_modules_next_dist_1gdrd03._.js:1945
[  510538ms] [ERROR] ./src/app/du-an/page.tsx:6:16
You're importing a module that depends on `useState` into a React Server Component module. This API is only available in Client Components. To fix, mark the file (or its parent) with the `"use client"` directive.
    Learn more: https://nextjs.org/docs/app/api-reference/directives/use-client
  4 | import { MapPin, Search } from "lucide-react";
  5 | import Link from "next/link";
> 6 | import { useMemo, useState } from "react";
    |                ^^^^^^^^
  7 |
  8 | const categories = [
  9 |   ["Biệt thự", "#biet-thu"],

Ecmascript file had an error @ http://localhost:3100/_next/static/chunks/node_modules_next_dist_1gdrd03._.js:1945
[  510601ms] [ERROR] ./src/app/du-an/page.tsx:6:16
You're importing a module that depends on `useState` into a React Server Component module. This API is only available in Client Components. To fix, mark the file (or its parent) with the `"use client"` directive.
    Learn more: https://nextjs.org/docs/app/api-reference/directives/use-client
  4 | import { MapPin, Search } from "lucide-react";
  5 | import Link from "next/link";
> 6 | import { useMemo, useState } from "react";
    |                ^^^^^^^^
  7 |
  8 | const categories = [
  9 |   ["Biệt thự", "#biet-thu"],

Ecmascript file had an error @ http://localhost:3100/_next/static/chunks/node_modules_next_dist_1gdrd03._.js:1945
[  510664ms] [ERROR] ./src/app/du-an/page.tsx:6:16
You're importing a module that depends on `useState` into a React Server Component module. This API is only available in Client Components. To fix, mark the file (or its parent) with the `"use client"` directive.
    Learn more: https://nextjs.org/docs/app/api-reference/directives/use-client
  4 | import { MapPin, Search } from "lucide-react";
  5 | import Link from "next/link";
> 6 | import { useMemo, useState } from "react";
    |                ^^^^^^^^
  7 |
  8 | const categories = [
  9 |   ["Biệt thự", "#biet-thu"],

Ecmascript file had an error @ http://localhost:3100/_next/static/chunks/node_modules_next_dist_1gdrd03._.js:1945
[  510726ms] [ERROR] ./src/app/du-an/page.tsx:6:16
You're importing a module that depends on `useState` into a React Server Component module. This API is only available in Client Components. To fix, mark the file (or its parent) with the `"use client"` directive.
    Learn more: https://nextjs.org/docs/app/api-reference/directives/use-client
  4 | import { MapPin, Search } from "lucide-react";
  5 | import Link from "next/link";
> 6 | import { useMemo, useState } from "react";
    |                ^^^^^^^^
  7 |
  8 | const categories = [
  9 |   ["Biệt thự", "#biet-thu"],

Ecmascript file had an error @ http://localhost:3100/_next/static/chunks/node_modules_next_dist_1gdrd03._.js:1945
[  510787ms] [ERROR] ./src/app/du-an/page.tsx:6:16
You're importing a module that depends on `useState` into a React Server Component module. This API is only available in Client Components. To fix, mark the file (or its parent) with the `"use client"` directive.
    Learn more: https://nextjs.org/docs/app/api-reference/directives/use-client
  4 | import { MapPin, Search } from "lucide-react";
  5 | import Link from "next/link";
> 6 | import { useMemo, useState } from "react";
    |                ^^^^^^^^
  7 |
  8 | const categories = [
  9 |   ["Biệt thự", "#biet-thu"],

Ecmascript file had an error @ http://localhost:3100/_next/static/chunks/node_modules_next_dist_1gdrd03._.js:1945
[  510851ms] [ERROR] ./src/app/du-an/page.tsx:6:16
You're importing a module that depends on `useState` into a React Server Component module. This API is only available in Client Components. To fix, mark the file (or its parent) with the `"use client"` directive.
    Learn more: https://nextjs.org/docs/app/api-reference/directives/use-client
  4 | import { MapPin, Search } from "lucide-react";
  5 | import Link from "next/link";
> 6 | import { useMemo, useState } from "react";
    |                ^^^^^^^^
  7 |
  8 | const categories = [
  9 |   ["Biệt thự", "#biet-thu"],

Ecmascript file had an error @ http://localhost:3100/_next/static/chunks/node_modules_next_dist_1gdrd03._.js:1945
[  510912ms] [ERROR] ./src/app/du-an/page.tsx:6:16
You're importing a module that depends on `useState` into a React Server Component module. This API is only available in Client Components. To fix, mark the file (or its parent) with the `"use client"` directive.
    Learn more: https://nextjs.org/docs/app/api-reference/directives/use-client
  4 | import { MapPin, Search } from "lucide-react";
  5 | import Link from "next/link";
> 6 | import { useMemo, useState } from "react";
    |                ^^^^^^^^
  7 |
  8 | const categories = [
  9 |   ["Biệt thự", "#biet-thu"],

Ecmascript file had an error @ http://localhost:3100/_next/static/chunks/node_modules_next_dist_1gdrd03._.js:1945
[  510974ms] [ERROR] ./src/app/du-an/page.tsx:6:16
You're importing a module that depends on `useState` into a React Server Component module. This API is only available in Client Components. To fix, mark the file (or its parent) with the `"use client"` directive.
    Learn more: https://nextjs.org/docs/app/api-reference/directives/use-client
  4 | import { MapPin, Search } from "lucide-react";
  5 | import Link from "next/link";
> 6 | import { useMemo, useState } from "react";
    |                ^^^^^^^^
  7 |
  8 | const categories = [
  9 |   ["Biệt thự", "#biet-thu"],

Ecmascript file had an error @ http://localhost:3100/_next/static/chunks/node_modules_next_dist_1gdrd03._.js:1945
[  511038ms] [ERROR] ./src/app/du-an/page.tsx:6:16
You're importing a module that depends on `useState` into a React Server Component module. This API is only available in Client Components. To fix, mark the file (or its parent) with the `"use client"` directive.
    Learn more: https://nextjs.org/docs/app/api-reference/directives/use-client
  4 | import { MapPin, Search } from "lucide-react";
  5 | import Link from "next/link";
> 6 | import { useMemo, useState } from "react";
    |                ^^^^^^^^
  7 |
  8 | const categories = [
  9 |   ["Biệt thự", "#biet-thu"],

Ecmascript file had an error @ http://localhost:3100/_next/static/chunks/node_modules_next_dist_1gdrd03._.js:1945
[  511101ms] [ERROR] ./src/app/du-an/page.tsx:6:16
You're importing a module that depends on `useState` into a React Server Component module. This API is only available in Client Components. To fix, mark the file (or its parent) with the `"use client"` directive.
    Learn more: https://nextjs.org/docs/app/api-reference/directives/use-client
  4 | import { MapPin, Search } from "lucide-react";
  5 | import Link from "next/link";
> 6 | import { useMemo, useState } from "react";
    |                ^^^^^^^^
  7 |
  8 | const categories = [
  9 |   ["Biệt thự", "#biet-thu"],

Ecmascript file had an error @ http://localhost:3100/_next/static/chunks/node_modules_next_dist_1gdrd03._.js:1945
[  511164ms] [ERROR] ./src/app/du-an/page.tsx:6:16
You're importing a module that depends on `useState` into a React Server Component module. This API is only available in Client Components. To fix, mark the file (or its parent) with the `"use client"` directive.
    Learn more: https://nextjs.org/docs/app/api-reference/directives/use-client
  4 | import { MapPin, Search } from "lucide-react";
  5 | import Link from "next/link";
> 6 | import { useMemo, useState } from "react";
    |                ^^^^^^^^
  7 |
  8 | const categories = [
  9 |   ["Biệt thự", "#biet-thu"],

Ecmascript file had an error @ http://localhost:3100/_next/static/chunks/node_modules_next_dist_1gdrd03._.js:1945
[  511225ms] [ERROR] ./src/app/du-an/page.tsx:6:16
You're importing a module that depends on `useState` into a React Server Component module. This API is only available in Client Components. To fix, mark the file (or its parent) with the `"use client"` directive.
    Learn more: https://nextjs.org/docs/app/api-reference/directives/use-client
  4 | import { MapPin, Search } from "lucide-react";
  5 | import Link from "next/link";
> 6 | import { useMemo, useState } from "react";
    |                ^^^^^^^^
  7 |
  8 | const categories = [
  9 |   ["Biệt thự", "#biet-thu"],

Ecmascript file had an error @ http://localhost:3100/_next/static/chunks/node_modules_next_dist_1gdrd03._.js:1945
[  511288ms] [ERROR] ./src/app/du-an/page.tsx:6:16
You're importing a module that depends on `useState` into a React Server Component module. This API is only available in Client Components. To fix, mark the file (or its parent) with the `"use client"` directive.
    Learn more: https://nextjs.org/docs/app/api-reference/directives/use-client
  4 | import { MapPin, Search } from "lucide-react";
  5 | import Link from "next/link";
> 6 | import { useMemo, useState } from "react";
    |                ^^^^^^^^
  7 |
  8 | const categories = [
  9 |   ["Biệt thự", "#biet-thu"],

Ecmascript file had an error @ http://localhost:3100/_next/static/chunks/node_modules_next_dist_1gdrd03._.js:1945
[  511350ms] [ERROR] ./src/app/du-an/page.tsx:6:16
You're importing a module that depends on `useState` into a React Server Component module. This API is only available in Client Components. To fix, mark the file (or its parent) with the `"use client"` directive.
    Learn more: https://nextjs.org/docs/app/api-reference/directives/use-client
  4 | import { MapPin, Search } from "lucide-react";
  5 | import Link from "next/link";
> 6 | import { useMemo, useState } from "react";
    |                ^^^^^^^^
  7 |
  8 | const categories = [
  9 |   ["Biệt thự", "#biet-thu"],

Ecmascript file had an error @ http://localhost:3100/_next/static/chunks/node_modules_next_dist_1gdrd03._.js:1945
[  511412ms] [ERROR] ./src/app/du-an/page.tsx:6:16
You're importing a module that depends on `useState` into a React Server Component module. This API is only available in Client Components. To fix, mark the file (or its parent) with the `"use client"` directive.
    Learn more: https://nextjs.org/docs/app/api-reference/directives/use-client
  4 | import { MapPin, Search } from "lucide-react";
  5 | import Link from "next/link";
> 6 | import { useMemo, useState } from "react";
    |                ^^^^^^^^
  7 |
  8 | const categories = [
  9 |   ["Biệt thự", "#biet-thu"],

Ecmascript file had an error @ http://localhost:3100/_next/static/chunks/node_modules_next_dist_1gdrd03._.js:1945
[  511474ms] [ERROR] ./src/app/du-an/page.tsx:6:16
You're importing a module that depends on `useState` into a React Server Component module. This API is only available in Client Components. To fix, mark the file (or its parent) with the `"use client"` directive.
    Learn more: https://nextjs.org/docs/app/api-reference/directives/use-client
  4 | import { MapPin, Search } from "lucide-react";
  5 | import Link from "next/link";
> 6 | import { useMemo, useState } from "react";
    |                ^^^^^^^^
  7 |
  8 | const categories = [
  9 |   ["Biệt thự", "#biet-thu"],

Ecmascript file had an error @ http://localhost:3100/_next/static/chunks/node_modules_next_dist_1gdrd03._.js:1945
[  511536ms] [ERROR] ./src/app/du-an/page.tsx:6:16
You're importing a module that depends on `useState` into a React Server Component module. This API is only available in Client Components. To fix, mark the file (or its parent) with the `"use client"` directive.
    Learn more: https://nextjs.org/docs/app/api-reference/directives/use-client
  4 | import { MapPin, Search } from "lucide-react";
  5 | import Link from "next/link";
> 6 | import { useMemo, useState } from "react";
    |                ^^^^^^^^
  7 |
  8 | const categories = [
  9 |   ["Biệt thự", "#biet-thu"],

Ecmascript file had an error @ http://localhost:3100/_next/static/chunks/node_modules_next_dist_1gdrd03._.js:1945
[  511597ms] [ERROR] ./src/app/du-an/page.tsx:6:16
You're importing a module that depends on `useState` into a React Server Component module. This API is only available in Client Components. To fix, mark the file (or its parent) with the `"use client"` directive.
    Learn more: https://nextjs.org/docs/app/api-reference/directives/use-client
  4 | import { MapPin, Search } from "lucide-react";
  5 | import Link from "next/link";
> 6 | import { useMemo, useState } from "react";
    |                ^^^^^^^^
  7 |
  8 | const categories = [
  9 |   ["Biệt thự", "#biet-thu"],

Ecmascript file had an error @ http://localhost:3100/_next/static/chunks/node_modules_next_dist_1gdrd03._.js:1945
[  511659ms] [ERROR] ./src/app/du-an/page.tsx:6:16
You're importing a module that depends on `useState` into a React Server Component module. This API is only available in Client Components. To fix, mark the file (or its parent) with the `"use client"` directive.
    Learn more: https://nextjs.org/docs/app/api-reference/directives/use-client
  4 | import { MapPin, Search } from "lucide-react";
  5 | import Link from "next/link";
> 6 | import { useMemo, useState } from "react";
    |                ^^^^^^^^
  7 |
  8 | const categories = [
  9 |   ["Biệt thự", "#biet-thu"],

Ecmascript file had an error @ http://localhost:3100/_next/static/chunks/node_modules_next_dist_1gdrd03._.js:1945
[  511723ms] [ERROR] ./src/app/du-an/page.tsx:6:16
You're importing a module that depends on `useState` into a React Server Component module. This API is only available in Client Components. To fix, mark the file (or its parent) with the `"use client"` directive.
    Learn more: https://nextjs.org/docs/app/api-reference/directives/use-client
  4 | import { MapPin, Search } from "lucide-react";
  5 | import Link from "next/link";
> 6 | import { useMemo, useState } from "react";
    |                ^^^^^^^^
  7 |
  8 | const categories = [
  9 |   ["Biệt thự", "#biet-thu"],

Ecmascript file had an error @ http://localhost:3100/_next/static/chunks/node_modules_next_dist_1gdrd03._.js:1945
[  511784ms] [ERROR] ./src/app/du-an/page.tsx:6:16
You're importing a module that depends on `useState` into a React Server Component module. This API is only available in Client Components. To fix, mark the file (or its parent) with the `"use client"` directive.
    Learn more: https://nextjs.org/docs/app/api-reference/directives/use-client
  4 | import { MapPin, Search } from "lucide-react";
  5 | import Link from "next/link";
> 6 | import { useMemo, useState } from "react";
    |                ^^^^^^^^
  7 |
  8 | const categories = [
  9 |   ["Biệt thự", "#biet-thu"],

Ecmascript file had an error @ http://localhost:3100/_next/static/chunks/node_modules_next_dist_1gdrd03._.js:1945
[  511845ms] [ERROR] ./src/app/du-an/page.tsx:6:16
You're importing a module that depends on `useState` into a React Server Component module. This API is only available in Client Components. To fix, mark the file (or its parent) with the `"use client"` directive.
    Learn more: https://nextjs.org/docs/app/api-reference/directives/use-client
  4 | import { MapPin, Search } from "lucide-react";
  5 | import Link from "next/link";
> 6 | import { useMemo, useState } from "react";
    |                ^^^^^^^^
  7 |
  8 | const categories = [
  9 |   ["Biệt thự", "#biet-thu"],

Ecmascript file had an error @ http://localhost:3100/_next/static/chunks/node_modules_next_dist_1gdrd03._.js:1945
[  511908ms] [ERROR] ./src/app/du-an/page.tsx:6:16
You're importing a module that depends on `useState` into a React Server Component module. This API is only available in Client Components. To fix, mark the file (or its parent) with the `"use client"` directive.
    Learn more: https://nextjs.org/docs/app/api-reference/directives/use-client
  4 | import { MapPin, Search } from "lucide-react";
  5 | import Link from "next/link";
> 6 | import { useMemo, useState } from "react";
    |                ^^^^^^^^
  7 |
  8 | const categories = [
  9 |   ["Biệt thự", "#biet-thu"],

Ecmascript file had an error @ http://localhost:3100/_next/static/chunks/node_modules_next_dist_1gdrd03._.js:1945
[  511969ms] [ERROR] ./src/app/du-an/page.tsx:6:16
You're importing a module that depends on `useState` into a React Server Component module. This API is only available in Client Components. To fix, mark the file (or its parent) with the `"use client"` directive.
    Learn more: https://nextjs.org/docs/app/api-reference/directives/use-client
  4 | import { MapPin, Search } from "lucide-react";
  5 | import Link from "next/link";
> 6 | import { useMemo, useState } from "react";
    |                ^^^^^^^^
  7 |
  8 | const categories = [
  9 |   ["Biệt thự", "#biet-thu"],

Ecmascript file had an error @ http://localhost:3100/_next/static/chunks/node_modules_next_dist_1gdrd03._.js:1945
[  512033ms] [ERROR] ./src/app/du-an/page.tsx:6:16
You're importing a module that depends on `useState` into a React Server Component module. This API is only available in Client Components. To fix, mark the file (or its parent) with the `"use client"` directive.
    Learn more: https://nextjs.org/docs/app/api-reference/directives/use-client
  4 | import { MapPin, Search } from "lucide-react";
  5 | import Link from "next/link";
> 6 | import { useMemo, useState } from "react";
    |                ^^^^^^^^
  7 |
  8 | const categories = [
  9 |   ["Biệt thự", "#biet-thu"],

Ecmascript file had an error @ http://localhost:3100/_next/static/chunks/node_modules_next_dist_1gdrd03._.js:1945
[  512096ms] [ERROR] ./src/app/du-an/page.tsx:6:16
You're importing a module that depends on `useState` into a React Server Component module. This API is only available in Client Components. To fix, mark the file (or its parent) with the `"use client"` directive.
    Learn more: https://nextjs.org/docs/app/api-reference/directives/use-client
  4 | import { MapPin, Search } from "lucide-react";
  5 | import Link from "next/link";
> 6 | import { useMemo, useState } from "react";
    |                ^^^^^^^^
  7 |
  8 | const categories = [
  9 |   ["Biệt thự", "#biet-thu"],

Ecmascript file had an error @ http://localhost:3100/_next/static/chunks/node_modules_next_dist_1gdrd03._.js:1945
[  512158ms] [ERROR] ./src/app/du-an/page.tsx:6:16
You're importing a module that depends on `useState` into a React Server Component module. This API is only available in Client Components. To fix, mark the file (or its parent) with the `"use client"` directive.
    Learn more: https://nextjs.org/docs/app/api-reference/directives/use-client
  4 | import { MapPin, Search } from "lucide-react";
  5 | import Link from "next/link";
> 6 | import { useMemo, useState } from "react";
    |                ^^^^^^^^
  7 |
  8 | const categories = [
  9 |   ["Biệt thự", "#biet-thu"],

Ecmascript file had an error @ http://localhost:3100/_next/static/chunks/node_modules_next_dist_1gdrd03._.js:1945
[  512219ms] [ERROR] ./src/app/du-an/page.tsx:6:16
You're importing a module that depends on `useState` into a React Server Component module. This API is only available in Client Components. To fix, mark the file (or its parent) with the `"use client"` directive.
    Learn more: https://nextjs.org/docs/app/api-reference/directives/use-client
  4 | import { MapPin, Search } from "lucide-react";
  5 | import Link from "next/link";
> 6 | import { useMemo, useState } from "react";
    |                ^^^^^^^^
  7 |
  8 | const categories = [
  9 |   ["Biệt thự", "#biet-thu"],

Ecmascript file had an error @ http://localhost:3100/_next/static/chunks/node_modules_next_dist_1gdrd03._.js:1945
[  512282ms] [ERROR] ./src/app/du-an/page.tsx:6:16
You're importing a module that depends on `useState` into a React Server Component module. This API is only available in Client Components. To fix, mark the file (or its parent) with the `"use client"` directive.
    Learn more: https://nextjs.org/docs/app/api-reference/directives/use-client
  4 | import { MapPin, Search } from "lucide-react";
  5 | import Link from "next/link";
> 6 | import { useMemo, useState } from "react";
    |                ^^^^^^^^
  7 |
  8 | const categories = [
  9 |   ["Biệt thự", "#biet-thu"],

Ecmascript file had an error @ http://localhost:3100/_next/static/chunks/node_modules_next_dist_1gdrd03._.js:1945
[  512345ms] [ERROR] ./src/app/du-an/page.tsx:6:16
You're importing a module that depends on `useState` into a React Server Component module. This API is only available in Client Components. To fix, mark the file (or its parent) with the `"use client"` directive.
    Learn more: https://nextjs.org/docs/app/api-reference/directives/use-client
  4 | import { MapPin, Search } from "lucide-react";
  5 | import Link from "next/link";
> 6 | import { useMemo, useState } from "react";
    |                ^^^^^^^^
  7 |
  8 | const categories = [
  9 |   ["Biệt thự", "#biet-thu"],

Ecmascript file had an error @ http://localhost:3100/_next/static/chunks/node_modules_next_dist_1gdrd03._.js:1945
[  512406ms] [ERROR] ./src/app/du-an/page.tsx:6:16
You're importing a module that depends on `useState` into a React Server Component module. This API is only available in Client Components. To fix, mark the file (or its parent) with the `"use client"` directive.
    Learn more: https://nextjs.org/docs/app/api-reference/directives/use-client
  4 | import { MapPin, Search } from "lucide-react";
  5 | import Link from "next/link";
> 6 | import { useMemo, useState } from "react";
    |                ^^^^^^^^
  7 |
  8 | const categories = [
  9 |   ["Biệt thự", "#biet-thu"],

Ecmascript file had an error @ http://localhost:3100/_next/static/chunks/node_modules_next_dist_1gdrd03._.js:1945
[  512469ms] [ERROR] ./src/app/du-an/page.tsx:6:16
You're importing a module that depends on `useState` into a React Server Component module. This API is only available in Client Components. To fix, mark the file (or its parent) with the `"use client"` directive.
    Learn more: https://nextjs.org/docs/app/api-reference/directives/use-client
  4 | import { MapPin, Search } from "lucide-react";
  5 | import Link from "next/link";
> 6 | import { useMemo, useState } from "react";
    |                ^^^^^^^^
  7 |
  8 | const categories = [
  9 |   ["Biệt thự", "#biet-thu"],

Ecmascript file had an error @ http://localhost:3100/_next/static/chunks/node_modules_next_dist_1gdrd03._.js:1945
[  512530ms] [ERROR] ./src/app/du-an/page.tsx:6:16
You're importing a module that depends on `useState` into a React Server Component module. This API is only available in Client Components. To fix, mark the file (or its parent) with the `"use client"` directive.
    Learn more: https://nextjs.org/docs/app/api-reference/directives/use-client
  4 | import { MapPin, Search } from "lucide-react";
  5 | import Link from "next/link";
> 6 | import { useMemo, useState } from "react";
    |                ^^^^^^^^
  7 |
  8 | const categories = [
  9 |   ["Biệt thự", "#biet-thu"],

Ecmascript file had an error @ http://localhost:3100/_next/static/chunks/node_modules_next_dist_1gdrd03._.js:1945
[  512593ms] [ERROR] ./src/app/du-an/page.tsx:6:16
You're importing a module that depends on `useState` into a React Server Component module. This API is only available in Client Components. To fix, mark the file (or its parent) with the `"use client"` directive.
    Learn more: https://nextjs.org/docs/app/api-reference/directives/use-client
  4 | import { MapPin, Search } from "lucide-react";
  5 | import Link from "next/link";
> 6 | import { useMemo, useState } from "react";
    |                ^^^^^^^^
  7 |
  8 | const categories = [
  9 |   ["Biệt thự", "#biet-thu"],

Ecmascript file had an error @ http://localhost:3100/_next/static/chunks/node_modules_next_dist_1gdrd03._.js:1945
[  512655ms] [ERROR] ./src/app/du-an/page.tsx:6:16
You're importing a module that depends on `useState` into a React Server Component module. This API is only available in Client Components. To fix, mark the file (or its parent) with the `"use client"` directive.
    Learn more: https://nextjs.org/docs/app/api-reference/directives/use-client
  4 | import { MapPin, Search } from "lucide-react";
  5 | import Link from "next/link";
> 6 | import { useMemo, useState } from "react";
    |                ^^^^^^^^
  7 |
  8 | const categories = [
  9 |   ["Biệt thự", "#biet-thu"],

Ecmascript file had an error @ http://localhost:3100/_next/static/chunks/node_modules_next_dist_1gdrd03._.js:1945
[  512718ms] [ERROR] ./src/app/du-an/page.tsx:6:16
You're importing a module that depends on `useState` into a React Server Component module. This API is only available in Client Components. To fix, mark the file (or its parent) with the `"use client"` directive.
    Learn more: https://nextjs.org/docs/app/api-reference/directives/use-client
  4 | import { MapPin, Search } from "lucide-react";
  5 | import Link from "next/link";
> 6 | import { useMemo, useState } from "react";
    |                ^^^^^^^^
  7 |
  8 | const categories = [
  9 |   ["Biệt thự", "#biet-thu"],

Ecmascript file had an error @ http://localhost:3100/_next/static/chunks/node_modules_next_dist_1gdrd03._.js:1945
[  512782ms] [ERROR] ./src/app/du-an/page.tsx:6:16
You're importing a module that depends on `useState` into a React Server Component module. This API is only available in Client Components. To fix, mark the file (or its parent) with the `"use client"` directive.
    Learn more: https://nextjs.org/docs/app/api-reference/directives/use-client
  4 | import { MapPin, Search } from "lucide-react";
  5 | import Link from "next/link";
> 6 | import { useMemo, useState } from "react";
    |                ^^^^^^^^
  7 |
  8 | const categories = [
  9 |   ["Biệt thự", "#biet-thu"],

Ecmascript file had an error @ http://localhost:3100/_next/static/chunks/node_modules_next_dist_1gdrd03._.js:1945
[  512844ms] [ERROR] ./src/app/du-an/page.tsx:6:16
You're importing a module that depends on `useState` into a React Server Component module. This API is only available in Client Components. To fix, mark the file (or its parent) with the `"use client"` directive.
    Learn more: https://nextjs.org/docs/app/api-reference/directives/use-client
  4 | import { MapPin, Search } from "lucide-react";
  5 | import Link from "next/link";
> 6 | import { useMemo, useState } from "react";
    |                ^^^^^^^^
  7 |
  8 | const categories = [
  9 |   ["Biệt thự", "#biet-thu"],

Ecmascript file had an error @ http://localhost:3100/_next/static/chunks/node_modules_next_dist_1gdrd03._.js:1945
[  512904ms] [ERROR] ./src/app/du-an/page.tsx:6:16
You're importing a module that depends on `useState` into a React Server Component module. This API is only available in Client Components. To fix, mark the file (or its parent) with the `"use client"` directive.
    Learn more: https://nextjs.org/docs/app/api-reference/directives/use-client
  4 | import { MapPin, Search } from "lucide-react";
  5 | import Link from "next/link";
> 6 | import { useMemo, useState } from "react";
    |                ^^^^^^^^
  7 |
  8 | const categories = [
  9 |   ["Biệt thự", "#biet-thu"],

Ecmascript file had an error @ http://localhost:3100/_next/static/chunks/node_modules_next_dist_1gdrd03._.js:1945
[  512968ms] [ERROR] ./src/app/du-an/page.tsx:6:16
You're importing a module that depends on `useState` into a React Server Component module. This API is only available in Client Components. To fix, mark the file (or its parent) with the `"use client"` directive.
    Learn more: https://nextjs.org/docs/app/api-reference/directives/use-client
  4 | import { MapPin, Search } from "lucide-react";
  5 | import Link from "next/link";
> 6 | import { useMemo, useState } from "react";
    |                ^^^^^^^^
  7 |
  8 | const categories = [
  9 |   ["Biệt thự", "#biet-thu"],

Ecmascript file had an error @ http://localhost:3100/_next/static/chunks/node_modules_next_dist_1gdrd03._.js:1945
[  513031ms] [ERROR] ./src/app/du-an/page.tsx:6:16
You're importing a module that depends on `useState` into a React Server Component module. This API is only available in Client Components. To fix, mark the file (or its parent) with the `"use client"` directive.
    Learn more: https://nextjs.org/docs/app/api-reference/directives/use-client
  4 | import { MapPin, Search } from "lucide-react";
  5 | import Link from "next/link";
> 6 | import { useMemo, useState } from "react";
    |                ^^^^^^^^
  7 |
  8 | const categories = [
  9 |   ["Biệt thự", "#biet-thu"],

Ecmascript file had an error @ http://localhost:3100/_next/static/chunks/node_modules_next_dist_1gdrd03._.js:1945
[  513093ms] [ERROR] ./src/app/du-an/page.tsx:6:16
You're importing a module that depends on `useState` into a React Server Component module. This API is only available in Client Components. To fix, mark the file (or its parent) with the `"use client"` directive.
    Learn more: https://nextjs.org/docs/app/api-reference/directives/use-client
  4 | import { MapPin, Search } from "lucide-react";
  5 | import Link from "next/link";
> 6 | import { useMemo, useState } from "react";
    |                ^^^^^^^^
  7 |
  8 | const categories = [
  9 |   ["Biệt thự", "#biet-thu"],

Ecmascript file had an error @ http://localhost:3100/_next/static/chunks/node_modules_next_dist_1gdrd03._.js:1945
[  513155ms] [ERROR] ./src/app/du-an/page.tsx:6:16
You're importing a module that depends on `useState` into a React Server Component module. This API is only available in Client Components. To fix, mark the file (or its parent) with the `"use client"` directive.
    Learn more: https://nextjs.org/docs/app/api-reference/directives/use-client
  4 | import { MapPin, Search } from "lucide-react";
  5 | import Link from "next/link";
> 6 | import { useMemo, useState } from "react";
    |                ^^^^^^^^
  7 |
  8 | const categories = [
  9 |   ["Biệt thự", "#biet-thu"],

Ecmascript file had an error @ http://localhost:3100/_next/static/chunks/node_modules_next_dist_1gdrd03._.js:1945
[  513217ms] [ERROR] ./src/app/du-an/page.tsx:6:16
You're importing a module that depends on `useState` into a React Server Component module. This API is only available in Client Components. To fix, mark the file (or its parent) with the `"use client"` directive.
    Learn more: https://nextjs.org/docs/app/api-reference/directives/use-client
  4 | import { MapPin, Search } from "lucide-react";
  5 | import Link from "next/link";
> 6 | import { useMemo, useState } from "react";
    |                ^^^^^^^^
  7 |
  8 | const categories = [
  9 |   ["Biệt thự", "#biet-thu"],

Ecmascript file had an error @ http://localhost:3100/_next/static/chunks/node_modules_next_dist_1gdrd03._.js:1945
[  513278ms] [ERROR] ./src/app/du-an/page.tsx:6:16
You're importing a module that depends on `useState` into a React Server Component module. This API is only available in Client Components. To fix, mark the file (or its parent) with the `"use client"` directive.
    Learn more: https://nextjs.org/docs/app/api-reference/directives/use-client
  4 | import { MapPin, Search } from "lucide-react";
  5 | import Link from "next/link";
> 6 | import { useMemo, useState } from "react";
    |                ^^^^^^^^
  7 |
  8 | const categories = [
  9 |   ["Biệt thự", "#biet-thu"],

Ecmascript file had an error @ http://localhost:3100/_next/static/chunks/node_modules_next_dist_1gdrd03._.js:1945
[  513338ms] [ERROR] ./src/app/du-an/page.tsx:6:16
You're importing a module that depends on `useState` into a React Server Component module. This API is only available in Client Components. To fix, mark the file (or its parent) with the `"use client"` directive.
    Learn more: https://nextjs.org/docs/app/api-reference/directives/use-client
  4 | import { MapPin, Search } from "lucide-react";
  5 | import Link from "next/link";
> 6 | import { useMemo, useState } from "react";
    |                ^^^^^^^^
  7 |
  8 | const categories = [
  9 |   ["Biệt thự", "#biet-thu"],

Ecmascript file had an error @ http://localhost:3100/_next/static/chunks/node_modules_next_dist_1gdrd03._.js:1945
[  513400ms] [ERROR] ./src/app/du-an/page.tsx:6:16
You're importing a module that depends on `useState` into a React Server Component module. This API is only available in Client Components. To fix, mark the file (or its parent) with the `"use client"` directive.
    Learn more: https://nextjs.org/docs/app/api-reference/directives/use-client
  4 | import { MapPin, Search } from "lucide-react";
  5 | import Link from "next/link";
> 6 | import { useMemo, useState } from "react";
    |                ^^^^^^^^
  7 |
  8 | const categories = [
  9 |   ["Biệt thự", "#biet-thu"],

Ecmascript file had an error @ http://localhost:3100/_next/static/chunks/node_modules_next_dist_1gdrd03._.js:1945
[  513466ms] [ERROR] ./src/app/du-an/page.tsx:6:16
You're importing a module that depends on `useState` into a React Server Component module. This API is only available in Client Components. To fix, mark the file (or its parent) with the `"use client"` directive.
    Learn more: https://nextjs.org/docs/app/api-reference/directives/use-client
  4 | import { MapPin, Search } from "lucide-react";
  5 | import Link from "next/link";
> 6 | import { useMemo, useState } from "react";
    |                ^^^^^^^^
  7 |
  8 | const categories = [
  9 |   ["Biệt thự", "#biet-thu"],

Ecmascript file had an error @ http://localhost:3100/_next/static/chunks/node_modules_next_dist_1gdrd03._.js:1945
[  513530ms] [ERROR] ./src/app/du-an/page.tsx:6:16
You're importing a module that depends on `useState` into a React Server Component module. This API is only available in Client Components. To fix, mark the file (or its parent) with the `"use client"` directive.
    Learn more: https://nextjs.org/docs/app/api-reference/directives/use-client
  4 | import { MapPin, Search } from "lucide-react";
  5 | import Link from "next/link";
> 6 | import { useMemo, useState } from "react";
    |                ^^^^^^^^
  7 |
  8 | const categories = [
  9 |   ["Biệt thự", "#biet-thu"],

Ecmascript file had an error @ http://localhost:3100/_next/static/chunks/node_modules_next_dist_1gdrd03._.js:1945
[  513594ms] [ERROR] ./src/app/du-an/page.tsx:6:16
You're importing a module that depends on `useState` into a React Server Component module. This API is only available in Client Components. To fix, mark the file (or its parent) with the `"use client"` directive.
    Learn more: https://nextjs.org/docs/app/api-reference/directives/use-client
  4 | import { MapPin, Search } from "lucide-react";
  5 | import Link from "next/link";
> 6 | import { useMemo, useState } from "react";
    |                ^^^^^^^^
  7 |
  8 | const categories = [
  9 |   ["Biệt thự", "#biet-thu"],

Ecmascript file had an error @ http://localhost:3100/_next/static/chunks/node_modules_next_dist_1gdrd03._.js:1945
[  513656ms] [ERROR] ./src/app/du-an/page.tsx:6:16
You're importing a module that depends on `useState` into a React Server Component module. This API is only available in Client Components. To fix, mark the file (or its parent) with the `"use client"` directive.
    Learn more: https://nextjs.org/docs/app/api-reference/directives/use-client
  4 | import { MapPin, Search } from "lucide-react";
  5 | import Link from "next/link";
> 6 | import { useMemo, useState } from "react";
    |                ^^^^^^^^
  7 |
  8 | const categories = [
  9 |   ["Biệt thự", "#biet-thu"],

Ecmascript file had an error @ http://localhost:3100/_next/static/chunks/node_modules_next_dist_1gdrd03._.js:1945
[  513719ms] [ERROR] ./src/app/du-an/page.tsx:6:16
You're importing a module that depends on `useState` into a React Server Component module. This API is only available in Client Components. To fix, mark the file (or its parent) with the `"use client"` directive.
    Learn more: https://nextjs.org/docs/app/api-reference/directives/use-client
  4 | import { MapPin, Search } from "lucide-react";
  5 | import Link from "next/link";
> 6 | import { useMemo, useState } from "react";
    |                ^^^^^^^^
  7 |
  8 | const categories = [
  9 |   ["Biệt thự", "#biet-thu"],

Ecmascript file had an error @ http://localhost:3100/_next/static/chunks/node_modules_next_dist_1gdrd03._.js:1945
[  513782ms] [ERROR] ./src/app/du-an/page.tsx:6:16
You're importing a module that depends on `useState` into a React Server Component module. This API is only available in Client Components. To fix, mark the file (or its parent) with the `"use client"` directive.
    Learn more: https://nextjs.org/docs/app/api-reference/directives/use-client
  4 | import { MapPin, Search } from "lucide-react";
  5 | import Link from "next/link";
> 6 | import { useMemo, useState } from "react";
    |                ^^^^^^^^
  7 |
  8 | const categories = [
  9 |   ["Biệt thự", "#biet-thu"],

Ecmascript file had an error @ http://localhost:3100/_next/static/chunks/node_modules_next_dist_1gdrd03._.js:1945
[  513845ms] [ERROR] ./src/app/du-an/page.tsx:6:16
You're importing a module that depends on `useState` into a React Server Component module. This API is only available in Client Components. To fix, mark the file (or its parent) with the `"use client"` directive.
    Learn more: https://nextjs.org/docs/app/api-reference/directives/use-client
  4 | import { MapPin, Search } from "lucide-react";
  5 | import Link from "next/link";
> 6 | import { useMemo, useState } from "react";
    |                ^^^^^^^^
  7 |
  8 | const categories = [
  9 |   ["Biệt thự", "#biet-thu"],

Ecmascript file had an error @ http://localhost:3100/_next/static/chunks/node_modules_next_dist_1gdrd03._.js:1945
[  513918ms] [ERROR] ./src/app/du-an/page.tsx:6:16
You're importing a module that depends on `useState` into a React Server Component module. This API is only available in Client Components. To fix, mark the file (or its parent) with the `"use client"` directive.
    Learn more: https://nextjs.org/docs/app/api-reference/directives/use-client
  4 | import { MapPin, Search } from "lucide-react";
  5 | import Link from "next/link";
> 6 | import { useMemo, useState } from "react";
    |                ^^^^^^^^
  7 |
  8 | const categories = [
  9 |   ["Biệt thự", "#biet-thu"],

Ecmascript file had an error @ http://localhost:3100/_next/static/chunks/node_modules_next_dist_1gdrd03._.js:1945
[  513990ms] [ERROR] ./src/app/du-an/page.tsx:6:16
You're importing a module that depends on `useState` into a React Server Component module. This API is only available in Client Components. To fix, mark the file (or its parent) with the `"use client"` directive.
    Learn more: https://nextjs.org/docs/app/api-reference/directives/use-client
  4 | import { MapPin, Search } from "lucide-react";
  5 | import Link from "next/link";
> 6 | import { useMemo, useState } from "react";
    |                ^^^^^^^^
  7 |
  8 | const categories = [
  9 |   ["Biệt thự", "#biet-thu"],

Ecmascript file had an error @ http://localhost:3100/_next/static/chunks/node_modules_next_dist_1gdrd03._.js:1945
[  514051ms] [ERROR] ./src/app/du-an/page.tsx:6:16
You're importing a module that depends on `useState` into a React Server Component module. This API is only available in Client Components. To fix, mark the file (or its parent) with the `"use client"` directive.
    Learn more: https://nextjs.org/docs/app/api-reference/directives/use-client
  4 | import { MapPin, Search } from "lucide-react";
  5 | import Link from "next/link";
> 6 | import { useMemo, useState } from "react";
    |                ^^^^^^^^
  7 |
  8 | const categories = [
  9 |   ["Biệt thự", "#biet-thu"],

Ecmascript file had an error @ http://localhost:3100/_next/static/chunks/node_modules_next_dist_1gdrd03._.js:1945
[  514114ms] [ERROR] ./src/app/du-an/page.tsx:6:16
You're importing a module that depends on `useState` into a React Server Component module. This API is only available in Client Components. To fix, mark the file (or its parent) with the `"use client"` directive.
    Learn more: https://nextjs.org/docs/app/api-reference/directives/use-client
  4 | import { MapPin, Search } from "lucide-react";
  5 | import Link from "next/link";
> 6 | import { useMemo, useState } from "react";
    |                ^^^^^^^^
  7 |
  8 | const categories = [
  9 |   ["Biệt thự", "#biet-thu"],

Ecmascript file had an error @ http://localhost:3100/_next/static/chunks/node_modules_next_dist_1gdrd03._.js:1945
[  514179ms] [ERROR] ./src/app/du-an/page.tsx:6:16
You're importing a module that depends on `useState` into a React Server Component module. This API is only available in Client Components. To fix, mark the file (or its parent) with the `"use client"` directive.
    Learn more: https://nextjs.org/docs/app/api-reference/directives/use-client
  4 | import { MapPin, Search } from "lucide-react";
  5 | import Link from "next/link";
> 6 | import { useMemo, useState } from "react";
    |                ^^^^^^^^
  7 |
  8 | const categories = [
  9 |   ["Biệt thự", "#biet-thu"],

Ecmascript file had an error @ http://localhost:3100/_next/static/chunks/node_modules_next_dist_1gdrd03._.js:1945
[  514241ms] [ERROR] ./src/app/du-an/page.tsx:6:16
You're importing a module that depends on `useState` into a React Server Component module. This API is only available in Client Components. To fix, mark the file (or its parent) with the `"use client"` directive.
    Learn more: https://nextjs.org/docs/app/api-reference/directives/use-client
  4 | import { MapPin, Search } from "lucide-react";
  5 | import Link from "next/link";
> 6 | import { useMemo, useState } from "react";
    |                ^^^^^^^^
  7 |
  8 | const categories = [
  9 |   ["Biệt thự", "#biet-thu"],

Ecmascript file had an error @ http://localhost:3100/_next/static/chunks/node_modules_next_dist_1gdrd03._.js:1945
[  514305ms] [ERROR] ./src/app/du-an/page.tsx:6:16
You're importing a module that depends on `useState` into a React Server Component module. This API is only available in Client Components. To fix, mark the file (or its parent) with the `"use client"` directive.
    Learn more: https://nextjs.org/docs/app/api-reference/directives/use-client
  4 | import { MapPin, Search } from "lucide-react";
  5 | import Link from "next/link";
> 6 | import { useMemo, useState } from "react";
    |                ^^^^^^^^
  7 |
  8 | const categories = [
  9 |   ["Biệt thự", "#biet-thu"],

Ecmascript file had an error @ http://localhost:3100/_next/static/chunks/node_modules_next_dist_1gdrd03._.js:1945
[  514364ms] [ERROR] ./src/app/du-an/page.tsx:6:16
You're importing a module that depends on `useState` into a React Server Component module. This API is only available in Client Components. To fix, mark the file (or its parent) with the `"use client"` directive.
    Learn more: https://nextjs.org/docs/app/api-reference/directives/use-client
  4 | import { MapPin, Search } from "lucide-react";
  5 | import Link from "next/link";
> 6 | import { useMemo, useState } from "react";
    |                ^^^^^^^^
  7 |
  8 | const categories = [
  9 |   ["Biệt thự", "#biet-thu"],

Ecmascript file had an error @ http://localhost:3100/_next/static/chunks/node_modules_next_dist_1gdrd03._.js:1945
[  514431ms] [ERROR] ./src/app/du-an/page.tsx:6:16
You're importing a module that depends on `useState` into a React Server Component module. This API is only available in Client Components. To fix, mark the file (or its parent) with the `"use client"` directive.
    Learn more: https://nextjs.org/docs/app/api-reference/directives/use-client
  4 | import { MapPin, Search } from "lucide-react";
  5 | import Link from "next/link";
> 6 | import { useMemo, useState } from "react";
    |                ^^^^^^^^
  7 |
  8 | const categories = [
  9 |   ["Biệt thự", "#biet-thu"],

Ecmascript file had an error @ http://localhost:3100/_next/static/chunks/node_modules_next_dist_1gdrd03._.js:1945
[  514488ms] [ERROR] ./src/app/du-an/page.tsx:6:16
You're importing a module that depends on `useState` into a React Server Component module. This API is only available in Client Components. To fix, mark the file (or its parent) with the `"use client"` directive.
    Learn more: https://nextjs.org/docs/app/api-reference/directives/use-client
  4 | import { MapPin, Search } from "lucide-react";
  5 | import Link from "next/link";
> 6 | import { useMemo, useState } from "react";
    |                ^^^^^^^^
  7 |
  8 | const categories = [
  9 |   ["Biệt thự", "#biet-thu"],

Ecmascript file had an error @ http://localhost:3100/_next/static/chunks/node_modules_next_dist_1gdrd03._.js:1945
[  514550ms] [ERROR] ./src/app/du-an/page.tsx:6:16
You're importing a module that depends on `useState` into a React Server Component module. This API is only available in Client Components. To fix, mark the file (or its parent) with the `"use client"` directive.
    Learn more: https://nextjs.org/docs/app/api-reference/directives/use-client
  4 | import { MapPin, Search } from "lucide-react";
  5 | import Link from "next/link";
> 6 | import { useMemo, useState } from "react";
    |                ^^^^^^^^
  7 |
  8 | const categories = [
  9 |   ["Biệt thự", "#biet-thu"],

Ecmascript file had an error @ http://localhost:3100/_next/static/chunks/node_modules_next_dist_1gdrd03._.js:1945
[  514612ms] [ERROR] ./src/app/du-an/page.tsx:6:16
You're importing a module that depends on `useState` into a React Server Component module. This API is only available in Client Components. To fix, mark the file (or its parent) with the `"use client"` directive.
    Learn more: https://nextjs.org/docs/app/api-reference/directives/use-client
  4 | import { MapPin, Search } from "lucide-react";
  5 | import Link from "next/link";
> 6 | import { useMemo, useState } from "react";
    |                ^^^^^^^^
  7 |
  8 | const categories = [
  9 |   ["Biệt thự", "#biet-thu"],

Ecmascript file had an error @ http://localhost:3100/_next/static/chunks/node_modules_next_dist_1gdrd03._.js:1945
[  514673ms] [ERROR] ./src/app/du-an/page.tsx:6:16
You're importing a module that depends on `useState` into a React Server Component module. This API is only available in Client Components. To fix, mark the file (or its parent) with the `"use client"` directive.
    Learn more: https://nextjs.org/docs/app/api-reference/directives/use-client
  4 | import { MapPin, Search } from "lucide-react";
  5 | import Link from "next/link";
> 6 | import { useMemo, useState } from "react";
    |                ^^^^^^^^
  7 |
  8 | const categories = [
  9 |   ["Biệt thự", "#biet-thu"],

Ecmascript file had an error @ http://localhost:3100/_next/static/chunks/node_modules_next_dist_1gdrd03._.js:1945
[  514735ms] [ERROR] ./src/app/du-an/page.tsx:6:16
You're importing a module that depends on `useState` into a React Server Component module. This API is only available in Client Components. To fix, mark the file (or its parent) with the `"use client"` directive.
    Learn more: https://nextjs.org/docs/app/api-reference/directives/use-client
  4 | import { MapPin, Search } from "lucide-react";
  5 | import Link from "next/link";
> 6 | import { useMemo, useState } from "react";
    |                ^^^^^^^^
  7 |
  8 | const categories = [
  9 |   ["Biệt thự", "#biet-thu"],

Ecmascript file had an error @ http://localhost:3100/_next/static/chunks/node_modules_next_dist_1gdrd03._.js:1945
[  514798ms] [ERROR] ./src/app/du-an/page.tsx:6:16
You're importing a module that depends on `useState` into a React Server Component module. This API is only available in Client Components. To fix, mark the file (or its parent) with the `"use client"` directive.
    Learn more: https://nextjs.org/docs/app/api-reference/directives/use-client
  4 | import { MapPin, Search } from "lucide-react";
  5 | import Link from "next/link";
> 6 | import { useMemo, useState } from "react";
    |                ^^^^^^^^
  7 |
  8 | const categories = [
  9 |   ["Biệt thự", "#biet-thu"],

Ecmascript file had an error @ http://localhost:3100/_next/static/chunks/node_modules_next_dist_1gdrd03._.js:1945
[  514858ms] [ERROR] ./src/app/du-an/page.tsx:6:16
You're importing a module that depends on `useState` into a React Server Component module. This API is only available in Client Components. To fix, mark the file (or its parent) with the `"use client"` directive.
    Learn more: https://nextjs.org/docs/app/api-reference/directives/use-client
  4 | import { MapPin, Search } from "lucide-react";
  5 | import Link from "next/link";
> 6 | import { useMemo, useState } from "react";
    |                ^^^^^^^^
  7 |
  8 | const categories = [
  9 |   ["Biệt thự", "#biet-thu"],

Ecmascript file had an error @ http://localhost:3100/_next/static/chunks/node_modules_next_dist_1gdrd03._.js:1945
[  514920ms] [ERROR] ./src/app/du-an/page.tsx:6:16
You're importing a module that depends on `useState` into a React Server Component module. This API is only available in Client Components. To fix, mark the file (or its parent) with the `"use client"` directive.
    Learn more: https://nextjs.org/docs/app/api-reference/directives/use-client
  4 | import { MapPin, Search } from "lucide-react";
  5 | import Link from "next/link";
> 6 | import { useMemo, useState } from "react";
    |                ^^^^^^^^
  7 |
  8 | const categories = [
  9 |   ["Biệt thự", "#biet-thu"],

Ecmascript file had an error @ http://localhost:3100/_next/static/chunks/node_modules_next_dist_1gdrd03._.js:1945
[  514982ms] [ERROR] ./src/app/du-an/page.tsx:6:16
You're importing a module that depends on `useState` into a React Server Component module. This API is only available in Client Components. To fix, mark the file (or its parent) with the `"use client"` directive.
    Learn more: https://nextjs.org/docs/app/api-reference/directives/use-client
  4 | import { MapPin, Search } from "lucide-react";
  5 | import Link from "next/link";
> 6 | import { useMemo, useState } from "react";
    |                ^^^^^^^^
  7 |
  8 | const categories = [
  9 |   ["Biệt thự", "#biet-thu"],

Ecmascript file had an error @ http://localhost:3100/_next/static/chunks/node_modules_next_dist_1gdrd03._.js:1945
[  515044ms] [ERROR] ./src/app/du-an/page.tsx:6:16
You're importing a module that depends on `useState` into a React Server Component module. This API is only available in Client Components. To fix, mark the file (or its parent) with the `"use client"` directive.
    Learn more: https://nextjs.org/docs/app/api-reference/directives/use-client
  4 | import { MapPin, Search } from "lucide-react";
  5 | import Link from "next/link";
> 6 | import { useMemo, useState } from "react";
    |                ^^^^^^^^
  7 |
  8 | const categories = [
  9 |   ["Biệt thự", "#biet-thu"],

Ecmascript file had an error @ http://localhost:3100/_next/static/chunks/node_modules_next_dist_1gdrd03._.js:1945
[  515101ms] [ERROR] ./src/app/du-an/page.tsx:6:16
You're importing a module that depends on `useState` into a React Server Component module. This API is only available in Client Components. To fix, mark the file (or its parent) with the `"use client"` directive.
    Learn more: https://nextjs.org/docs/app/api-reference/directives/use-client
  4 | import { MapPin, Search } from "lucide-react";
  5 | import Link from "next/link";
> 6 | import { useMemo, useState } from "react";
    |                ^^^^^^^^
  7 |
  8 | const categories = [
  9 |   ["Biệt thự", "#biet-thu"],

Ecmascript file had an error @ http://localhost:3100/_next/static/chunks/node_modules_next_dist_1gdrd03._.js:1945
[  515171ms] [ERROR] ./src/app/du-an/page.tsx:6:16
You're importing a module that depends on `useState` into a React Server Component module. This API is only available in Client Components. To fix, mark the file (or its parent) with the `"use client"` directive.
    Learn more: https://nextjs.org/docs/app/api-reference/directives/use-client
  4 | import { MapPin, Search } from "lucide-react";
  5 | import Link from "next/link";
> 6 | import { useMemo, useState } from "react";
    |                ^^^^^^^^
  7 |
  8 | const categories = [
  9 |   ["Biệt thự", "#biet-thu"],

Ecmascript file had an error @ http://localhost:3100/_next/static/chunks/node_modules_next_dist_1gdrd03._.js:1945
[  515233ms] [ERROR] ./src/app/du-an/page.tsx:6:16
You're importing a module that depends on `useState` into a React Server Component module. This API is only available in Client Components. To fix, mark the file (or its parent) with the `"use client"` directive.
    Learn more: https://nextjs.org/docs/app/api-reference/directives/use-client
  4 | import { MapPin, Search } from "lucide-react";
  5 | import Link from "next/link";
> 6 | import { useMemo, useState } from "react";
    |                ^^^^^^^^
  7 |
  8 | const categories = [
  9 |   ["Biệt thự", "#biet-thu"],

Ecmascript file had an error @ http://localhost:3100/_next/static/chunks/node_modules_next_dist_1gdrd03._.js:1945
[  515294ms] [ERROR] ./src/app/du-an/page.tsx:6:16
You're importing a module that depends on `useState` into a React Server Component module. This API is only available in Client Components. To fix, mark the file (or its parent) with the `"use client"` directive.
    Learn more: https://nextjs.org/docs/app/api-reference/directives/use-client
  4 | import { MapPin, Search } from "lucide-react";
  5 | import Link from "next/link";
> 6 | import { useMemo, useState } from "react";
    |                ^^^^^^^^
  7 |
  8 | const categories = [
  9 |   ["Biệt thự", "#biet-thu"],

Ecmascript file had an error @ http://localhost:3100/_next/static/chunks/node_modules_next_dist_1gdrd03._.js:1945
[  515357ms] [ERROR] ./src/app/du-an/page.tsx:6:16
You're importing a module that depends on `useState` into a React Server Component module. This API is only available in Client Components. To fix, mark the file (or its parent) with the `"use client"` directive.
    Learn more: https://nextjs.org/docs/app/api-reference/directives/use-client
  4 | import { MapPin, Search } from "lucide-react";
  5 | import Link from "next/link";
> 6 | import { useMemo, useState } from "react";
    |                ^^^^^^^^
  7 |
  8 | const categories = [
  9 |   ["Biệt thự", "#biet-thu"],

Ecmascript file had an error @ http://localhost:3100/_next/static/chunks/node_modules_next_dist_1gdrd03._.js:1945
[  515420ms] [ERROR] ./src/app/du-an/page.tsx:6:16
You're importing a module that depends on `useState` into a React Server Component module. This API is only available in Client Components. To fix, mark the file (or its parent) with the `"use client"` directive.
    Learn more: https://nextjs.org/docs/app/api-reference/directives/use-client
  4 | import { MapPin, Search } from "lucide-react";
  5 | import Link from "next/link";
> 6 | import { useMemo, useState } from "react";
    |                ^^^^^^^^
  7 |
  8 | const categories = [
  9 |   ["Biệt thự", "#biet-thu"],

Ecmascript file had an error @ http://localhost:3100/_next/static/chunks/node_modules_next_dist_1gdrd03._.js:1945
[  515484ms] [ERROR] ./src/app/du-an/page.tsx:6:16
You're importing a module that depends on `useState` into a React Server Component module. This API is only available in Client Components. To fix, mark the file (or its parent) with the `"use client"` directive.
    Learn more: https://nextjs.org/docs/app/api-reference/directives/use-client
  4 | import { MapPin, Search } from "lucide-react";
  5 | import Link from "next/link";
> 6 | import { useMemo, useState } from "react";
    |                ^^^^^^^^
  7 |
  8 | const categories = [
  9 |   ["Biệt thự", "#biet-thu"],

Ecmascript file had an error @ http://localhost:3100/_next/static/chunks/node_modules_next_dist_1gdrd03._.js:1945
[  515579ms] [ERROR] ./src/app/du-an/page.tsx:6:16
You're importing a module that depends on `useState` into a React Server Component module. This API is only available in Client Components. To fix, mark the file (or its parent) with the `"use client"` directive.
    Learn more: https://nextjs.org/docs/app/api-reference/directives/use-client
  4 | import { MapPin, Search } from "lucide-react";
  5 | import Link from "next/link";
> 6 | import { useMemo, useState } from "react";
    |                ^^^^^^^^
  7 |
  8 | const categories = [
  9 |   ["Biệt thự", "#biet-thu"],

Ecmascript file had an error @ http://localhost:3100/_next/static/chunks/node_modules_next_dist_1gdrd03._.js:1945
[  515641ms] [ERROR] ./src/app/du-an/page.tsx:6:16
You're importing a module that depends on `useState` into a React Server Component module. This API is only available in Client Components. To fix, mark the file (or its parent) with the `"use client"` directive.
    Learn more: https://nextjs.org/docs/app/api-reference/directives/use-client
  4 | import { MapPin, Search } from "lucide-react";
  5 | import Link from "next/link";
> 6 | import { useMemo, useState } from "react";
    |                ^^^^^^^^
  7 |
  8 | const categories = [
  9 |   ["Biệt thự", "#biet-thu"],

Ecmascript file had an error @ http://localhost:3100/_next/static/chunks/node_modules_next_dist_1gdrd03._.js:1945
[  515705ms] [ERROR] ./src/app/du-an/page.tsx:6:16
You're importing a module that depends on `useState` into a React Server Component module. This API is only available in Client Components. To fix, mark the file (or its parent) with the `"use client"` directive.
    Learn more: https://nextjs.org/docs/app/api-reference/directives/use-client
  4 | import { MapPin, Search } from "lucide-react";
  5 | import Link from "next/link";
> 6 | import { useMemo, useState } from "react";
    |                ^^^^^^^^
  7 |
  8 | const categories = [
  9 |   ["Biệt thự", "#biet-thu"],

Ecmascript file had an error @ http://localhost:3100/_next/static/chunks/node_modules_next_dist_1gdrd03._.js:1945
[  515759ms] [ERROR] ./src/app/du-an/page.tsx:6:16
You're importing a module that depends on `useState` into a React Server Component module. This API is only available in Client Components. To fix, mark the file (or its parent) with the `"use client"` directive.
    Learn more: https://nextjs.org/docs/app/api-reference/directives/use-client
  4 | import { MapPin, Search } from "lucide-react";
  5 | import Link from "next/link";
> 6 | import { useMemo, useState } from "react";
    |                ^^^^^^^^
  7 |
  8 | const categories = [
  9 |   ["Biệt thự", "#biet-thu"],

Ecmascript file had an error @ http://localhost:3100/_next/static/chunks/node_modules_next_dist_1gdrd03._.js:1945
[  515821ms] [ERROR] ./src/app/du-an/page.tsx:6:16
You're importing a module that depends on `useState` into a React Server Component module. This API is only available in Client Components. To fix, mark the file (or its parent) with the `"use client"` directive.
    Learn more: https://nextjs.org/docs/app/api-reference/directives/use-client
  4 | import { MapPin, Search } from "lucide-react";
  5 | import Link from "next/link";
> 6 | import { useMemo, useState } from "react";
    |                ^^^^^^^^
  7 |
  8 | const categories = [
  9 |   ["Biệt thự", "#biet-thu"],

Ecmascript file had an error @ http://localhost:3100/_next/static/chunks/node_modules_next_dist_1gdrd03._.js:1945
[  515885ms] [ERROR] ./src/app/du-an/page.tsx:6:16
You're importing a module that depends on `useState` into a React Server Component module. This API is only available in Client Components. To fix, mark the file (or its parent) with the `"use client"` directive.
    Learn more: https://nextjs.org/docs/app/api-reference/directives/use-client
  4 | import { MapPin, Search } from "lucide-react";
  5 | import Link from "next/link";
> 6 | import { useMemo, useState } from "react";
    |                ^^^^^^^^
  7 |
  8 | const categories = [
  9 |   ["Biệt thự", "#biet-thu"],

Ecmascript file had an error @ http://localhost:3100/_next/static/chunks/node_modules_next_dist_1gdrd03._.js:1945
[  515948ms] [ERROR] ./src/app/du-an/page.tsx:6:16
You're importing a module that depends on `useState` into a React Server Component module. This API is only available in Client Components. To fix, mark the file (or its parent) with the `"use client"` directive.
    Learn more: https://nextjs.org/docs/app/api-reference/directives/use-client
  4 | import { MapPin, Search } from "lucide-react";
  5 | import Link from "next/link";
> 6 | import { useMemo, useState } from "react";
    |                ^^^^^^^^
  7 |
  8 | const categories = [
  9 |   ["Biệt thự", "#biet-thu"],

Ecmascript file had an error @ http://localhost:3100/_next/static/chunks/node_modules_next_dist_1gdrd03._.js:1945
[  516011ms] [ERROR] ./src/app/du-an/page.tsx:6:16
You're importing a module that depends on `useState` into a React Server Component module. This API is only available in Client Components. To fix, mark the file (or its parent) with the `"use client"` directive.
    Learn more: https://nextjs.org/docs/app/api-reference/directives/use-client
  4 | import { MapPin, Search } from "lucide-react";
  5 | import Link from "next/link";
> 6 | import { useMemo, useState } from "react";
    |                ^^^^^^^^
  7 |
  8 | const categories = [
  9 |   ["Biệt thự", "#biet-thu"],

Ecmascript file had an error @ http://localhost:3100/_next/static/chunks/node_modules_next_dist_1gdrd03._.js:1945
[  516074ms] [ERROR] ./src/app/du-an/page.tsx:6:16
You're importing a module that depends on `useState` into a React Server Component module. This API is only available in Client Components. To fix, mark the file (or its parent) with the `"use client"` directive.
    Learn more: https://nextjs.org/docs/app/api-reference/directives/use-client
  4 | import { MapPin, Search } from "lucide-react";
  5 | import Link from "next/link";
> 6 | import { useMemo, useState } from "react";
    |                ^^^^^^^^
  7 |
  8 | const categories = [
  9 |   ["Biệt thự", "#biet-thu"],

Ecmascript file had an error @ http://localhost:3100/_next/static/chunks/node_modules_next_dist_1gdrd03._.js:1945
[  516136ms] [ERROR] ./src/app/du-an/page.tsx:6:16
You're importing a module that depends on `useState` into a React Server Component module. This API is only available in Client Components. To fix, mark the file (or its parent) with the `"use client"` directive.
    Learn more: https://nextjs.org/docs/app/api-reference/directives/use-client
  4 | import { MapPin, Search } from "lucide-react";
  5 | import Link from "next/link";
> 6 | import { useMemo, useState } from "react";
    |                ^^^^^^^^
  7 |
  8 | const categories = [
  9 |   ["Biệt thự", "#biet-thu"],

Ecmascript file had an error @ http://localhost:3100/_next/static/chunks/node_modules_next_dist_1gdrd03._.js:1945
[  516198ms] [ERROR] ./src/app/du-an/page.tsx:6:16
You're importing a module that depends on `useState` into a React Server Component module. This API is only available in Client Components. To fix, mark the file (or its parent) with the `"use client"` directive.
    Learn more: https://nextjs.org/docs/app/api-reference/directives/use-client
  4 | import { MapPin, Search } from "lucide-react";
  5 | import Link from "next/link";
> 6 | import { useMemo, useState } from "react";
    |                ^^^^^^^^
  7 |
  8 | const categories = [
  9 |   ["Biệt thự", "#biet-thu"],

Ecmascript file had an error @ http://localhost:3100/_next/static/chunks/node_modules_next_dist_1gdrd03._.js:1945
[  516258ms] [ERROR] ./src/app/du-an/page.tsx:6:16
You're importing a module that depends on `useState` into a React Server Component module. This API is only available in Client Components. To fix, mark the file (or its parent) with the `"use client"` directive.
    Learn more: https://nextjs.org/docs/app/api-reference/directives/use-client
  4 | import { MapPin, Search } from "lucide-react";
  5 | import Link from "next/link";
> 6 | import { useMemo, useState } from "react";
    |                ^^^^^^^^
  7 |
  8 | const categories = [
  9 |   ["Biệt thự", "#biet-thu"],

Ecmascript file had an error @ http://localhost:3100/_next/static/chunks/node_modules_next_dist_1gdrd03._.js:1945
[  516348ms] [ERROR] ./src/app/du-an/page.tsx:6:16
You're importing a module that depends on `useState` into a React Server Component module. This API is only available in Client Components. To fix, mark the file (or its parent) with the `"use client"` directive.
    Learn more: https://nextjs.org/docs/app/api-reference/directives/use-client
  4 | import { MapPin, Search } from "lucide-react";
  5 | import Link from "next/link";
> 6 | import { useMemo, useState } from "react";
    |                ^^^^^^^^
  7 |
  8 | const categories = [
  9 |   ["Biệt thự", "#biet-thu"],

Ecmascript file had an error @ http://localhost:3100/_next/static/chunks/node_modules_next_dist_1gdrd03._.js:1945
[  516410ms] [ERROR] ./src/app/du-an/page.tsx:6:16
You're importing a module that depends on `useState` into a React Server Component module. This API is only available in Client Components. To fix, mark the file (or its parent) with the `"use client"` directive.
    Learn more: https://nextjs.org/docs/app/api-reference/directives/use-client
  4 | import { MapPin, Search } from "lucide-react";
  5 | import Link from "next/link";
> 6 | import { useMemo, useState } from "react";
    |                ^^^^^^^^
  7 |
  8 | const categories = [
  9 |   ["Biệt thự", "#biet-thu"],

Ecmascript file had an error @ http://localhost:3100/_next/static/chunks/node_modules_next_dist_1gdrd03._.js:1945
[  516472ms] [ERROR] ./src/app/du-an/page.tsx:6:16
You're importing a module that depends on `useState` into a React Server Component module. This API is only available in Client Components. To fix, mark the file (or its parent) with the `"use client"` directive.
    Learn more: https://nextjs.org/docs/app/api-reference/directives/use-client
  4 | import { MapPin, Search } from "lucide-react";
  5 | import Link from "next/link";
> 6 | import { useMemo, useState } from "react";
    |                ^^^^^^^^
  7 |
  8 | const categories = [
  9 |   ["Biệt thự", "#biet-thu"],

Ecmascript file had an error @ http://localhost:3100/_next/static/chunks/node_modules_next_dist_1gdrd03._.js:1945
[  516533ms] [ERROR] ./src/app/du-an/page.tsx:6:16
You're importing a module that depends on `useState` into a React Server Component module. This API is only available in Client Components. To fix, mark the file (or its parent) with the `"use client"` directive.
    Learn more: https://nextjs.org/docs/app/api-reference/directives/use-client
  4 | import { MapPin, Search } from "lucide-react";
  5 | import Link from "next/link";
> 6 | import { useMemo, useState } from "react";
    |                ^^^^^^^^
  7 |
  8 | const categories = [
  9 |   ["Biệt thự", "#biet-thu"],

Ecmascript file had an error @ http://localhost:3100/_next/static/chunks/node_modules_next_dist_1gdrd03._.js:1945
[  516595ms] [ERROR] ./src/app/du-an/page.tsx:6:16
You're importing a module that depends on `useState` into a React Server Component module. This API is only available in Client Components. To fix, mark the file (or its parent) with the `"use client"` directive.
    Learn more: https://nextjs.org/docs/app/api-reference/directives/use-client
  4 | import { MapPin, Search } from "lucide-react";
  5 | import Link from "next/link";
> 6 | import { useMemo, useState } from "react";
    |                ^^^^^^^^
  7 |
  8 | const categories = [
  9 |   ["Biệt thự", "#biet-thu"],

Ecmascript file had an error @ http://localhost:3100/_next/static/chunks/node_modules_next_dist_1gdrd03._.js:1945
[  516657ms] [ERROR] ./src/app/du-an/page.tsx:6:16
You're importing a module that depends on `useState` into a React Server Component module. This API is only available in Client Components. To fix, mark the file (or its parent) with the `"use client"` directive.
    Learn more: https://nextjs.org/docs/app/api-reference/directives/use-client
  4 | import { MapPin, Search } from "lucide-react";
  5 | import Link from "next/link";
> 6 | import { useMemo, useState } from "react";
    |                ^^^^^^^^
  7 |
  8 | const categories = [
  9 |   ["Biệt thự", "#biet-thu"],

Ecmascript file had an error @ http://localhost:3100/_next/static/chunks/node_modules_next_dist_1gdrd03._.js:1945
[  516711ms] [ERROR] ./src/app/du-an/page.tsx:6:16
You're importing a module that depends on `useState` into a React Server Component module. This API is only available in Client Components. To fix, mark the file (or its parent) with the `"use client"` directive.
    Learn more: https://nextjs.org/docs/app/api-reference/directives/use-client
  4 | import { MapPin, Search } from "lucide-react";
  5 | import Link from "next/link";
> 6 | import { useMemo, useState } from "react";
    |                ^^^^^^^^
  7 |
  8 | const categories = [
  9 |   ["Biệt thự", "#biet-thu"],

Ecmascript file had an error @ http://localhost:3100/_next/static/chunks/node_modules_next_dist_1gdrd03._.js:1945
[  516773ms] [ERROR] ./src/app/du-an/page.tsx:6:16
You're importing a module that depends on `useState` into a React Server Component module. This API is only available in Client Components. To fix, mark the file (or its parent) with the `"use client"` directive.
    Learn more: https://nextjs.org/docs/app/api-reference/directives/use-client
  4 | import { MapPin, Search } from "lucide-react";
  5 | import Link from "next/link";
> 6 | import { useMemo, useState } from "react";
    |                ^^^^^^^^
  7 |
  8 | const categories = [
  9 |   ["Biệt thự", "#biet-thu"],

Ecmascript file had an error @ http://localhost:3100/_next/static/chunks/node_modules_next_dist_1gdrd03._.js:1945
[  516852ms] [ERROR] ./src/app/du-an/page.tsx:6:16
You're importing a module that depends on `useState` into a React Server Component module. This API is only available in Client Components. To fix, mark the file (or its parent) with the `"use client"` directive.
    Learn more: https://nextjs.org/docs/app/api-reference/directives/use-client
  4 | import { MapPin, Search } from "lucide-react";
  5 | import Link from "next/link";
> 6 | import { useMemo, useState } from "react";
    |                ^^^^^^^^
  7 |
  8 | const categories = [
  9 |   ["Biệt thự", "#biet-thu"],

Ecmascript file had an error @ http://localhost:3100/_next/static/chunks/node_modules_next_dist_1gdrd03._.js:1945
[  516915ms] [ERROR] ./src/app/du-an/page.tsx:6:16
You're importing a module that depends on `useState` into a React Server Component module. This API is only available in Client Components. To fix, mark the file (or its parent) with the `"use client"` directive.
    Learn more: https://nextjs.org/docs/app/api-reference/directives/use-client
  4 | import { MapPin, Search } from "lucide-react";
  5 | import Link from "next/link";
> 6 | import { useMemo, useState } from "react";
    |                ^^^^^^^^
  7 |
  8 | const categories = [
  9 |   ["Biệt thự", "#biet-thu"],

Ecmascript file had an error @ http://localhost:3100/_next/static/chunks/node_modules_next_dist_1gdrd03._.js:1945
[  516977ms] [ERROR] ./src/app/du-an/page.tsx:6:16
You're importing a module that depends on `useState` into a React Server Component module. This API is only available in Client Components. To fix, mark the file (or its parent) with the `"use client"` directive.
    Learn more: https://nextjs.org/docs/app/api-reference/directives/use-client
  4 | import { MapPin, Search } from "lucide-react";
  5 | import Link from "next/link";
> 6 | import { useMemo, useState } from "react";
    |                ^^^^^^^^
  7 |
  8 | const categories = [
  9 |   ["Biệt thự", "#biet-thu"],

Ecmascript file had an error @ http://localhost:3100/_next/static/chunks/node_modules_next_dist_1gdrd03._.js:1945
[  517029ms] [ERROR] ./src/app/du-an/page.tsx:6:16
You're importing a module that depends on `useState` into a React Server Component module. This API is only available in Client Components. To fix, mark the file (or its parent) with the `"use client"` directive.
    Learn more: https://nextjs.org/docs/app/api-reference/directives/use-client
  4 | import { MapPin, Search } from "lucide-react";
  5 | import Link from "next/link";
> 6 | import { useMemo, useState } from "react";
    |                ^^^^^^^^
  7 |
  8 | const categories = [
  9 |   ["Biệt thự", "#biet-thu"],

Ecmascript file had an error @ http://localhost:3100/_next/static/chunks/node_modules_next_dist_1gdrd03._.js:1945
[  517089ms] [ERROR] ./src/app/du-an/page.tsx:6:16
You're importing a module that depends on `useState` into a React Server Component module. This API is only available in Client Components. To fix, mark the file (or its parent) with the `"use client"` directive.
    Learn more: https://nextjs.org/docs/app/api-reference/directives/use-client
  4 | import { MapPin, Search } from "lucide-react";
  5 | import Link from "next/link";
> 6 | import { useMemo, useState } from "react";
    |                ^^^^^^^^
  7 |
  8 | const categories = [
  9 |   ["Biệt thự", "#biet-thu"],

Ecmascript file had an error @ http://localhost:3100/_next/static/chunks/node_modules_next_dist_1gdrd03._.js:1945
[  517153ms] [ERROR] ./src/app/du-an/page.tsx:6:16
You're importing a module that depends on `useState` into a React Server Component module. This API is only available in Client Components. To fix, mark the file (or its parent) with the `"use client"` directive.
    Learn more: https://nextjs.org/docs/app/api-reference/directives/use-client
  4 | import { MapPin, Search } from "lucide-react";
  5 | import Link from "next/link";
> 6 | import { useMemo, useState } from "react";
    |                ^^^^^^^^
  7 |
  8 | const categories = [
  9 |   ["Biệt thự", "#biet-thu"],

Ecmascript file had an error @ http://localhost:3100/_next/static/chunks/node_modules_next_dist_1gdrd03._.js:1945
[  517232ms] [ERROR] ./src/app/du-an/page.tsx:6:16
You're importing a module that depends on `useState` into a React Server Component module. This API is only available in Client Components. To fix, mark the file (or its parent) with the `"use client"` directive.
    Learn more: https://nextjs.org/docs/app/api-reference/directives/use-client
  4 | import { MapPin, Search } from "lucide-react";
  5 | import Link from "next/link";
> 6 | import { useMemo, useState } from "react";
    |                ^^^^^^^^
  7 |
  8 | const categories = [
  9 |   ["Biệt thự", "#biet-thu"],

Ecmascript file had an error @ http://localhost:3100/_next/static/chunks/node_modules_next_dist_1gdrd03._.js:1945
[  517293ms] [ERROR] ./src/app/du-an/page.tsx:6:16
You're importing a module that depends on `useState` into a React Server Component module. This API is only available in Client Components. To fix, mark the file (or its parent) with the `"use client"` directive.
    Learn more: https://nextjs.org/docs/app/api-reference/directives/use-client
  4 | import { MapPin, Search } from "lucide-react";
  5 | import Link from "next/link";
> 6 | import { useMemo, useState } from "react";
    |                ^^^^^^^^
  7 |
  8 | const categories = [
  9 |   ["Biệt thự", "#biet-thu"],

Ecmascript file had an error @ http://localhost:3100/_next/static/chunks/node_modules_next_dist_1gdrd03._.js:1945
[  517356ms] [ERROR] ./src/app/du-an/page.tsx:6:16
You're importing a module that depends on `useState` into a React Server Component module. This API is only available in Client Components. To fix, mark the file (or its parent) with the `"use client"` directive.
    Learn more: https://nextjs.org/docs/app/api-reference/directives/use-client
  4 | import { MapPin, Search } from "lucide-react";
  5 | import Link from "next/link";
> 6 | import { useMemo, useState } from "react";
    |                ^^^^^^^^
  7 |
  8 | const categories = [
  9 |   ["Biệt thự", "#biet-thu"],

Ecmascript file had an error @ http://localhost:3100/_next/static/chunks/node_modules_next_dist_1gdrd03._.js:1945
[  517421ms] [ERROR] ./src/app/du-an/page.tsx:6:16
You're importing a module that depends on `useState` into a React Server Component module. This API is only available in Client Components. To fix, mark the file (or its parent) with the `"use client"` directive.
    Learn more: https://nextjs.org/docs/app/api-reference/directives/use-client
  4 | import { MapPin, Search } from "lucide-react";
  5 | import Link from "next/link";
> 6 | import { useMemo, useState } from "react";
    |                ^^^^^^^^
  7 |
  8 | const categories = [
  9 |   ["Biệt thự", "#biet-thu"],

Ecmascript file had an error @ http://localhost:3100/_next/static/chunks/node_modules_next_dist_1gdrd03._.js:1945
[  517485ms] [ERROR] ./src/app/du-an/page.tsx:6:16
You're importing a module that depends on `useState` into a React Server Component module. This API is only available in Client Components. To fix, mark the file (or its parent) with the `"use client"` directive.
    Learn more: https://nextjs.org/docs/app/api-reference/directives/use-client
  4 | import { MapPin, Search } from "lucide-react";
  5 | import Link from "next/link";
> 6 | import { useMemo, useState } from "react";
    |                ^^^^^^^^
  7 |
  8 | const categories = [
  9 |   ["Biệt thự", "#biet-thu"],

Ecmascript file had an error @ http://localhost:3100/_next/static/chunks/node_modules_next_dist_1gdrd03._.js:1945
[  517547ms] [ERROR] ./src/app/du-an/page.tsx:6:16
You're importing a module that depends on `useState` into a React Server Component module. This API is only available in Client Components. To fix, mark the file (or its parent) with the `"use client"` directive.
    Learn more: https://nextjs.org/docs/app/api-reference/directives/use-client
  4 | import { MapPin, Search } from "lucide-react";
  5 | import Link from "next/link";
> 6 | import { useMemo, useState } from "react";
    |                ^^^^^^^^
  7 |
  8 | const categories = [
  9 |   ["Biệt thự", "#biet-thu"],

Ecmascript file had an error @ http://localhost:3100/_next/static/chunks/node_modules_next_dist_1gdrd03._.js:1945
[  517609ms] [ERROR] ./src/app/du-an/page.tsx:6:16
You're importing a module that depends on `useState` into a React Server Component module. This API is only available in Client Components. To fix, mark the file (or its parent) with the `"use client"` directive.
    Learn more: https://nextjs.org/docs/app/api-reference/directives/use-client
  4 | import { MapPin, Search } from "lucide-react";
  5 | import Link from "next/link";
> 6 | import { useMemo, useState } from "react";
    |                ^^^^^^^^
  7 |
  8 | const categories = [
  9 |   ["Biệt thự", "#biet-thu"],

Ecmascript file had an error @ http://localhost:3100/_next/static/chunks/node_modules_next_dist_1gdrd03._.js:1945
[  517668ms] [ERROR] ./src/app/du-an/page.tsx:6:16
You're importing a module that depends on `useState` into a React Server Component module. This API is only available in Client Components. To fix, mark the file (or its parent) with the `"use client"` directive.
    Learn more: https://nextjs.org/docs/app/api-reference/directives/use-client
  4 | import { MapPin, Search } from "lucide-react";
  5 | import Link from "next/link";
> 6 | import { useMemo, useState } from "react";
    |                ^^^^^^^^
  7 |
  8 | const categories = [
  9 |   ["Biệt thự", "#biet-thu"],

Ecmascript file had an error @ http://localhost:3100/_next/static/chunks/node_modules_next_dist_1gdrd03._.js:1945
[  517736ms] [ERROR] ./src/app/du-an/page.tsx:6:16
You're importing a module that depends on `useState` into a React Server Component module. This API is only available in Client Components. To fix, mark the file (or its parent) with the `"use client"` directive.
    Learn more: https://nextjs.org/docs/app/api-reference/directives/use-client
  4 | import { MapPin, Search } from "lucide-react";
  5 | import Link from "next/link";
> 6 | import { useMemo, useState } from "react";
    |                ^^^^^^^^
  7 |
  8 | const categories = [
  9 |   ["Biệt thự", "#biet-thu"],

Ecmascript file had an error @ http://localhost:3100/_next/static/chunks/node_modules_next_dist_1gdrd03._.js:1945
[  517799ms] [ERROR] ./src/app/du-an/page.tsx:6:16
You're importing a module that depends on `useState` into a React Server Component module. This API is only available in Client Components. To fix, mark the file (or its parent) with the `"use client"` directive.
    Learn more: https://nextjs.org/docs/app/api-reference/directives/use-client
  4 | import { MapPin, Search } from "lucide-react";
  5 | import Link from "next/link";
> 6 | import { useMemo, useState } from "react";
    |                ^^^^^^^^
  7 |
  8 | const categories = [
  9 |   ["Biệt thự", "#biet-thu"],

Ecmascript file had an error @ http://localhost:3100/_next/static/chunks/node_modules_next_dist_1gdrd03._.js:1945
[  517863ms] [ERROR] ./src/app/du-an/page.tsx:6:16
You're importing a module that depends on `useState` into a React Server Component module. This API is only available in Client Components. To fix, mark the file (or its parent) with the `"use client"` directive.
    Learn more: https://nextjs.org/docs/app/api-reference/directives/use-client
  4 | import { MapPin, Search } from "lucide-react";
  5 | import Link from "next/link";
> 6 | import { useMemo, useState } from "react";
    |                ^^^^^^^^
  7 |
  8 | const categories = [
  9 |   ["Biệt thự", "#biet-thu"],

Ecmascript file had an error @ http://localhost:3100/_next/static/chunks/node_modules_next_dist_1gdrd03._.js:1945
[  517927ms] [ERROR] ./src/app/du-an/page.tsx:6:16
You're importing a module that depends on `useState` into a React Server Component module. This API is only available in Client Components. To fix, mark the file (or its parent) with the `"use client"` directive.
    Learn more: https://nextjs.org/docs/app/api-reference/directives/use-client
  4 | import { MapPin, Search } from "lucide-react";
  5 | import Link from "next/link";
> 6 | import { useMemo, useState } from "react";
    |                ^^^^^^^^
  7 |
  8 | const categories = [
  9 |   ["Biệt thự", "#biet-thu"],

Ecmascript file had an error @ http://localhost:3100/_next/static/chunks/node_modules_next_dist_1gdrd03._.js:1945
[  517990ms] [ERROR] ./src/app/du-an/page.tsx:6:16
You're importing a module that depends on `useState` into a React Server Component module. This API is only available in Client Components. To fix, mark the file (or its parent) with the `"use client"` directive.
    Learn more: https://nextjs.org/docs/app/api-reference/directives/use-client
  4 | import { MapPin, Search } from "lucide-react";
  5 | import Link from "next/link";
> 6 | import { useMemo, useState } from "react";
    |                ^^^^^^^^
  7 |
  8 | const categories = [
  9 |   ["Biệt thự", "#biet-thu"],

Ecmascript file had an error @ http://localhost:3100/_next/static/chunks/node_modules_next_dist_1gdrd03._.js:1945
[  518054ms] [ERROR] ./src/app/du-an/page.tsx:6:16
You're importing a module that depends on `useState` into a React Server Component module. This API is only available in Client Components. To fix, mark the file (or its parent) with the `"use client"` directive.
    Learn more: https://nextjs.org/docs/app/api-reference/directives/use-client
  4 | import { MapPin, Search } from "lucide-react";
  5 | import Link from "next/link";
> 6 | import { useMemo, useState } from "react";
    |                ^^^^^^^^
  7 |
  8 | const categories = [
  9 |   ["Biệt thự", "#biet-thu"],

Ecmascript file had an error @ http://localhost:3100/_next/static/chunks/node_modules_next_dist_1gdrd03._.js:1945
[  518117ms] [ERROR] ./src/app/du-an/page.tsx:6:16
You're importing a module that depends on `useState` into a React Server Component module. This API is only available in Client Components. To fix, mark the file (or its parent) with the `"use client"` directive.
    Learn more: https://nextjs.org/docs/app/api-reference/directives/use-client
  4 | import { MapPin, Search } from "lucide-react";
  5 | import Link from "next/link";
> 6 | import { useMemo, useState } from "react";
    |                ^^^^^^^^
  7 |
  8 | const categories = [
  9 |   ["Biệt thự", "#biet-thu"],

Ecmascript file had an error @ http://localhost:3100/_next/static/chunks/node_modules_next_dist_1gdrd03._.js:1945
[  518179ms] [ERROR] ./src/app/du-an/page.tsx:6:16
You're importing a module that depends on `useState` into a React Server Component module. This API is only available in Client Components. To fix, mark the file (or its parent) with the `"use client"` directive.
    Learn more: https://nextjs.org/docs/app/api-reference/directives/use-client
  4 | import { MapPin, Search } from "lucide-react";
  5 | import Link from "next/link";
> 6 | import { useMemo, useState } from "react";
    |                ^^^^^^^^
  7 |
  8 | const categories = [
  9 |   ["Biệt thự", "#biet-thu"],

Ecmascript file had an error @ http://localhost:3100/_next/static/chunks/node_modules_next_dist_1gdrd03._.js:1945
[  518231ms] [ERROR] ./src/app/du-an/page.tsx:6:16
You're importing a module that depends on `useState` into a React Server Component module. This API is only available in Client Components. To fix, mark the file (or its parent) with the `"use client"` directive.
    Learn more: https://nextjs.org/docs/app/api-reference/directives/use-client
  4 | import { MapPin, Search } from "lucide-react";
  5 | import Link from "next/link";
> 6 | import { useMemo, useState } from "react";
    |                ^^^^^^^^
  7 |
  8 | const categories = [
  9 |   ["Biệt thự", "#biet-thu"],

Ecmascript file had an error @ http://localhost:3100/_next/static/chunks/node_modules_next_dist_1gdrd03._.js:1945
[  518293ms] [ERROR] ./src/app/du-an/page.tsx:6:16
You're importing a module that depends on `useState` into a React Server Component module. This API is only available in Client Components. To fix, mark the file (or its parent) with the `"use client"` directive.
    Learn more: https://nextjs.org/docs/app/api-reference/directives/use-client
  4 | import { MapPin, Search } from "lucide-react";
  5 | import Link from "next/link";
> 6 | import { useMemo, useState } from "react";
    |                ^^^^^^^^
  7 |
  8 | const categories = [
  9 |   ["Biệt thự", "#biet-thu"],

Ecmascript file had an error @ http://localhost:3100/_next/static/chunks/node_modules_next_dist_1gdrd03._.js:1945
[  518355ms] [ERROR] ./src/app/du-an/page.tsx:6:16
You're importing a module that depends on `useState` into a React Server Component module. This API is only available in Client Components. To fix, mark the file (or its parent) with the `"use client"` directive.
    Learn more: https://nextjs.org/docs/app/api-reference/directives/use-client
  4 | import { MapPin, Search } from "lucide-react";
  5 | import Link from "next/link";
> 6 | import { useMemo, useState } from "react";
    |                ^^^^^^^^
  7 |
  8 | const categories = [
  9 |   ["Biệt thự", "#biet-thu"],

Ecmascript file had an error @ http://localhost:3100/_next/static/chunks/node_modules_next_dist_1gdrd03._.js:1945
[  518418ms] [ERROR] ./src/app/du-an/page.tsx:6:16
You're importing a module that depends on `useState` into a React Server Component module. This API is only available in Client Components. To fix, mark the file (or its parent) with the `"use client"` directive.
    Learn more: https://nextjs.org/docs/app/api-reference/directives/use-client
  4 | import { MapPin, Search } from "lucide-react";
  5 | import Link from "next/link";
> 6 | import { useMemo, useState } from "react";
    |                ^^^^^^^^
  7 |
  8 | const categories = [
  9 |   ["Biệt thự", "#biet-thu"],

Ecmascript file had an error @ http://localhost:3100/_next/static/chunks/node_modules_next_dist_1gdrd03._.js:1945
[  518482ms] [ERROR] ./src/app/du-an/page.tsx:6:16
You're importing a module that depends on `useState` into a React Server Component module. This API is only available in Client Components. To fix, mark the file (or its parent) with the `"use client"` directive.
    Learn more: https://nextjs.org/docs/app/api-reference/directives/use-client
  4 | import { MapPin, Search } from "lucide-react";
  5 | import Link from "next/link";
> 6 | import { useMemo, useState } from "react";
    |                ^^^^^^^^
  7 |
  8 | const categories = [
  9 |   ["Biệt thự", "#biet-thu"],

Ecmascript file had an error @ http://localhost:3100/_next/static/chunks/node_modules_next_dist_1gdrd03._.js:1945
[  518543ms] [ERROR] ./src/app/du-an/page.tsx:6:16
You're importing a module that depends on `useState` into a React Server Component module. This API is only available in Client Components. To fix, mark the file (or its parent) with the `"use client"` directive.
    Learn more: https://nextjs.org/docs/app/api-reference/directives/use-client
  4 | import { MapPin, Search } from "lucide-react";
  5 | import Link from "next/link";
> 6 | import { useMemo, useState } from "react";
    |                ^^^^^^^^
  7 |
  8 | const categories = [
  9 |   ["Biệt thự", "#biet-thu"],

Ecmascript file had an error @ http://localhost:3100/_next/static/chunks/node_modules_next_dist_1gdrd03._.js:1945
[  518606ms] [ERROR] ./src/app/du-an/page.tsx:6:16
You're importing a module that depends on `useState` into a React Server Component module. This API is only available in Client Components. To fix, mark the file (or its parent) with the `"use client"` directive.
    Learn more: https://nextjs.org/docs/app/api-reference/directives/use-client
  4 | import { MapPin, Search } from "lucide-react";
  5 | import Link from "next/link";
> 6 | import { useMemo, useState } from "react";
    |                ^^^^^^^^
  7 |
  8 | const categories = [
  9 |   ["Biệt thự", "#biet-thu"],

Ecmascript file had an error @ http://localhost:3100/_next/static/chunks/node_modules_next_dist_1gdrd03._.js:1945
[  518665ms] [ERROR] ./src/app/du-an/page.tsx:6:16
You're importing a module that depends on `useState` into a React Server Component module. This API is only available in Client Components. To fix, mark the file (or its parent) with the `"use client"` directive.
    Learn more: https://nextjs.org/docs/app/api-reference/directives/use-client
  4 | import { MapPin, Search } from "lucide-react";
  5 | import Link from "next/link";
> 6 | import { useMemo, useState } from "react";
    |                ^^^^^^^^
  7 |
  8 | const categories = [
  9 |   ["Biệt thự", "#biet-thu"],

Ecmascript file had an error @ http://localhost:3100/_next/static/chunks/node_modules_next_dist_1gdrd03._.js:1945
[  518735ms] [ERROR] ./src/app/du-an/page.tsx:6:16
You're importing a module that depends on `useState` into a React Server Component module. This API is only available in Client Components. To fix, mark the file (or its parent) with the `"use client"` directive.
    Learn more: https://nextjs.org/docs/app/api-reference/directives/use-client
  4 | import { MapPin, Search } from "lucide-react";
  5 | import Link from "next/link";
> 6 | import { useMemo, useState } from "react";
    |                ^^^^^^^^
  7 |
  8 | const categories = [
  9 |   ["Biệt thự", "#biet-thu"],

Ecmascript file had an error @ http://localhost:3100/_next/static/chunks/node_modules_next_dist_1gdrd03._.js:1945
[  518796ms] [ERROR] ./src/app/du-an/page.tsx:6:16
You're importing a module that depends on `useState` into a React Server Component module. This API is only available in Client Components. To fix, mark the file (or its parent) with the `"use client"` directive.
    Learn more: https://nextjs.org/docs/app/api-reference/directives/use-client
  4 | import { MapPin, Search } from "lucide-react";
  5 | import Link from "next/link";
> 6 | import { useMemo, useState } from "react";
    |                ^^^^^^^^
  7 |
  8 | const categories = [
  9 |   ["Biệt thự", "#biet-thu"],

Ecmascript file had an error @ http://localhost:3100/_next/static/chunks/node_modules_next_dist_1gdrd03._.js:1945
[  518859ms] [ERROR] ./src/app/du-an/page.tsx:6:16
You're importing a module that depends on `useState` into a React Server Component module. This API is only available in Client Components. To fix, mark the file (or its parent) with the `"use client"` directive.
    Learn more: https://nextjs.org/docs/app/api-reference/directives/use-client
  4 | import { MapPin, Search } from "lucide-react";
  5 | import Link from "next/link";
> 6 | import { useMemo, useState } from "react";
    |                ^^^^^^^^
  7 |
  8 | const categories = [
  9 |   ["Biệt thự", "#biet-thu"],

Ecmascript file had an error @ http://localhost:3100/_next/static/chunks/node_modules_next_dist_1gdrd03._.js:1945
[  518917ms] [ERROR] ./src/app/du-an/page.tsx:6:16
You're importing a module that depends on `useState` into a React Server Component module. This API is only available in Client Components. To fix, mark the file (or its parent) with the `"use client"` directive.
    Learn more: https://nextjs.org/docs/app/api-reference/directives/use-client
  4 | import { MapPin, Search } from "lucide-react";
  5 | import Link from "next/link";
> 6 | import { useMemo, useState } from "react";
    |                ^^^^^^^^
  7 |
  8 | const categories = [
  9 |   ["Biệt thự", "#biet-thu"],

Ecmascript file had an error @ http://localhost:3100/_next/static/chunks/node_modules_next_dist_1gdrd03._.js:1945
[  518976ms] [ERROR] ./src/app/du-an/page.tsx:6:16
You're importing a module that depends on `useState` into a React Server Component module. This API is only available in Client Components. To fix, mark the file (or its parent) with the `"use client"` directive.
    Learn more: https://nextjs.org/docs/app/api-reference/directives/use-client
  4 | import { MapPin, Search } from "lucide-react";
  5 | import Link from "next/link";
> 6 | import { useMemo, useState } from "react";
    |                ^^^^^^^^
  7 |
  8 | const categories = [
  9 |   ["Biệt thự", "#biet-thu"],

Ecmascript file had an error @ http://localhost:3100/_next/static/chunks/node_modules_next_dist_1gdrd03._.js:1945
[  519038ms] [ERROR] ./src/app/du-an/page.tsx:6:16
You're importing a module that depends on `useState` into a React Server Component module. This API is only available in Client Components. To fix, mark the file (or its parent) with the `"use client"` directive.
    Learn more: https://nextjs.org/docs/app/api-reference/directives/use-client
  4 | import { MapPin, Search } from "lucide-react";
  5 | import Link from "next/link";
> 6 | import { useMemo, useState } from "react";
    |                ^^^^^^^^
  7 |
  8 | const categories = [
  9 |   ["Biệt thự", "#biet-thu"],

Ecmascript file had an error @ http://localhost:3100/_next/static/chunks/node_modules_next_dist_1gdrd03._.js:1945
[  519100ms] [ERROR] ./src/app/du-an/page.tsx:6:16
You're importing a module that depends on `useState` into a React Server Component module. This API is only available in Client Components. To fix, mark the file (or its parent) with the `"use client"` directive.
    Learn more: https://nextjs.org/docs/app/api-reference/directives/use-client
  4 | import { MapPin, Search } from "lucide-react";
  5 | import Link from "next/link";
> 6 | import { useMemo, useState } from "react";
    |                ^^^^^^^^
  7 |
  8 | const categories = [
  9 |   ["Biệt thự", "#biet-thu"],

Ecmascript file had an error @ http://localhost:3100/_next/static/chunks/node_modules_next_dist_1gdrd03._.js:1945
[  519159ms] [ERROR] ./src/app/du-an/page.tsx:6:16
You're importing a module that depends on `useState` into a React Server Component module. This API is only available in Client Components. To fix, mark the file (or its parent) with the `"use client"` directive.
    Learn more: https://nextjs.org/docs/app/api-reference/directives/use-client
  4 | import { MapPin, Search } from "lucide-react";
  5 | import Link from "next/link";
> 6 | import { useMemo, useState } from "react";
    |                ^^^^^^^^
  7 |
  8 | const categories = [
  9 |   ["Biệt thự", "#biet-thu"],

Ecmascript file had an error @ http://localhost:3100/_next/static/chunks/node_modules_next_dist_1gdrd03._.js:1945
[  519220ms] [ERROR] ./src/app/du-an/page.tsx:6:16
You're importing a module that depends on `useState` into a React Server Component module. This API is only available in Client Components. To fix, mark the file (or its parent) with the `"use client"` directive.
    Learn more: https://nextjs.org/docs/app/api-reference/directives/use-client
  4 | import { MapPin, Search } from "lucide-react";
  5 | import Link from "next/link";
> 6 | import { useMemo, useState } from "react";
    |                ^^^^^^^^
  7 |
  8 | const categories = [
  9 |   ["Biệt thự", "#biet-thu"],

Ecmascript file had an error @ http://localhost:3100/_next/static/chunks/node_modules_next_dist_1gdrd03._.js:1945
[  519276ms] [ERROR] ./src/app/du-an/page.tsx:6:16
You're importing a module that depends on `useState` into a React Server Component module. This API is only available in Client Components. To fix, mark the file (or its parent) with the `"use client"` directive.
    Learn more: https://nextjs.org/docs/app/api-reference/directives/use-client
  4 | import { MapPin, Search } from "lucide-react";
  5 | import Link from "next/link";
> 6 | import { useMemo, useState } from "react";
    |                ^^^^^^^^
  7 |
  8 | const categories = [
  9 |   ["Biệt thự", "#biet-thu"],

Ecmascript file had an error @ http://localhost:3100/_next/static/chunks/node_modules_next_dist_1gdrd03._.js:1945
[  519338ms] [ERROR] ./src/app/du-an/page.tsx:6:16
You're importing a module that depends on `useState` into a React Server Component module. This API is only available in Client Components. To fix, mark the file (or its parent) with the `"use client"` directive.
    Learn more: https://nextjs.org/docs/app/api-reference/directives/use-client
  4 | import { MapPin, Search } from "lucide-react";
  5 | import Link from "next/link";
> 6 | import { useMemo, useState } from "react";
    |                ^^^^^^^^
  7 |
  8 | const categories = [
  9 |   ["Biệt thự", "#biet-thu"],

Ecmascript file had an error @ http://localhost:3100/_next/static/chunks/node_modules_next_dist_1gdrd03._.js:1945
[  519402ms] [ERROR] ./src/app/du-an/page.tsx:6:16
You're importing a module that depends on `useState` into a React Server Component module. This API is only available in Client Components. To fix, mark the file (or its parent) with the `"use client"` directive.
    Learn more: https://nextjs.org/docs/app/api-reference/directives/use-client
  4 | import { MapPin, Search } from "lucide-react";
  5 | import Link from "next/link";
> 6 | import { useMemo, useState } from "react";
    |                ^^^^^^^^
  7 |
  8 | const categories = [
  9 |   ["Biệt thự", "#biet-thu"],

Ecmascript file had an error @ http://localhost:3100/_next/static/chunks/node_modules_next_dist_1gdrd03._.js:1945
[  519464ms] [ERROR] ./src/app/du-an/page.tsx:6:16
You're importing a module that depends on `useState` into a React Server Component module. This API is only available in Client Components. To fix, mark the file (or its parent) with the `"use client"` directive.
    Learn more: https://nextjs.org/docs/app/api-reference/directives/use-client
  4 | import { MapPin, Search } from "lucide-react";
  5 | import Link from "next/link";
> 6 | import { useMemo, useState } from "react";
    |                ^^^^^^^^
  7 |
  8 | const categories = [
  9 |   ["Biệt thự", "#biet-thu"],

Ecmascript file had an error @ http://localhost:3100/_next/static/chunks/node_modules_next_dist_1gdrd03._.js:1945
[  519527ms] [ERROR] ./src/app/du-an/page.tsx:6:16
You're importing a module that depends on `useState` into a React Server Component module. This API is only available in Client Components. To fix, mark the file (or its parent) with the `"use client"` directive.
    Learn more: https://nextjs.org/docs/app/api-reference/directives/use-client
  4 | import { MapPin, Search } from "lucide-react";
  5 | import Link from "next/link";
> 6 | import { useMemo, useState } from "react";
    |                ^^^^^^^^
  7 |
  8 | const categories = [
  9 |   ["Biệt thự", "#biet-thu"],

Ecmascript file had an error @ http://localhost:3100/_next/static/chunks/node_modules_next_dist_1gdrd03._.js:1945
[  519591ms] [ERROR] ./src/app/du-an/page.tsx:6:16
You're importing a module that depends on `useState` into a React Server Component module. This API is only available in Client Components. To fix, mark the file (or its parent) with the `"use client"` directive.
    Learn more: https://nextjs.org/docs/app/api-reference/directives/use-client
  4 | import { MapPin, Search } from "lucide-react";
  5 | import Link from "next/link";
> 6 | import { useMemo, useState } from "react";
    |                ^^^^^^^^
  7 |
  8 | const categories = [
  9 |   ["Biệt thự", "#biet-thu"],

Ecmascript file had an error @ http://localhost:3100/_next/static/chunks/node_modules_next_dist_1gdrd03._.js:1945
[  519654ms] [ERROR] ./src/app/du-an/page.tsx:6:16
You're importing a module that depends on `useState` into a React Server Component module. This API is only available in Client Components. To fix, mark the file (or its parent) with the `"use client"` directive.
    Learn more: https://nextjs.org/docs/app/api-reference/directives/use-client
  4 | import { MapPin, Search } from "lucide-react";
  5 | import Link from "next/link";
> 6 | import { useMemo, useState } from "react";
    |                ^^^^^^^^
  7 |
  8 | const categories = [
  9 |   ["Biệt thự", "#biet-thu"],

Ecmascript file had an error @ http://localhost:3100/_next/static/chunks/node_modules_next_dist_1gdrd03._.js:1945
[  519718ms] [ERROR] ./src/app/du-an/page.tsx:6:16
You're importing a module that depends on `useState` into a React Server Component module. This API is only available in Client Components. To fix, mark the file (or its parent) with the `"use client"` directive.
    Learn more: https://nextjs.org/docs/app/api-reference/directives/use-client
  4 | import { MapPin, Search } from "lucide-react";
  5 | import Link from "next/link";
> 6 | import { useMemo, useState } from "react";
    |                ^^^^^^^^
  7 |
  8 | const categories = [
  9 |   ["Biệt thự", "#biet-thu"],

Ecmascript file had an error @ http://localhost:3100/_next/static/chunks/node_modules_next_dist_1gdrd03._.js:1945
[  519780ms] [ERROR] ./src/app/du-an/page.tsx:6:16
You're importing a module that depends on `useState` into a React Server Component module. This API is only available in Client Components. To fix, mark the file (or its parent) with the `"use client"` directive.
    Learn more: https://nextjs.org/docs/app/api-reference/directives/use-client
  4 | import { MapPin, Search } from "lucide-react";
  5 | import Link from "next/link";
> 6 | import { useMemo, useState } from "react";
    |                ^^^^^^^^
  7 |
  8 | const categories = [
  9 |   ["Biệt thự", "#biet-thu"],

Ecmascript file had an error @ http://localhost:3100/_next/static/chunks/node_modules_next_dist_1gdrd03._.js:1945
[  519842ms] [ERROR] ./src/app/du-an/page.tsx:6:16
You're importing a module that depends on `useState` into a React Server Component module. This API is only available in Client Components. To fix, mark the file (or its parent) with the `"use client"` directive.
    Learn more: https://nextjs.org/docs/app/api-reference/directives/use-client
  4 | import { MapPin, Search } from "lucide-react";
  5 | import Link from "next/link";
> 6 | import { useMemo, useState } from "react";
    |                ^^^^^^^^
  7 |
  8 | const categories = [
  9 |   ["Biệt thự", "#biet-thu"],

Ecmascript file had an error @ http://localhost:3100/_next/static/chunks/node_modules_next_dist_1gdrd03._.js:1945
[  519906ms] [ERROR] ./src/app/du-an/page.tsx:6:16
You're importing a module that depends on `useState` into a React Server Component module. This API is only available in Client Components. To fix, mark the file (or its parent) with the `"use client"` directive.
    Learn more: https://nextjs.org/docs/app/api-reference/directives/use-client
  4 | import { MapPin, Search } from "lucide-react";
  5 | import Link from "next/link";
> 6 | import { useMemo, useState } from "react";
    |                ^^^^^^^^
  7 |
  8 | const categories = [
  9 |   ["Biệt thự", "#biet-thu"],

Ecmascript file had an error @ http://localhost:3100/_next/static/chunks/node_modules_next_dist_1gdrd03._.js:1945
[  519968ms] [ERROR] ./src/app/du-an/page.tsx:6:16
You're importing a module that depends on `useState` into a React Server Component module. This API is only available in Client Components. To fix, mark the file (or its parent) with the `"use client"` directive.
    Learn more: https://nextjs.org/docs/app/api-reference/directives/use-client
  4 | import { MapPin, Search } from "lucide-react";
  5 | import Link from "next/link";
> 6 | import { useMemo, useState } from "react";
    |                ^^^^^^^^
  7 |
  8 | const categories = [
  9 |   ["Biệt thự", "#biet-thu"],

Ecmascript file had an error @ http://localhost:3100/_next/static/chunks/node_modules_next_dist_1gdrd03._.js:1945
[  520032ms] [ERROR] ./src/app/du-an/page.tsx:6:16
You're importing a module that depends on `useState` into a React Server Component module. This API is only available in Client Components. To fix, mark the file (or its parent) with the `"use client"` directive.
    Learn more: https://nextjs.org/docs/app/api-reference/directives/use-client
  4 | import { MapPin, Search } from "lucide-react";
  5 | import Link from "next/link";
> 6 | import { useMemo, useState } from "react";
    |                ^^^^^^^^
  7 |
  8 | const categories = [
  9 |   ["Biệt thự", "#biet-thu"],

Ecmascript file had an error @ http://localhost:3100/_next/static/chunks/node_modules_next_dist_1gdrd03._.js:1945
[  520092ms] [ERROR] ./src/app/du-an/page.tsx:6:16
You're importing a module that depends on `useState` into a React Server Component module. This API is only available in Client Components. To fix, mark the file (or its parent) with the `"use client"` directive.
    Learn more: https://nextjs.org/docs/app/api-reference/directives/use-client
  4 | import { MapPin, Search } from "lucide-react";
  5 | import Link from "next/link";
> 6 | import { useMemo, useState } from "react";
    |                ^^^^^^^^
  7 |
  8 | const categories = [
  9 |   ["Biệt thự", "#biet-thu"],

Ecmascript file had an error @ http://localhost:3100/_next/static/chunks/node_modules_next_dist_1gdrd03._.js:1945
[  520155ms] [ERROR] ./src/app/du-an/page.tsx:6:16
You're importing a module that depends on `useState` into a React Server Component module. This API is only available in Client Components. To fix, mark the file (or its parent) with the `"use client"` directive.
    Learn more: https://nextjs.org/docs/app/api-reference/directives/use-client
  4 | import { MapPin, Search } from "lucide-react";
  5 | import Link from "next/link";
> 6 | import { useMemo, useState } from "react";
    |                ^^^^^^^^
  7 |
  8 | const categories = [
  9 |   ["Biệt thự", "#biet-thu"],

Ecmascript file had an error @ http://localhost:3100/_next/static/chunks/node_modules_next_dist_1gdrd03._.js:1945
[  520217ms] [ERROR] ./src/app/du-an/page.tsx:6:16
You're importing a module that depends on `useState` into a React Server Component module. This API is only available in Client Components. To fix, mark the file (or its parent) with the `"use client"` directive.
    Learn more: https://nextjs.org/docs/app/api-reference/directives/use-client
  4 | import { MapPin, Search } from "lucide-react";
  5 | import Link from "next/link";
> 6 | import { useMemo, useState } from "react";
    |                ^^^^^^^^
  7 |
  8 | const categories = [
  9 |   ["Biệt thự", "#biet-thu"],

Ecmascript file had an error @ http://localhost:3100/_next/static/chunks/node_modules_next_dist_1gdrd03._.js:1945
[  520279ms] [ERROR] ./src/app/du-an/page.tsx:6:16
You're importing a module that depends on `useState` into a React Server Component module. This API is only available in Client Components. To fix, mark the file (or its parent) with the `"use client"` directive.
    Learn more: https://nextjs.org/docs/app/api-reference/directives/use-client
  4 | import { MapPin, Search } from "lucide-react";
  5 | import Link from "next/link";
> 6 | import { useMemo, useState } from "react";
    |                ^^^^^^^^
  7 |
  8 | const categories = [
  9 |   ["Biệt thự", "#biet-thu"],

Ecmascript file had an error @ http://localhost:3100/_next/static/chunks/node_modules_next_dist_1gdrd03._.js:1945
[  520341ms] [ERROR] ./src/app/du-an/page.tsx:6:16
You're importing a module that depends on `useState` into a React Server Component module. This API is only available in Client Components. To fix, mark the file (or its parent) with the `"use client"` directive.
    Learn more: https://nextjs.org/docs/app/api-reference/directives/use-client
  4 | import { MapPin, Search } from "lucide-react";
  5 | import Link from "next/link";
> 6 | import { useMemo, useState } from "react";
    |                ^^^^^^^^
  7 |
  8 | const categories = [
  9 |   ["Biệt thự", "#biet-thu"],

Ecmascript file had an error @ http://localhost:3100/_next/static/chunks/node_modules_next_dist_1gdrd03._.js:1945
[  520402ms] [ERROR] ./src/app/du-an/page.tsx:6:16
You're importing a module that depends on `useState` into a React Server Component module. This API is only available in Client Components. To fix, mark the file (or its parent) with the `"use client"` directive.
    Learn more: https://nextjs.org/docs/app/api-reference/directives/use-client
  4 | import { MapPin, Search } from "lucide-react";
  5 | import Link from "next/link";
> 6 | import { useMemo, useState } from "react";
    |                ^^^^^^^^
  7 |
  8 | const categories = [
  9 |   ["Biệt thự", "#biet-thu"],

Ecmascript file had an error @ http://localhost:3100/_next/static/chunks/node_modules_next_dist_1gdrd03._.js:1945
[  520464ms] [ERROR] ./src/app/du-an/page.tsx:6:16
You're importing a module that depends on `useState` into a React Server Component module. This API is only available in Client Components. To fix, mark the file (or its parent) with the `"use client"` directive.
    Learn more: https://nextjs.org/docs/app/api-reference/directives/use-client
  4 | import { MapPin, Search } from "lucide-react";
  5 | import Link from "next/link";
> 6 | import { useMemo, useState } from "react";
    |                ^^^^^^^^
  7 |
  8 | const categories = [
  9 |   ["Biệt thự", "#biet-thu"],

Ecmascript file had an error @ http://localhost:3100/_next/static/chunks/node_modules_next_dist_1gdrd03._.js:1945
[  520526ms] [ERROR] ./src/app/du-an/page.tsx:6:16
You're importing a module that depends on `useState` into a React Server Component module. This API is only available in Client Components. To fix, mark the file (or its parent) with the `"use client"` directive.
    Learn more: https://nextjs.org/docs/app/api-reference/directives/use-client
  4 | import { MapPin, Search } from "lucide-react";
  5 | import Link from "next/link";
> 6 | import { useMemo, useState } from "react";
    |                ^^^^^^^^
  7 |
  8 | const categories = [
  9 |   ["Biệt thự", "#biet-thu"],

Ecmascript file had an error @ http://localhost:3100/_next/static/chunks/node_modules_next_dist_1gdrd03._.js:1945
[  520588ms] [ERROR] ./src/app/du-an/page.tsx:6:16
You're importing a module that depends on `useState` into a React Server Component module. This API is only available in Client Components. To fix, mark the file (or its parent) with the `"use client"` directive.
    Learn more: https://nextjs.org/docs/app/api-reference/directives/use-client
  4 | import { MapPin, Search } from "lucide-react";
  5 | import Link from "next/link";
> 6 | import { useMemo, useState } from "react";
    |                ^^^^^^^^
  7 |
  8 | const categories = [
  9 |   ["Biệt thự", "#biet-thu"],

Ecmascript file had an error @ http://localhost:3100/_next/static/chunks/node_modules_next_dist_1gdrd03._.js:1945
[  520651ms] [ERROR] ./src/app/du-an/page.tsx:6:16
You're importing a module that depends on `useState` into a React Server Component module. This API is only available in Client Components. To fix, mark the file (or its parent) with the `"use client"` directive.
    Learn more: https://nextjs.org/docs/app/api-reference/directives/use-client
  4 | import { MapPin, Search } from "lucide-react";
  5 | import Link from "next/link";
> 6 | import { useMemo, useState } from "react";
    |                ^^^^^^^^
  7 |
  8 | const categories = [
  9 |   ["Biệt thự", "#biet-thu"],

Ecmascript file had an error @ http://localhost:3100/_next/static/chunks/node_modules_next_dist_1gdrd03._.js:1945
[  520714ms] [ERROR] ./src/app/du-an/page.tsx:6:16
You're importing a module that depends on `useState` into a React Server Component module. This API is only available in Client Components. To fix, mark the file (or its parent) with the `"use client"` directive.
    Learn more: https://nextjs.org/docs/app/api-reference/directives/use-client
  4 | import { MapPin, Search } from "lucide-react";
  5 | import Link from "next/link";
> 6 | import { useMemo, useState } from "react";
    |                ^^^^^^^^
  7 |
  8 | const categories = [
  9 |   ["Biệt thự", "#biet-thu"],

Ecmascript file had an error @ http://localhost:3100/_next/static/chunks/node_modules_next_dist_1gdrd03._.js:1945
[  520778ms] [ERROR] ./src/app/du-an/page.tsx:6:16
You're importing a module that depends on `useState` into a React Server Component module. This API is only available in Client Components. To fix, mark the file (or its parent) with the `"use client"` directive.
    Learn more: https://nextjs.org/docs/app/api-reference/directives/use-client
  4 | import { MapPin, Search } from "lucide-react";
  5 | import Link from "next/link";
> 6 | import { useMemo, useState } from "react";
    |                ^^^^^^^^
  7 |
  8 | const categories = [
  9 |   ["Biệt thự", "#biet-thu"],

Ecmascript file had an error @ http://localhost:3100/_next/static/chunks/node_modules_next_dist_1gdrd03._.js:1945
[  520840ms] [ERROR] ./src/app/du-an/page.tsx:6:16
You're importing a module that depends on `useState` into a React Server Component module. This API is only available in Client Components. To fix, mark the file (or its parent) with the `"use client"` directive.
    Learn more: https://nextjs.org/docs/app/api-reference/directives/use-client
  4 | import { MapPin, Search } from "lucide-react";
  5 | import Link from "next/link";
> 6 | import { useMemo, useState } from "react";
    |                ^^^^^^^^
  7 |
  8 | const categories = [
  9 |   ["Biệt thự", "#biet-thu"],

Ecmascript file had an error @ http://localhost:3100/_next/static/chunks/node_modules_next_dist_1gdrd03._.js:1945
[  520902ms] [ERROR] ./src/app/du-an/page.tsx:6:16
You're importing a module that depends on `useState` into a React Server Component module. This API is only available in Client Components. To fix, mark the file (or its parent) with the `"use client"` directive.
    Learn more: https://nextjs.org/docs/app/api-reference/directives/use-client
  4 | import { MapPin, Search } from "lucide-react";
  5 | import Link from "next/link";
> 6 | import { useMemo, useState } from "react";
    |                ^^^^^^^^
  7 |
  8 | const categories = [
  9 |   ["Biệt thự", "#biet-thu"],

Ecmascript file had an error @ http://localhost:3100/_next/static/chunks/node_modules_next_dist_1gdrd03._.js:1945
[  520967ms] [ERROR] ./src/app/du-an/page.tsx:6:16
You're importing a module that depends on `useState` into a React Server Component module. This API is only available in Client Components. To fix, mark the file (or its parent) with the `"use client"` directive.
    Learn more: https://nextjs.org/docs/app/api-reference/directives/use-client
  4 | import { MapPin, Search } from "lucide-react";
  5 | import Link from "next/link";
> 6 | import { useMemo, useState } from "react";
    |                ^^^^^^^^
  7 |
  8 | const categories = [
  9 |   ["Biệt thự", "#biet-thu"],

Ecmascript file had an error @ http://localhost:3100/_next/static/chunks/node_modules_next_dist_1gdrd03._.js:1945
[  521030ms] [ERROR] ./src/app/du-an/page.tsx:6:16
You're importing a module that depends on `useState` into a React Server Component module. This API is only available in Client Components. To fix, mark the file (or its parent) with the `"use client"` directive.
    Learn more: https://nextjs.org/docs/app/api-reference/directives/use-client
  4 | import { MapPin, Search } from "lucide-react";
  5 | import Link from "next/link";
> 6 | import { useMemo, useState } from "react";
    |                ^^^^^^^^
  7 |
  8 | const categories = [
  9 |   ["Biệt thự", "#biet-thu"],

Ecmascript file had an error @ http://localhost:3100/_next/static/chunks/node_modules_next_dist_1gdrd03._.js:1945
[  521092ms] [ERROR] ./src/app/du-an/page.tsx:6:16
You're importing a module that depends on `useState` into a React Server Component module. This API is only available in Client Components. To fix, mark the file (or its parent) with the `"use client"` directive.
    Learn more: https://nextjs.org/docs/app/api-reference/directives/use-client
  4 | import { MapPin, Search } from "lucide-react";
  5 | import Link from "next/link";
> 6 | import { useMemo, useState } from "react";
    |                ^^^^^^^^
  7 |
  8 | const categories = [
  9 |   ["Biệt thự", "#biet-thu"],

Ecmascript file had an error @ http://localhost:3100/_next/static/chunks/node_modules_next_dist_1gdrd03._.js:1945
[  521155ms] [ERROR] ./src/app/du-an/page.tsx:6:16
You're importing a module that depends on `useState` into a React Server Component module. This API is only available in Client Components. To fix, mark the file (or its parent) with the `"use client"` directive.
    Learn more: https://nextjs.org/docs/app/api-reference/directives/use-client
  4 | import { MapPin, Search } from "lucide-react";
  5 | import Link from "next/link";
> 6 | import { useMemo, useState } from "react";
    |                ^^^^^^^^
  7 |
  8 | const categories = [
  9 |   ["Biệt thự", "#biet-thu"],

Ecmascript file had an error @ http://localhost:3100/_next/static/chunks/node_modules_next_dist_1gdrd03._.js:1945
[  521217ms] [ERROR] ./src/app/du-an/page.tsx:6:16
You're importing a module that depends on `useState` into a React Server Component module. This API is only available in Client Components. To fix, mark the file (or its parent) with the `"use client"` directive.
    Learn more: https://nextjs.org/docs/app/api-reference/directives/use-client
  4 | import { MapPin, Search } from "lucide-react";
  5 | import Link from "next/link";
> 6 | import { useMemo, useState } from "react";
    |                ^^^^^^^^
  7 |
  8 | const categories = [
  9 |   ["Biệt thự", "#biet-thu"],

Ecmascript file had an error @ http://localhost:3100/_next/static/chunks/node_modules_next_dist_1gdrd03._.js:1945
[  521279ms] [ERROR] ./src/app/du-an/page.tsx:6:16
You're importing a module that depends on `useState` into a React Server Component module. This API is only available in Client Components. To fix, mark the file (or its parent) with the `"use client"` directive.
    Learn more: https://nextjs.org/docs/app/api-reference/directives/use-client
  4 | import { MapPin, Search } from "lucide-react";
  5 | import Link from "next/link";
> 6 | import { useMemo, useState } from "react";
    |                ^^^^^^^^
  7 |
  8 | const categories = [
  9 |   ["Biệt thự", "#biet-thu"],

Ecmascript file had an error @ http://localhost:3100/_next/static/chunks/node_modules_next_dist_1gdrd03._.js:1945
[  521342ms] [ERROR] ./src/app/du-an/page.tsx:6:16
You're importing a module that depends on `useState` into a React Server Component module. This API is only available in Client Components. To fix, mark the file (or its parent) with the `"use client"` directive.
    Learn more: https://nextjs.org/docs/app/api-reference/directives/use-client
  4 | import { MapPin, Search } from "lucide-react";
  5 | import Link from "next/link";
> 6 | import { useMemo, useState } from "react";
    |                ^^^^^^^^
  7 |
  8 | const categories = [
  9 |   ["Biệt thự", "#biet-thu"],

Ecmascript file had an error @ http://localhost:3100/_next/static/chunks/node_modules_next_dist_1gdrd03._.js:1945
[  521405ms] [ERROR] ./src/app/du-an/page.tsx:6:16
You're importing a module that depends on `useState` into a React Server Component module. This API is only available in Client Components. To fix, mark the file (or its parent) with the `"use client"` directive.
    Learn more: https://nextjs.org/docs/app/api-reference/directives/use-client
  4 | import { MapPin, Search } from "lucide-react";
  5 | import Link from "next/link";
> 6 | import { useMemo, useState } from "react";
    |                ^^^^^^^^
  7 |
  8 | const categories = [
  9 |   ["Biệt thự", "#biet-thu"],

Ecmascript file had an error @ http://localhost:3100/_next/static/chunks/node_modules_next_dist_1gdrd03._.js:1945
[  521469ms] [ERROR] ./src/app/du-an/page.tsx:6:16
You're importing a module that depends on `useState` into a React Server Component module. This API is only available in Client Components. To fix, mark the file (or its parent) with the `"use client"` directive.
    Learn more: https://nextjs.org/docs/app/api-reference/directives/use-client
  4 | import { MapPin, Search } from "lucide-react";
  5 | import Link from "next/link";
> 6 | import { useMemo, useState } from "react";
    |                ^^^^^^^^
  7 |
  8 | const categories = [
  9 |   ["Biệt thự", "#biet-thu"],

Ecmascript file had an error @ http://localhost:3100/_next/static/chunks/node_modules_next_dist_1gdrd03._.js:1945
[  521532ms] [ERROR] ./src/app/du-an/page.tsx:6:16
You're importing a module that depends on `useState` into a React Server Component module. This API is only available in Client Components. To fix, mark the file (or its parent) with the `"use client"` directive.
    Learn more: https://nextjs.org/docs/app/api-reference/directives/use-client
  4 | import { MapPin, Search } from "lucide-react";
  5 | import Link from "next/link";
> 6 | import { useMemo, useState } from "react";
    |                ^^^^^^^^
  7 |
  8 | const categories = [
  9 |   ["Biệt thự", "#biet-thu"],

Ecmascript file had an error @ http://localhost:3100/_next/static/chunks/node_modules_next_dist_1gdrd03._.js:1945
[  521594ms] [ERROR] ./src/app/du-an/page.tsx:6:16
You're importing a module that depends on `useState` into a React Server Component module. This API is only available in Client Components. To fix, mark the file (or its parent) with the `"use client"` directive.
    Learn more: https://nextjs.org/docs/app/api-reference/directives/use-client
  4 | import { MapPin, Search } from "lucide-react";
  5 | import Link from "next/link";
> 6 | import { useMemo, useState } from "react";
    |                ^^^^^^^^
  7 |
  8 | const categories = [
  9 |   ["Biệt thự", "#biet-thu"],

Ecmascript file had an error @ http://localhost:3100/_next/static/chunks/node_modules_next_dist_1gdrd03._.js:1945
[  521655ms] [ERROR] ./src/app/du-an/page.tsx:6:16
You're importing a module that depends on `useState` into a React Server Component module. This API is only available in Client Components. To fix, mark the file (or its parent) with the `"use client"` directive.
    Learn more: https://nextjs.org/docs/app/api-reference/directives/use-client
  4 | import { MapPin, Search } from "lucide-react";
  5 | import Link from "next/link";
> 6 | import { useMemo, useState } from "react";
    |                ^^^^^^^^
  7 |
  8 | const categories = [
  9 |   ["Biệt thự", "#biet-thu"],

Ecmascript file had an error @ http://localhost:3100/_next/static/chunks/node_modules_next_dist_1gdrd03._.js:1945
[  521719ms] [ERROR] ./src/app/du-an/page.tsx:6:16
You're importing a module that depends on `useState` into a React Server Component module. This API is only available in Client Components. To fix, mark the file (or its parent) with the `"use client"` directive.
    Learn more: https://nextjs.org/docs/app/api-reference/directives/use-client
  4 | import { MapPin, Search } from "lucide-react";
  5 | import Link from "next/link";
> 6 | import { useMemo, useState } from "react";
    |                ^^^^^^^^
  7 |
  8 | const categories = [
  9 |   ["Biệt thự", "#biet-thu"],

Ecmascript file had an error @ http://localhost:3100/_next/static/chunks/node_modules_next_dist_1gdrd03._.js:1945
[  521782ms] [ERROR] ./src/app/du-an/page.tsx:6:16
You're importing a module that depends on `useState` into a React Server Component module. This API is only available in Client Components. To fix, mark the file (or its parent) with the `"use client"` directive.
    Learn more: https://nextjs.org/docs/app/api-reference/directives/use-client
  4 | import { MapPin, Search } from "lucide-react";
  5 | import Link from "next/link";
> 6 | import { useMemo, useState } from "react";
    |                ^^^^^^^^
  7 |
  8 | const categories = [
  9 |   ["Biệt thự", "#biet-thu"],

Ecmascript file had an error @ http://localhost:3100/_next/static/chunks/node_modules_next_dist_1gdrd03._.js:1945
[  521844ms] [ERROR] ./src/app/du-an/page.tsx:6:16
You're importing a module that depends on `useState` into a React Server Component module. This API is only available in Client Components. To fix, mark the file (or its parent) with the `"use client"` directive.
    Learn more: https://nextjs.org/docs/app/api-reference/directives/use-client
  4 | import { MapPin, Search } from "lucide-react";
  5 | import Link from "next/link";
> 6 | import { useMemo, useState } from "react";
    |                ^^^^^^^^
  7 |
  8 | const categories = [
  9 |   ["Biệt thự", "#biet-thu"],

Ecmascript file had an error @ http://localhost:3100/_next/static/chunks/node_modules_next_dist_1gdrd03._.js:1945
[  521907ms] [ERROR] ./src/app/du-an/page.tsx:6:16
You're importing a module that depends on `useState` into a React Server Component module. This API is only available in Client Components. To fix, mark the file (or its parent) with the `"use client"` directive.
    Learn more: https://nextjs.org/docs/app/api-reference/directives/use-client
  4 | import { MapPin, Search } from "lucide-react";
  5 | import Link from "next/link";
> 6 | import { useMemo, useState } from "react";
    |                ^^^^^^^^
  7 |
  8 | const categories = [
  9 |   ["Biệt thự", "#biet-thu"],

Ecmascript file had an error @ http://localhost:3100/_next/static/chunks/node_modules_next_dist_1gdrd03._.js:1945
[  521970ms] [ERROR] ./src/app/du-an/page.tsx:6:16
You're importing a module that depends on `useState` into a React Server Component module. This API is only available in Client Components. To fix, mark the file (or its parent) with the `"use client"` directive.
    Learn more: https://nextjs.org/docs/app/api-reference/directives/use-client
  4 | import { MapPin, Search } from "lucide-react";
  5 | import Link from "next/link";
> 6 | import { useMemo, useState } from "react";
    |                ^^^^^^^^
  7 |
  8 | const categories = [
  9 |   ["Biệt thự", "#biet-thu"],

Ecmascript file had an error @ http://localhost:3100/_next/static/chunks/node_modules_next_dist_1gdrd03._.js:1945
[  522033ms] [ERROR] ./src/app/du-an/page.tsx:6:16
You're importing a module that depends on `useState` into a React Server Component module. This API is only available in Client Components. To fix, mark the file (or its parent) with the `"use client"` directive.
    Learn more: https://nextjs.org/docs/app/api-reference/directives/use-client
  4 | import { MapPin, Search } from "lucide-react";
  5 | import Link from "next/link";
> 6 | import { useMemo, useState } from "react";
    |                ^^^^^^^^
  7 |
  8 | const categories = [
  9 |   ["Biệt thự", "#biet-thu"],

Ecmascript file had an error @ http://localhost:3100/_next/static/chunks/node_modules_next_dist_1gdrd03._.js:1945
[  522097ms] [ERROR] ./src/app/du-an/page.tsx:6:16
You're importing a module that depends on `useState` into a React Server Component module. This API is only available in Client Components. To fix, mark the file (or its parent) with the `"use client"` directive.
    Learn more: https://nextjs.org/docs/app/api-reference/directives/use-client
  4 | import { MapPin, Search } from "lucide-react";
  5 | import Link from "next/link";
> 6 | import { useMemo, useState } from "react";
    |                ^^^^^^^^
  7 |
  8 | const categories = [
  9 |   ["Biệt thự", "#biet-thu"],

Ecmascript file had an error @ http://localhost:3100/_next/static/chunks/node_modules_next_dist_1gdrd03._.js:1945
[  522159ms] [ERROR] ./src/app/du-an/page.tsx:6:16
You're importing a module that depends on `useState` into a React Server Component module. This API is only available in Client Components. To fix, mark the file (or its parent) with the `"use client"` directive.
    Learn more: https://nextjs.org/docs/app/api-reference/directives/use-client
  4 | import { MapPin, Search } from "lucide-react";
  5 | import Link from "next/link";
> 6 | import { useMemo, useState } from "react";
    |                ^^^^^^^^
  7 |
  8 | const categories = [
  9 |   ["Biệt thự", "#biet-thu"],

Ecmascript file had an error @ http://localhost:3100/_next/static/chunks/node_modules_next_dist_1gdrd03._.js:1945
[  522222ms] [ERROR] ./src/app/du-an/page.tsx:6:16
You're importing a module that depends on `useState` into a React Server Component module. This API is only available in Client Components. To fix, mark the file (or its parent) with the `"use client"` directive.
    Learn more: https://nextjs.org/docs/app/api-reference/directives/use-client
  4 | import { MapPin, Search } from "lucide-react";
  5 | import Link from "next/link";
> 6 | import { useMemo, useState } from "react";
    |                ^^^^^^^^
  7 |
  8 | const categories = [
  9 |   ["Biệt thự", "#biet-thu"],

Ecmascript file had an error @ http://localhost:3100/_next/static/chunks/node_modules_next_dist_1gdrd03._.js:1945
[  522284ms] [ERROR] ./src/app/du-an/page.tsx:6:16
You're importing a module that depends on `useState` into a React Server Component module. This API is only available in Client Components. To fix, mark the file (or its parent) with the `"use client"` directive.
    Learn more: https://nextjs.org/docs/app/api-reference/directives/use-client
  4 | import { MapPin, Search } from "lucide-react";
  5 | import Link from "next/link";
> 6 | import { useMemo, useState } from "react";
    |                ^^^^^^^^
  7 |
  8 | const categories = [
  9 |   ["Biệt thự", "#biet-thu"],

Ecmascript file had an error @ http://localhost:3100/_next/static/chunks/node_modules_next_dist_1gdrd03._.js:1945
[  522346ms] [ERROR] ./src/app/du-an/page.tsx:6:16
You're importing a module that depends on `useState` into a React Server Component module. This API is only available in Client Components. To fix, mark the file (or its parent) with the `"use client"` directive.
    Learn more: https://nextjs.org/docs/app/api-reference/directives/use-client
  4 | import { MapPin, Search } from "lucide-react";
  5 | import Link from "next/link";
> 6 | import { useMemo, useState } from "react";
    |                ^^^^^^^^
  7 |
  8 | const categories = [
  9 |   ["Biệt thự", "#biet-thu"],

Ecmascript file had an error @ http://localhost:3100/_next/static/chunks/node_modules_next_dist_1gdrd03._.js:1945
[  522408ms] [ERROR] ./src/app/du-an/page.tsx:6:16
You're importing a module that depends on `useState` into a React Server Component module. This API is only available in Client Components. To fix, mark the file (or its parent) with the `"use client"` directive.
    Learn more: https://nextjs.org/docs/app/api-reference/directives/use-client
  4 | import { MapPin, Search } from "lucide-react";
  5 | import Link from "next/link";
> 6 | import { useMemo, useState } from "react";
    |                ^^^^^^^^
  7 |
  8 | const categories = [
  9 |   ["Biệt thự", "#biet-thu"],

Ecmascript file had an error @ http://localhost:3100/_next/static/chunks/node_modules_next_dist_1gdrd03._.js:1945
[  522478ms] [ERROR] ./src/app/du-an/page.tsx:6:16
You're importing a module that depends on `useState` into a React Server Component module. This API is only available in Client Components. To fix, mark the file (or its parent) with the `"use client"` directive.
    Learn more: https://nextjs.org/docs/app/api-reference/directives/use-client
  4 | import { MapPin, Search } from "lucide-react";
  5 | import Link from "next/link";
> 6 | import { useMemo, useState } from "react";
    |                ^^^^^^^^
  7 |
  8 | const categories = [
  9 |   ["Biệt thự", "#biet-thu"],

Ecmascript file had an error @ http://localhost:3100/_next/static/chunks/node_modules_next_dist_1gdrd03._.js:1945
[  522539ms] [ERROR] ./src/app/du-an/page.tsx:6:16
You're importing a module that depends on `useState` into a React Server Component module. This API is only available in Client Components. To fix, mark the file (or its parent) with the `"use client"` directive.
    Learn more: https://nextjs.org/docs/app/api-reference/directives/use-client
  4 | import { MapPin, Search } from "lucide-react";
  5 | import Link from "next/link";
> 6 | import { useMemo, useState } from "react";
    |                ^^^^^^^^
  7 |
  8 | const categories = [
  9 |   ["Biệt thự", "#biet-thu"],

Ecmascript file had an error @ http://localhost:3100/_next/static/chunks/node_modules_next_dist_1gdrd03._.js:1945
[  522597ms] [ERROR] ./src/app/du-an/page.tsx:6:16
You're importing a module that depends on `useState` into a React Server Component module. This API is only available in Client Components. To fix, mark the file (or its parent) with the `"use client"` directive.
    Learn more: https://nextjs.org/docs/app/api-reference/directives/use-client
  4 | import { MapPin, Search } from "lucide-react";
  5 | import Link from "next/link";
> 6 | import { useMemo, useState } from "react";
    |                ^^^^^^^^
  7 |
  8 | const categories = [
  9 |   ["Biệt thự", "#biet-thu"],

Ecmascript file had an error @ http://localhost:3100/_next/static/chunks/node_modules_next_dist_1gdrd03._.js:1945
[  522658ms] [ERROR] ./src/app/du-an/page.tsx:6:16
You're importing a module that depends on `useState` into a React Server Component module. This API is only available in Client Components. To fix, mark the file (or its parent) with the `"use client"` directive.
    Learn more: https://nextjs.org/docs/app/api-reference/directives/use-client
  4 | import { MapPin, Search } from "lucide-react";
  5 | import Link from "next/link";
> 6 | import { useMemo, useState } from "react";
    |                ^^^^^^^^
  7 |
  8 | const categories = [
  9 |   ["Biệt thự", "#biet-thu"],

Ecmascript file had an error @ http://localhost:3100/_next/static/chunks/node_modules_next_dist_1gdrd03._.js:1945
[  522721ms] [ERROR] ./src/app/du-an/page.tsx:6:16
You're importing a module that depends on `useState` into a React Server Component module. This API is only available in Client Components. To fix, mark the file (or its parent) with the `"use client"` directive.
    Learn more: https://nextjs.org/docs/app/api-reference/directives/use-client
  4 | import { MapPin, Search } from "lucide-react";
  5 | import Link from "next/link";
> 6 | import { useMemo, useState } from "react";
    |                ^^^^^^^^
  7 |
  8 | const categories = [
  9 |   ["Biệt thự", "#biet-thu"],

Ecmascript file had an error @ http://localhost:3100/_next/static/chunks/node_modules_next_dist_1gdrd03._.js:1945
[  522784ms] [ERROR] ./src/app/du-an/page.tsx:6:16
You're importing a module that depends on `useState` into a React Server Component module. This API is only available in Client Components. To fix, mark the file (or its parent) with the `"use client"` directive.
    Learn more: https://nextjs.org/docs/app/api-reference/directives/use-client
  4 | import { MapPin, Search } from "lucide-react";
  5 | import Link from "next/link";
> 6 | import { useMemo, useState } from "react";
    |                ^^^^^^^^
  7 |
  8 | const categories = [
  9 |   ["Biệt thự", "#biet-thu"],

Ecmascript file had an error @ http://localhost:3100/_next/static/chunks/node_modules_next_dist_1gdrd03._.js:1945
[  522845ms] [ERROR] ./src/app/du-an/page.tsx:6:16
You're importing a module that depends on `useState` into a React Server Component module. This API is only available in Client Components. To fix, mark the file (or its parent) with the `"use client"` directive.
    Learn more: https://nextjs.org/docs/app/api-reference/directives/use-client
  4 | import { MapPin, Search } from "lucide-react";
  5 | import Link from "next/link";
> 6 | import { useMemo, useState } from "react";
    |                ^^^^^^^^
  7 |
  8 | const categories = [
  9 |   ["Biệt thự", "#biet-thu"],

Ecmascript file had an error @ http://localhost:3100/_next/static/chunks/node_modules_next_dist_1gdrd03._.js:1945
[  522908ms] [ERROR] ./src/app/du-an/page.tsx:6:16
You're importing a module that depends on `useState` into a React Server Component module. This API is only available in Client Components. To fix, mark the file (or its parent) with the `"use client"` directive.
    Learn more: https://nextjs.org/docs/app/api-reference/directives/use-client
  4 | import { MapPin, Search } from "lucide-react";
  5 | import Link from "next/link";
> 6 | import { useMemo, useState } from "react";
    |                ^^^^^^^^
  7 |
  8 | const categories = [
  9 |   ["Biệt thự", "#biet-thu"],

Ecmascript file had an error @ http://localhost:3100/_next/static/chunks/node_modules_next_dist_1gdrd03._.js:1945
[  522970ms] [ERROR] ./src/app/du-an/page.tsx:6:16
You're importing a module that depends on `useState` into a React Server Component module. This API is only available in Client Components. To fix, mark the file (or its parent) with the `"use client"` directive.
    Learn more: https://nextjs.org/docs/app/api-reference/directives/use-client
  4 | import { MapPin, Search } from "lucide-react";
  5 | import Link from "next/link";
> 6 | import { useMemo, useState } from "react";
    |                ^^^^^^^^
  7 |
  8 | const categories = [
  9 |   ["Biệt thự", "#biet-thu"],

Ecmascript file had an error @ http://localhost:3100/_next/static/chunks/node_modules_next_dist_1gdrd03._.js:1945
[  523032ms] [ERROR] ./src/app/du-an/page.tsx:6:16
You're importing a module that depends on `useState` into a React Server Component module. This API is only available in Client Components. To fix, mark the file (or its parent) with the `"use client"` directive.
    Learn more: https://nextjs.org/docs/app/api-reference/directives/use-client
  4 | import { MapPin, Search } from "lucide-react";
  5 | import Link from "next/link";
> 6 | import { useMemo, useState } from "react";
    |                ^^^^^^^^
  7 |
  8 | const categories = [
  9 |   ["Biệt thự", "#biet-thu"],

Ecmascript file had an error @ http://localhost:3100/_next/static/chunks/node_modules_next_dist_1gdrd03._.js:1945
[  523093ms] [ERROR] ./src/app/du-an/page.tsx:6:16
You're importing a module that depends on `useState` into a React Server Component module. This API is only available in Client Components. To fix, mark the file (or its parent) with the `"use client"` directive.
    Learn more: https://nextjs.org/docs/app/api-reference/directives/use-client
  4 | import { MapPin, Search } from "lucide-react";
  5 | import Link from "next/link";
> 6 | import { useMemo, useState } from "react";
    |                ^^^^^^^^
  7 |
  8 | const categories = [
  9 |   ["Biệt thự", "#biet-thu"],

Ecmascript file had an error @ http://localhost:3100/_next/static/chunks/node_modules_next_dist_1gdrd03._.js:1945
[  523155ms] [ERROR] ./src/app/du-an/page.tsx:6:16
You're importing a module that depends on `useState` into a React Server Component module. This API is only available in Client Components. To fix, mark the file (or its parent) with the `"use client"` directive.
    Learn more: https://nextjs.org/docs/app/api-reference/directives/use-client
  4 | import { MapPin, Search } from "lucide-react";
  5 | import Link from "next/link";
> 6 | import { useMemo, useState } from "react";
    |                ^^^^^^^^
  7 |
  8 | const categories = [
  9 |   ["Biệt thự", "#biet-thu"],

Ecmascript file had an error @ http://localhost:3100/_next/static/chunks/node_modules_next_dist_1gdrd03._.js:1945
[  523216ms] [ERROR] ./src/app/du-an/page.tsx:6:16
You're importing a module that depends on `useState` into a React Server Component module. This API is only available in Client Components. To fix, mark the file (or its parent) with the `"use client"` directive.
    Learn more: https://nextjs.org/docs/app/api-reference/directives/use-client
  4 | import { MapPin, Search } from "lucide-react";
  5 | import Link from "next/link";
> 6 | import { useMemo, useState } from "react";
    |                ^^^^^^^^
  7 |
  8 | const categories = [
  9 |   ["Biệt thự", "#biet-thu"],

Ecmascript file had an error @ http://localhost:3100/_next/static/chunks/node_modules_next_dist_1gdrd03._.js:1945
[  523280ms] [ERROR] ./src/app/du-an/page.tsx:6:16
You're importing a module that depends on `useState` into a React Server Component module. This API is only available in Client Components. To fix, mark the file (or its parent) with the `"use client"` directive.
    Learn more: https://nextjs.org/docs/app/api-reference/directives/use-client
  4 | import { MapPin, Search } from "lucide-react";
  5 | import Link from "next/link";
> 6 | import { useMemo, useState } from "react";
    |                ^^^^^^^^
  7 |
  8 | const categories = [
  9 |   ["Biệt thự", "#biet-thu"],

Ecmascript file had an error @ http://localhost:3100/_next/static/chunks/node_modules_next_dist_1gdrd03._.js:1945
[  523342ms] [ERROR] ./src/app/du-an/page.tsx:6:16
You're importing a module that depends on `useState` into a React Server Component module. This API is only available in Client Components. To fix, mark the file (or its parent) with the `"use client"` directive.
    Learn more: https://nextjs.org/docs/app/api-reference/directives/use-client
  4 | import { MapPin, Search } from "lucide-react";
  5 | import Link from "next/link";
> 6 | import { useMemo, useState } from "react";
    |                ^^^^^^^^
  7 |
  8 | const categories = [
  9 |   ["Biệt thự", "#biet-thu"],

Ecmascript file had an error @ http://localhost:3100/_next/static/chunks/node_modules_next_dist_1gdrd03._.js:1945
[  523405ms] [ERROR] ./src/app/du-an/page.tsx:6:16
You're importing a module that depends on `useState` into a React Server Component module. This API is only available in Client Components. To fix, mark the file (or its parent) with the `"use client"` directive.
    Learn more: https://nextjs.org/docs/app/api-reference/directives/use-client
  4 | import { MapPin, Search } from "lucide-react";
  5 | import Link from "next/link";
> 6 | import { useMemo, useState } from "react";
    |                ^^^^^^^^
  7 |
  8 | const categories = [
  9 |   ["Biệt thự", "#biet-thu"],

Ecmascript file had an error @ http://localhost:3100/_next/static/chunks/node_modules_next_dist_1gdrd03._.js:1945
[  523467ms] [ERROR] ./src/app/du-an/page.tsx:6:16
You're importing a module that depends on `useState` into a React Server Component module. This API is only available in Client Components. To fix, mark the file (or its parent) with the `"use client"` directive.
    Learn more: https://nextjs.org/docs/app/api-reference/directives/use-client
  4 | import { MapPin, Search } from "lucide-react";
  5 | import Link from "next/link";
> 6 | import { useMemo, useState } from "react";
    |                ^^^^^^^^
  7 |
  8 | const categories = [
  9 |   ["Biệt thự", "#biet-thu"],

Ecmascript file had an error @ http://localhost:3100/_next/static/chunks/node_modules_next_dist_1gdrd03._.js:1945
[  523530ms] [ERROR] ./src/app/du-an/page.tsx:6:16
You're importing a module that depends on `useState` into a React Server Component module. This API is only available in Client Components. To fix, mark the file (or its parent) with the `"use client"` directive.
    Learn more: https://nextjs.org/docs/app/api-reference/directives/use-client
  4 | import { MapPin, Search } from "lucide-react";
  5 | import Link from "next/link";
> 6 | import { useMemo, useState } from "react";
    |                ^^^^^^^^
  7 |
  8 | const categories = [
  9 |   ["Biệt thự", "#biet-thu"],

Ecmascript file had an error @ http://localhost:3100/_next/static/chunks/node_modules_next_dist_1gdrd03._.js:1945
[  523591ms] [ERROR] ./src/app/du-an/page.tsx:6:16
You're importing a module that depends on `useState` into a React Server Component module. This API is only available in Client Components. To fix, mark the file (or its parent) with the `"use client"` directive.
    Learn more: https://nextjs.org/docs/app/api-reference/directives/use-client
  4 | import { MapPin, Search } from "lucide-react";
  5 | import Link from "next/link";
> 6 | import { useMemo, useState } from "react";
    |                ^^^^^^^^
  7 |
  8 | const categories = [
  9 |   ["Biệt thự", "#biet-thu"],

Ecmascript file had an error @ http://localhost:3100/_next/static/chunks/node_modules_next_dist_1gdrd03._.js:1945
[  523652ms] [ERROR] ./src/app/du-an/page.tsx:6:16
You're importing a module that depends on `useState` into a React Server Component module. This API is only available in Client Components. To fix, mark the file (or its parent) with the `"use client"` directive.
    Learn more: https://nextjs.org/docs/app/api-reference/directives/use-client
  4 | import { MapPin, Search } from "lucide-react";
  5 | import Link from "next/link";
> 6 | import { useMemo, useState } from "react";
    |                ^^^^^^^^
  7 |
  8 | const categories = [
  9 |   ["Biệt thự", "#biet-thu"],

Ecmascript file had an error @ http://localhost:3100/_next/static/chunks/node_modules_next_dist_1gdrd03._.js:1945
[  523716ms] [ERROR] ./src/app/du-an/page.tsx:6:16
You're importing a module that depends on `useState` into a React Server Component module. This API is only available in Client Components. To fix, mark the file (or its parent) with the `"use client"` directive.
    Learn more: https://nextjs.org/docs/app/api-reference/directives/use-client
  4 | import { MapPin, Search } from "lucide-react";
  5 | import Link from "next/link";
> 6 | import { useMemo, useState } from "react";
    |                ^^^^^^^^
  7 |
  8 | const categories = [
  9 |   ["Biệt thự", "#biet-thu"],

Ecmascript file had an error @ http://localhost:3100/_next/static/chunks/node_modules_next_dist_1gdrd03._.js:1945
[  523778ms] [ERROR] ./src/app/du-an/page.tsx:6:16
You're importing a module that depends on `useState` into a React Server Component module. This API is only available in Client Components. To fix, mark the file (or its parent) with the `"use client"` directive.
    Learn more: https://nextjs.org/docs/app/api-reference/directives/use-client
  4 | import { MapPin, Search } from "lucide-react";
  5 | import Link from "next/link";
> 6 | import { useMemo, useState } from "react";
    |                ^^^^^^^^
  7 |
  8 | const categories = [
  9 |   ["Biệt thự", "#biet-thu"],

Ecmascript file had an error @ http://localhost:3100/_next/static/chunks/node_modules_next_dist_1gdrd03._.js:1945
[  523841ms] [ERROR] ./src/app/du-an/page.tsx:6:16
You're importing a module that depends on `useState` into a React Server Component module. This API is only available in Client Components. To fix, mark the file (or its parent) with the `"use client"` directive.
    Learn more: https://nextjs.org/docs/app/api-reference/directives/use-client
  4 | import { MapPin, Search } from "lucide-react";
  5 | import Link from "next/link";
> 6 | import { useMemo, useState } from "react";
    |                ^^^^^^^^
  7 |
  8 | const categories = [
  9 |   ["Biệt thự", "#biet-thu"],

Ecmascript file had an error @ http://localhost:3100/_next/static/chunks/node_modules_next_dist_1gdrd03._.js:1945
[  523903ms] [ERROR] ./src/app/du-an/page.tsx:6:16
You're importing a module that depends on `useState` into a React Server Component module. This API is only available in Client Components. To fix, mark the file (or its parent) with the `"use client"` directive.
    Learn more: https://nextjs.org/docs/app/api-reference/directives/use-client
  4 | import { MapPin, Search } from "lucide-react";
  5 | import Link from "next/link";
> 6 | import { useMemo, useState } from "react";
    |                ^^^^^^^^
  7 |
  8 | const categories = [
  9 |   ["Biệt thự", "#biet-thu"],

Ecmascript file had an error @ http://localhost:3100/_next/static/chunks/node_modules_next_dist_1gdrd03._.js:1945
[  523966ms] [ERROR] ./src/app/du-an/page.tsx:6:16
You're importing a module that depends on `useState` into a React Server Component module. This API is only available in Client Components. To fix, mark the file (or its parent) with the `"use client"` directive.
    Learn more: https://nextjs.org/docs/app/api-reference/directives/use-client
  4 | import { MapPin, Search } from "lucide-react";
  5 | import Link from "next/link";
> 6 | import { useMemo, useState } from "react";
    |                ^^^^^^^^
  7 |
  8 | const categories = [
  9 |   ["Biệt thự", "#biet-thu"],

Ecmascript file had an error @ http://localhost:3100/_next/static/chunks/node_modules_next_dist_1gdrd03._.js:1945
[  524027ms] [ERROR] ./src/app/du-an/page.tsx:6:16
You're importing a module that depends on `useState` into a React Server Component module. This API is only available in Client Components. To fix, mark the file (or its parent) with the `"use client"` directive.
    Learn more: https://nextjs.org/docs/app/api-reference/directives/use-client
  4 | import { MapPin, Search } from "lucide-react";
  5 | import Link from "next/link";
> 6 | import { useMemo, useState } from "react";
    |                ^^^^^^^^
  7 |
  8 | const categories = [
  9 |   ["Biệt thự", "#biet-thu"],

Ecmascript file had an error @ http://localhost:3100/_next/static/chunks/node_modules_next_dist_1gdrd03._.js:1945
[  524089ms] [ERROR] ./src/app/du-an/page.tsx:6:16
You're importing a module that depends on `useState` into a React Server Component module. This API is only available in Client Components. To fix, mark the file (or its parent) with the `"use client"` directive.
    Learn more: https://nextjs.org/docs/app/api-reference/directives/use-client
  4 | import { MapPin, Search } from "lucide-react";
  5 | import Link from "next/link";
> 6 | import { useMemo, useState } from "react";
    |                ^^^^^^^^
  7 |
  8 | const categories = [
  9 |   ["Biệt thự", "#biet-thu"],

Ecmascript file had an error @ http://localhost:3100/_next/static/chunks/node_modules_next_dist_1gdrd03._.js:1945
[  524152ms] [ERROR] ./src/app/du-an/page.tsx:6:16
You're importing a module that depends on `useState` into a React Server Component module. This API is only available in Client Components. To fix, mark the file (or its parent) with the `"use client"` directive.
    Learn more: https://nextjs.org/docs/app/api-reference/directives/use-client
  4 | import { MapPin, Search } from "lucide-react";
  5 | import Link from "next/link";
> 6 | import { useMemo, useState } from "react";
    |                ^^^^^^^^
  7 |
  8 | const categories = [
  9 |   ["Biệt thự", "#biet-thu"],

Ecmascript file had an error @ http://localhost:3100/_next/static/chunks/node_modules_next_dist_1gdrd03._.js:1945
[  524215ms] [ERROR] ./src/app/du-an/page.tsx:6:16
You're importing a module that depends on `useState` into a React Server Component module. This API is only available in Client Components. To fix, mark the file (or its parent) with the `"use client"` directive.
    Learn more: https://nextjs.org/docs/app/api-reference/directives/use-client
  4 | import { MapPin, Search } from "lucide-react";
  5 | import Link from "next/link";
> 6 | import { useMemo, useState } from "react";
    |                ^^^^^^^^
  7 |
  8 | const categories = [
  9 |   ["Biệt thự", "#biet-thu"],

Ecmascript file had an error @ http://localhost:3100/_next/static/chunks/node_modules_next_dist_1gdrd03._.js:1945
[  524277ms] [ERROR] ./src/app/du-an/page.tsx:6:16
You're importing a module that depends on `useState` into a React Server Component module. This API is only available in Client Components. To fix, mark the file (or its parent) with the `"use client"` directive.
    Learn more: https://nextjs.org/docs/app/api-reference/directives/use-client
  4 | import { MapPin, Search } from "lucide-react";
  5 | import Link from "next/link";
> 6 | import { useMemo, useState } from "react";
    |                ^^^^^^^^
  7 |
  8 | const categories = [
  9 |   ["Biệt thự", "#biet-thu"],

Ecmascript file had an error @ http://localhost:3100/_next/static/chunks/node_modules_next_dist_1gdrd03._.js:1945
[  524339ms] [ERROR] ./src/app/du-an/page.tsx:6:16
You're importing a module that depends on `useState` into a React Server Component module. This API is only available in Client Components. To fix, mark the file (or its parent) with the `"use client"` directive.
    Learn more: https://nextjs.org/docs/app/api-reference/directives/use-client
  4 | import { MapPin, Search } from "lucide-react";
  5 | import Link from "next/link";
> 6 | import { useMemo, useState } from "react";
    |                ^^^^^^^^
  7 |
  8 | const categories = [
  9 |   ["Biệt thự", "#biet-thu"],

Ecmascript file had an error @ http://localhost:3100/_next/static/chunks/node_modules_next_dist_1gdrd03._.js:1945
[  524400ms] [ERROR] ./src/app/du-an/page.tsx:6:16
You're importing a module that depends on `useState` into a React Server Component module. This API is only available in Client Components. To fix, mark the file (or its parent) with the `"use client"` directive.
    Learn more: https://nextjs.org/docs/app/api-reference/directives/use-client
  4 | import { MapPin, Search } from "lucide-react";
  5 | import Link from "next/link";
> 6 | import { useMemo, useState } from "react";
    |                ^^^^^^^^
  7 |
  8 | const categories = [
  9 |   ["Biệt thự", "#biet-thu"],

Ecmascript file had an error @ http://localhost:3100/_next/static/chunks/node_modules_next_dist_1gdrd03._.js:1945
[  524462ms] [ERROR] ./src/app/du-an/page.tsx:6:16
You're importing a module that depends on `useState` into a React Server Component module. This API is only available in Client Components. To fix, mark the file (or its parent) with the `"use client"` directive.
    Learn more: https://nextjs.org/docs/app/api-reference/directives/use-client
  4 | import { MapPin, Search } from "lucide-react";
  5 | import Link from "next/link";
> 6 | import { useMemo, useState } from "react";
    |                ^^^^^^^^
  7 |
  8 | const categories = [
  9 |   ["Biệt thự", "#biet-thu"],

Ecmascript file had an error @ http://localhost:3100/_next/static/chunks/node_modules_next_dist_1gdrd03._.js:1945
[  524523ms] [ERROR] ./src/app/du-an/page.tsx:6:16
You're importing a module that depends on `useState` into a React Server Component module. This API is only available in Client Components. To fix, mark the file (or its parent) with the `"use client"` directive.
    Learn more: https://nextjs.org/docs/app/api-reference/directives/use-client
  4 | import { MapPin, Search } from "lucide-react";
  5 | import Link from "next/link";
> 6 | import { useMemo, useState } from "react";
    |                ^^^^^^^^
  7 |
  8 | const categories = [
  9 |   ["Biệt thự", "#biet-thu"],

Ecmascript file had an error @ http://localhost:3100/_next/static/chunks/node_modules_next_dist_1gdrd03._.js:1945
[  524586ms] [ERROR] ./src/app/du-an/page.tsx:6:16
You're importing a module that depends on `useState` into a React Server Component module. This API is only available in Client Components. To fix, mark the file (or its parent) with the `"use client"` directive.
    Learn more: https://nextjs.org/docs/app/api-reference/directives/use-client
  4 | import { MapPin, Search } from "lucide-react";
  5 | import Link from "next/link";
> 6 | import { useMemo, useState } from "react";
    |                ^^^^^^^^
  7 |
  8 | const categories = [
  9 |   ["Biệt thự", "#biet-thu"],

Ecmascript file had an error @ http://localhost:3100/_next/static/chunks/node_modules_next_dist_1gdrd03._.js:1945
[  524650ms] [ERROR] ./src/app/du-an/page.tsx:6:16
You're importing a module that depends on `useState` into a React Server Component module. This API is only available in Client Components. To fix, mark the file (or its parent) with the `"use client"` directive.
    Learn more: https://nextjs.org/docs/app/api-reference/directives/use-client
  4 | import { MapPin, Search } from "lucide-react";
  5 | import Link from "next/link";
> 6 | import { useMemo, useState } from "react";
    |                ^^^^^^^^
  7 |
  8 | const categories = [
  9 |   ["Biệt thự", "#biet-thu"],

Ecmascript file had an error @ http://localhost:3100/_next/static/chunks/node_modules_next_dist_1gdrd03._.js:1945
[  524714ms] [ERROR] ./src/app/du-an/page.tsx:6:16
You're importing a module that depends on `useState` into a React Server Component module. This API is only available in Client Components. To fix, mark the file (or its parent) with the `"use client"` directive.
    Learn more: https://nextjs.org/docs/app/api-reference/directives/use-client
  4 | import { MapPin, Search } from "lucide-react";
  5 | import Link from "next/link";
> 6 | import { useMemo, useState } from "react";
    |                ^^^^^^^^
  7 |
  8 | const categories = [
  9 |   ["Biệt thự", "#biet-thu"],

Ecmascript file had an error @ http://localhost:3100/_next/static/chunks/node_modules_next_dist_1gdrd03._.js:1945
[  524776ms] [ERROR] ./src/app/du-an/page.tsx:6:16
You're importing a module that depends on `useState` into a React Server Component module. This API is only available in Client Components. To fix, mark the file (or its parent) with the `"use client"` directive.
    Learn more: https://nextjs.org/docs/app/api-reference/directives/use-client
  4 | import { MapPin, Search } from "lucide-react";
  5 | import Link from "next/link";
> 6 | import { useMemo, useState } from "react";
    |                ^^^^^^^^
  7 |
  8 | const categories = [
  9 |   ["Biệt thự", "#biet-thu"],

Ecmascript file had an error @ http://localhost:3100/_next/static/chunks/node_modules_next_dist_1gdrd03._.js:1945
[  524838ms] [ERROR] ./src/app/du-an/page.tsx:6:16
You're importing a module that depends on `useState` into a React Server Component module. This API is only available in Client Components. To fix, mark the file (or its parent) with the `"use client"` directive.
    Learn more: https://nextjs.org/docs/app/api-reference/directives/use-client
  4 | import { MapPin, Search } from "lucide-react";
  5 | import Link from "next/link";
> 6 | import { useMemo, useState } from "react";
    |                ^^^^^^^^
  7 |
  8 | const categories = [
  9 |   ["Biệt thự", "#biet-thu"],

Ecmascript file had an error @ http://localhost:3100/_next/static/chunks/node_modules_next_dist_1gdrd03._.js:1945
[  524900ms] [ERROR] ./src/app/du-an/page.tsx:6:16
You're importing a module that depends on `useState` into a React Server Component module. This API is only available in Client Components. To fix, mark the file (or its parent) with the `"use client"` directive.
    Learn more: https://nextjs.org/docs/app/api-reference/directives/use-client
  4 | import { MapPin, Search } from "lucide-react";
  5 | import Link from "next/link";
> 6 | import { useMemo, useState } from "react";
    |                ^^^^^^^^
  7 |
  8 | const categories = [
  9 |   ["Biệt thự", "#biet-thu"],

Ecmascript file had an error @ http://localhost:3100/_next/static/chunks/node_modules_next_dist_1gdrd03._.js:1945
[  524963ms] [ERROR] ./src/app/du-an/page.tsx:6:16
You're importing a module that depends on `useState` into a React Server Component module. This API is only available in Client Components. To fix, mark the file (or its parent) with the `"use client"` directive.
    Learn more: https://nextjs.org/docs/app/api-reference/directives/use-client
  4 | import { MapPin, Search } from "lucide-react";
  5 | import Link from "next/link";
> 6 | import { useMemo, useState } from "react";
    |                ^^^^^^^^
  7 |
  8 | const categories = [
  9 |   ["Biệt thự", "#biet-thu"],

Ecmascript file had an error @ http://localhost:3100/_next/static/chunks/node_modules_next_dist_1gdrd03._.js:1945
[  525026ms] [ERROR] ./src/app/du-an/page.tsx:6:16
You're importing a module that depends on `useState` into a React Server Component module. This API is only available in Client Components. To fix, mark the file (or its parent) with the `"use client"` directive.
    Learn more: https://nextjs.org/docs/app/api-reference/directives/use-client
  4 | import { MapPin, Search } from "lucide-react";
  5 | import Link from "next/link";
> 6 | import { useMemo, useState } from "react";
    |                ^^^^^^^^
  7 |
  8 | const categories = [
  9 |   ["Biệt thự", "#biet-thu"],

Ecmascript file had an error @ http://localhost:3100/_next/static/chunks/node_modules_next_dist_1gdrd03._.js:1945
[  525088ms] [ERROR] ./src/app/du-an/page.tsx:6:16
You're importing a module that depends on `useState` into a React Server Component module. This API is only available in Client Components. To fix, mark the file (or its parent) with the `"use client"` directive.
    Learn more: https://nextjs.org/docs/app/api-reference/directives/use-client
  4 | import { MapPin, Search } from "lucide-react";
  5 | import Link from "next/link";
> 6 | import { useMemo, useState } from "react";
    |                ^^^^^^^^
  7 |
  8 | const categories = [
  9 |   ["Biệt thự", "#biet-thu"],

Ecmascript file had an error @ http://localhost:3100/_next/static/chunks/node_modules_next_dist_1gdrd03._.js:1945
[  525151ms] [ERROR] ./src/app/du-an/page.tsx:6:16
You're importing a module that depends on `useState` into a React Server Component module. This API is only available in Client Components. To fix, mark the file (or its parent) with the `"use client"` directive.
    Learn more: https://nextjs.org/docs/app/api-reference/directives/use-client
  4 | import { MapPin, Search } from "lucide-react";
  5 | import Link from "next/link";
> 6 | import { useMemo, useState } from "react";
    |                ^^^^^^^^
  7 |
  8 | const categories = [
  9 |   ["Biệt thự", "#biet-thu"],

Ecmascript file had an error @ http://localhost:3100/_next/static/chunks/node_modules_next_dist_1gdrd03._.js:1945
[  525215ms] [ERROR] ./src/app/du-an/page.tsx:6:16
You're importing a module that depends on `useState` into a React Server Component module. This API is only available in Client Components. To fix, mark the file (or its parent) with the `"use client"` directive.
    Learn more: https://nextjs.org/docs/app/api-reference/directives/use-client
  4 | import { MapPin, Search } from "lucide-react";
  5 | import Link from "next/link";
> 6 | import { useMemo, useState } from "react";
    |                ^^^^^^^^
  7 |
  8 | const categories = [
  9 |   ["Biệt thự", "#biet-thu"],

Ecmascript file had an error @ http://localhost:3100/_next/static/chunks/node_modules_next_dist_1gdrd03._.js:1945
[  525277ms] [ERROR] ./src/app/du-an/page.tsx:6:16
You're importing a module that depends on `useState` into a React Server Component module. This API is only available in Client Components. To fix, mark the file (or its parent) with the `"use client"` directive.
    Learn more: https://nextjs.org/docs/app/api-reference/directives/use-client
  4 | import { MapPin, Search } from "lucide-react";
  5 | import Link from "next/link";
> 6 | import { useMemo, useState } from "react";
    |                ^^^^^^^^
  7 |
  8 | const categories = [
  9 |   ["Biệt thự", "#biet-thu"],

Ecmascript file had an error @ http://localhost:3100/_next/static/chunks/node_modules_next_dist_1gdrd03._.js:1945
[  525337ms] [ERROR] ./src/app/du-an/page.tsx:6:16
You're importing a module that depends on `useState` into a React Server Component module. This API is only available in Client Components. To fix, mark the file (or its parent) with the `"use client"` directive.
    Learn more: https://nextjs.org/docs/app/api-reference/directives/use-client
  4 | import { MapPin, Search } from "lucide-react";
  5 | import Link from "next/link";
> 6 | import { useMemo, useState } from "react";
    |                ^^^^^^^^
  7 |
  8 | const categories = [
  9 |   ["Biệt thự", "#biet-thu"],

Ecmascript file had an error @ http://localhost:3100/_next/static/chunks/node_modules_next_dist_1gdrd03._.js:1945
[  525400ms] [ERROR] ./src/app/du-an/page.tsx:6:16
You're importing a module that depends on `useState` into a React Server Component module. This API is only available in Client Components. To fix, mark the file (or its parent) with the `"use client"` directive.
    Learn more: https://nextjs.org/docs/app/api-reference/directives/use-client
  4 | import { MapPin, Search } from "lucide-react";
  5 | import Link from "next/link";
> 6 | import { useMemo, useState } from "react";
    |                ^^^^^^^^
  7 |
  8 | const categories = [
  9 |   ["Biệt thự", "#biet-thu"],

Ecmascript file had an error @ http://localhost:3100/_next/static/chunks/node_modules_next_dist_1gdrd03._.js:1945
[  525463ms] [ERROR] ./src/app/du-an/page.tsx:6:16
You're importing a module that depends on `useState` into a React Server Component module. This API is only available in Client Components. To fix, mark the file (or its parent) with the `"use client"` directive.
    Learn more: https://nextjs.org/docs/app/api-reference/directives/use-client
  4 | import { MapPin, Search } from "lucide-react";
  5 | import Link from "next/link";
> 6 | import { useMemo, useState } from "react";
    |                ^^^^^^^^
  7 |
  8 | const categories = [
  9 |   ["Biệt thự", "#biet-thu"],

Ecmascript file had an error @ http://localhost:3100/_next/static/chunks/node_modules_next_dist_1gdrd03._.js:1945
[  525522ms] [ERROR] ./src/app/du-an/page.tsx:6:16
You're importing a module that depends on `useState` into a React Server Component module. This API is only available in Client Components. To fix, mark the file (or its parent) with the `"use client"` directive.
    Learn more: https://nextjs.org/docs/app/api-reference/directives/use-client
  4 | import { MapPin, Search } from "lucide-react";
  5 | import Link from "next/link";
> 6 | import { useMemo, useState } from "react";
    |                ^^^^^^^^
  7 |
  8 | const categories = [
  9 |   ["Biệt thự", "#biet-thu"],

Ecmascript file had an error @ http://localhost:3100/_next/static/chunks/node_modules_next_dist_1gdrd03._.js:1945
[  525585ms] [ERROR] ./src/app/du-an/page.tsx:6:16
You're importing a module that depends on `useState` into a React Server Component module. This API is only available in Client Components. To fix, mark the file (or its parent) with the `"use client"` directive.
    Learn more: https://nextjs.org/docs/app/api-reference/directives/use-client
  4 | import { MapPin, Search } from "lucide-react";
  5 | import Link from "next/link";
> 6 | import { useMemo, useState } from "react";
    |                ^^^^^^^^
  7 |
  8 | const categories = [
  9 |   ["Biệt thự", "#biet-thu"],

Ecmascript file had an error @ http://localhost:3100/_next/static/chunks/node_modules_next_dist_1gdrd03._.js:1945
[  525649ms] [ERROR] ./src/app/du-an/page.tsx:6:16
You're importing a module that depends on `useState` into a React Server Component module. This API is only available in Client Components. To fix, mark the file (or its parent) with the `"use client"` directive.
    Learn more: https://nextjs.org/docs/app/api-reference/directives/use-client
  4 | import { MapPin, Search } from "lucide-react";
  5 | import Link from "next/link";
> 6 | import { useMemo, useState } from "react";
    |                ^^^^^^^^
  7 |
  8 | const categories = [
  9 |   ["Biệt thự", "#biet-thu"],

Ecmascript file had an error @ http://localhost:3100/_next/static/chunks/node_modules_next_dist_1gdrd03._.js:1945
[  525710ms] [ERROR] ./src/app/du-an/page.tsx:6:16
You're importing a module that depends on `useState` into a React Server Component module. This API is only available in Client Components. To fix, mark the file (or its parent) with the `"use client"` directive.
    Learn more: https://nextjs.org/docs/app/api-reference/directives/use-client
  4 | import { MapPin, Search } from "lucide-react";
  5 | import Link from "next/link";
> 6 | import { useMemo, useState } from "react";
    |                ^^^^^^^^
  7 |
  8 | const categories = [
  9 |   ["Biệt thự", "#biet-thu"],

Ecmascript file had an error @ http://localhost:3100/_next/static/chunks/node_modules_next_dist_1gdrd03._.js:1945
[  525762ms] [ERROR] ./src/app/du-an/page.tsx:6:16
You're importing a module that depends on `useState` into a React Server Component module. This API is only available in Client Components. To fix, mark the file (or its parent) with the `"use client"` directive.
    Learn more: https://nextjs.org/docs/app/api-reference/directives/use-client
  4 | import { MapPin, Search } from "lucide-react";
  5 | import Link from "next/link";
> 6 | import { useMemo, useState } from "react";
    |                ^^^^^^^^
  7 |
  8 | const categories = [
  9 |   ["Biệt thự", "#biet-thu"],

Ecmascript file had an error @ http://localhost:3100/_next/static/chunks/node_modules_next_dist_1gdrd03._.js:1945
[  525825ms] [ERROR] ./src/app/du-an/page.tsx:6:16
You're importing a module that depends on `useState` into a React Server Component module. This API is only available in Client Components. To fix, mark the file (or its parent) with the `"use client"` directive.
    Learn more: https://nextjs.org/docs/app/api-reference/directives/use-client
  4 | import { MapPin, Search } from "lucide-react";
  5 | import Link from "next/link";
> 6 | import { useMemo, useState } from "react";
    |                ^^^^^^^^
  7 |
  8 | const categories = [
  9 |   ["Biệt thự", "#biet-thu"],

Ecmascript file had an error @ http://localhost:3100/_next/static/chunks/node_modules_next_dist_1gdrd03._.js:1945
[  525887ms] [ERROR] ./src/app/du-an/page.tsx:6:16
You're importing a module that depends on `useState` into a React Server Component module. This API is only available in Client Components. To fix, mark the file (or its parent) with the `"use client"` directive.
    Learn more: https://nextjs.org/docs/app/api-reference/directives/use-client
  4 | import { MapPin, Search } from "lucide-react";
  5 | import Link from "next/link";
> 6 | import { useMemo, useState } from "react";
    |                ^^^^^^^^
  7 |
  8 | const categories = [
  9 |   ["Biệt thự", "#biet-thu"],

Ecmascript file had an error @ http://localhost:3100/_next/static/chunks/node_modules_next_dist_1gdrd03._.js:1945
[  525949ms] [ERROR] ./src/app/du-an/page.tsx:6:16
You're importing a module that depends on `useState` into a React Server Component module. This API is only available in Client Components. To fix, mark the file (or its parent) with the `"use client"` directive.
    Learn more: https://nextjs.org/docs/app/api-reference/directives/use-client
  4 | import { MapPin, Search } from "lucide-react";
  5 | import Link from "next/link";
> 6 | import { useMemo, useState } from "react";
    |                ^^^^^^^^
  7 |
  8 | const categories = [
  9 |   ["Biệt thự", "#biet-thu"],

Ecmascript file had an error @ http://localhost:3100/_next/static/chunks/node_modules_next_dist_1gdrd03._.js:1945
[  526012ms] [ERROR] ./src/app/du-an/page.tsx:6:16
You're importing a module that depends on `useState` into a React Server Component module. This API is only available in Client Components. To fix, mark the file (or its parent) with the `"use client"` directive.
    Learn more: https://nextjs.org/docs/app/api-reference/directives/use-client
  4 | import { MapPin, Search } from "lucide-react";
  5 | import Link from "next/link";
> 6 | import { useMemo, useState } from "react";
    |                ^^^^^^^^
  7 |
  8 | const categories = [
  9 |   ["Biệt thự", "#biet-thu"],

Ecmascript file had an error @ http://localhost:3100/_next/static/chunks/node_modules_next_dist_1gdrd03._.js:1945
[  526073ms] [ERROR] ./src/app/du-an/page.tsx:6:16
You're importing a module that depends on `useState` into a React Server Component module. This API is only available in Client Components. To fix, mark the file (or its parent) with the `"use client"` directive.
    Learn more: https://nextjs.org/docs/app/api-reference/directives/use-client
  4 | import { MapPin, Search } from "lucide-react";
  5 | import Link from "next/link";
> 6 | import { useMemo, useState } from "react";
    |                ^^^^^^^^
  7 |
  8 | const categories = [
  9 |   ["Biệt thự", "#biet-thu"],

Ecmascript file had an error @ http://localhost:3100/_next/static/chunks/node_modules_next_dist_1gdrd03._.js:1945
[  526135ms] [ERROR] ./src/app/du-an/page.tsx:6:16
You're importing a module that depends on `useState` into a React Server Component module. This API is only available in Client Components. To fix, mark the file (or its parent) with the `"use client"` directive.
    Learn more: https://nextjs.org/docs/app/api-reference/directives/use-client
  4 | import { MapPin, Search } from "lucide-react";
  5 | import Link from "next/link";
> 6 | import { useMemo, useState } from "react";
    |                ^^^^^^^^
  7 |
  8 | const categories = [
  9 |   ["Biệt thự", "#biet-thu"],

Ecmascript file had an error @ http://localhost:3100/_next/static/chunks/node_modules_next_dist_1gdrd03._.js:1945
[  526198ms] [ERROR] ./src/app/du-an/page.tsx:6:16
You're importing a module that depends on `useState` into a React Server Component module. This API is only available in Client Components. To fix, mark the file (or its parent) with the `"use client"` directive.
    Learn more: https://nextjs.org/docs/app/api-reference/directives/use-client
  4 | import { MapPin, Search } from "lucide-react";
  5 | import Link from "next/link";
> 6 | import { useMemo, useState } from "react";
    |                ^^^^^^^^
  7 |
  8 | const categories = [
  9 |   ["Biệt thự", "#biet-thu"],

Ecmascript file had an error @ http://localhost:3100/_next/static/chunks/node_modules_next_dist_1gdrd03._.js:1945
[  526260ms] [ERROR] ./src/app/du-an/page.tsx:6:16
You're importing a module that depends on `useState` into a React Server Component module. This API is only available in Client Components. To fix, mark the file (or its parent) with the `"use client"` directive.
    Learn more: https://nextjs.org/docs/app/api-reference/directives/use-client
  4 | import { MapPin, Search } from "lucide-react";
  5 | import Link from "next/link";
> 6 | import { useMemo, useState } from "react";
    |                ^^^^^^^^
  7 |
  8 | const categories = [
  9 |   ["Biệt thự", "#biet-thu"],

Ecmascript file had an error @ http://localhost:3100/_next/static/chunks/node_modules_next_dist_1gdrd03._.js:1945
[  526322ms] [ERROR] ./src/app/du-an/page.tsx:6:16
You're importing a module that depends on `useState` into a React Server Component module. This API is only available in Client Components. To fix, mark the file (or its parent) with the `"use client"` directive.
    Learn more: https://nextjs.org/docs/app/api-reference/directives/use-client
  4 | import { MapPin, Search } from "lucide-react";
  5 | import Link from "next/link";
> 6 | import { useMemo, useState } from "react";
    |                ^^^^^^^^
  7 |
  8 | const categories = [
  9 |   ["Biệt thự", "#biet-thu"],

Ecmascript file had an error @ http://localhost:3100/_next/static/chunks/node_modules_next_dist_1gdrd03._.js:1945
[  526383ms] [ERROR] ./src/app/du-an/page.tsx:6:16
You're importing a module that depends on `useState` into a React Server Component module. This API is only available in Client Components. To fix, mark the file (or its parent) with the `"use client"` directive.
    Learn more: https://nextjs.org/docs/app/api-reference/directives/use-client
  4 | import { MapPin, Search } from "lucide-react";
  5 | import Link from "next/link";
> 6 | import { useMemo, useState } from "react";
    |                ^^^^^^^^
  7 |
  8 | const categories = [
  9 |   ["Biệt thự", "#biet-thu"],

Ecmascript file had an error @ http://localhost:3100/_next/static/chunks/node_modules_next_dist_1gdrd03._.js:1945
[  526445ms] [ERROR] ./src/app/du-an/page.tsx:6:16
You're importing a module that depends on `useState` into a React Server Component module. This API is only available in Client Components. To fix, mark the file (or its parent) with the `"use client"` directive.
    Learn more: https://nextjs.org/docs/app/api-reference/directives/use-client
  4 | import { MapPin, Search } from "lucide-react";
  5 | import Link from "next/link";
> 6 | import { useMemo, useState } from "react";
    |                ^^^^^^^^
  7 |
  8 | const categories = [
  9 |   ["Biệt thự", "#biet-thu"],

Ecmascript file had an error @ http://localhost:3100/_next/static/chunks/node_modules_next_dist_1gdrd03._.js:1945
[  526506ms] [ERROR] ./src/app/du-an/page.tsx:6:16
You're importing a module that depends on `useState` into a React Server Component module. This API is only available in Client Components. To fix, mark the file (or its parent) with the `"use client"` directive.
    Learn more: https://nextjs.org/docs/app/api-reference/directives/use-client
  4 | import { MapPin, Search } from "lucide-react";
  5 | import Link from "next/link";
> 6 | import { useMemo, useState } from "react";
    |                ^^^^^^^^
  7 |
  8 | const categories = [
  9 |   ["Biệt thự", "#biet-thu"],

Ecmascript file had an error @ http://localhost:3100/_next/static/chunks/node_modules_next_dist_1gdrd03._.js:1945
[  526568ms] [ERROR] ./src/app/du-an/page.tsx:6:16
You're importing a module that depends on `useState` into a React Server Component module. This API is only available in Client Components. To fix, mark the file (or its parent) with the `"use client"` directive.
    Learn more: https://nextjs.org/docs/app/api-reference/directives/use-client
  4 | import { MapPin, Search } from "lucide-react";
  5 | import Link from "next/link";
> 6 | import { useMemo, useState } from "react";
    |                ^^^^^^^^
  7 |
  8 | const categories = [
  9 |   ["Biệt thự", "#biet-thu"],

Ecmascript file had an error @ http://localhost:3100/_next/static/chunks/node_modules_next_dist_1gdrd03._.js:1945
[  526631ms] [ERROR] ./src/app/du-an/page.tsx:6:16
You're importing a module that depends on `useState` into a React Server Component module. This API is only available in Client Components. To fix, mark the file (or its parent) with the `"use client"` directive.
    Learn more: https://nextjs.org/docs/app/api-reference/directives/use-client
  4 | import { MapPin, Search } from "lucide-react";
  5 | import Link from "next/link";
> 6 | import { useMemo, useState } from "react";
    |                ^^^^^^^^
  7 |
  8 | const categories = [
  9 |   ["Biệt thự", "#biet-thu"],

Ecmascript file had an error @ http://localhost:3100/_next/static/chunks/node_modules_next_dist_1gdrd03._.js:1945
[  526693ms] [ERROR] ./src/app/du-an/page.tsx:6:16
You're importing a module that depends on `useState` into a React Server Component module. This API is only available in Client Components. To fix, mark the file (or its parent) with the `"use client"` directive.
    Learn more: https://nextjs.org/docs/app/api-reference/directives/use-client
  4 | import { MapPin, Search } from "lucide-react";
  5 | import Link from "next/link";
> 6 | import { useMemo, useState } from "react";
    |                ^^^^^^^^
  7 |
  8 | const categories = [
  9 |   ["Biệt thự", "#biet-thu"],

Ecmascript file had an error @ http://localhost:3100/_next/static/chunks/node_modules_next_dist_1gdrd03._.js:1945
[  526756ms] [ERROR] ./src/app/du-an/page.tsx:6:16
You're importing a module that depends on `useState` into a React Server Component module. This API is only available in Client Components. To fix, mark the file (or its parent) with the `"use client"` directive.
    Learn more: https://nextjs.org/docs/app/api-reference/directives/use-client
  4 | import { MapPin, Search } from "lucide-react";
  5 | import Link from "next/link";
> 6 | import { useMemo, useState } from "react";
    |                ^^^^^^^^
  7 |
  8 | const categories = [
  9 |   ["Biệt thự", "#biet-thu"],

Ecmascript file had an error @ http://localhost:3100/_next/static/chunks/node_modules_next_dist_1gdrd03._.js:1945
[  526820ms] [ERROR] ./src/app/du-an/page.tsx:6:16
You're importing a module that depends on `useState` into a React Server Component module. This API is only available in Client Components. To fix, mark the file (or its parent) with the `"use client"` directive.
    Learn more: https://nextjs.org/docs/app/api-reference/directives/use-client
  4 | import { MapPin, Search } from "lucide-react";
  5 | import Link from "next/link";
> 6 | import { useMemo, useState } from "react";
    |                ^^^^^^^^
  7 |
  8 | const categories = [
  9 |   ["Biệt thự", "#biet-thu"],

Ecmascript file had an error @ http://localhost:3100/_next/static/chunks/node_modules_next_dist_1gdrd03._.js:1945
[  526883ms] [ERROR] ./src/app/du-an/page.tsx:6:16
You're importing a module that depends on `useState` into a React Server Component module. This API is only available in Client Components. To fix, mark the file (or its parent) with the `"use client"` directive.
    Learn more: https://nextjs.org/docs/app/api-reference/directives/use-client
  4 | import { MapPin, Search } from "lucide-react";
  5 | import Link from "next/link";
> 6 | import { useMemo, useState } from "react";
    |                ^^^^^^^^
  7 |
  8 | const categories = [
  9 |   ["Biệt thự", "#biet-thu"],

Ecmascript file had an error @ http://localhost:3100/_next/static/chunks/node_modules_next_dist_1gdrd03._.js:1945
[  526945ms] [ERROR] ./src/app/du-an/page.tsx:6:16
You're importing a module that depends on `useState` into a React Server Component module. This API is only available in Client Components. To fix, mark the file (or its parent) with the `"use client"` directive.
    Learn more: https://nextjs.org/docs/app/api-reference/directives/use-client
  4 | import { MapPin, Search } from "lucide-react";
  5 | import Link from "next/link";
> 6 | import { useMemo, useState } from "react";
    |                ^^^^^^^^
  7 |
  8 | const categories = [
  9 |   ["Biệt thự", "#biet-thu"],

Ecmascript file had an error @ http://localhost:3100/_next/static/chunks/node_modules_next_dist_1gdrd03._.js:1945
[  527008ms] [ERROR] ./src/app/du-an/page.tsx:6:16
You're importing a module that depends on `useState` into a React Server Component module. This API is only available in Client Components. To fix, mark the file (or its parent) with the `"use client"` directive.
    Learn more: https://nextjs.org/docs/app/api-reference/directives/use-client
  4 | import { MapPin, Search } from "lucide-react";
  5 | import Link from "next/link";
> 6 | import { useMemo, useState } from "react";
    |                ^^^^^^^^
  7 |
  8 | const categories = [
  9 |   ["Biệt thự", "#biet-thu"],

Ecmascript file had an error @ http://localhost:3100/_next/static/chunks/node_modules_next_dist_1gdrd03._.js:1945
[  527072ms] [ERROR] ./src/app/du-an/page.tsx:6:16
You're importing a module that depends on `useState` into a React Server Component module. This API is only available in Client Components. To fix, mark the file (or its parent) with the `"use client"` directive.
    Learn more: https://nextjs.org/docs/app/api-reference/directives/use-client
  4 | import { MapPin, Search } from "lucide-react";
  5 | import Link from "next/link";
> 6 | import { useMemo, useState } from "react";
    |                ^^^^^^^^
  7 |
  8 | const categories = [
  9 |   ["Biệt thự", "#biet-thu"],

Ecmascript file had an error @ http://localhost:3100/_next/static/chunks/node_modules_next_dist_1gdrd03._.js:1945
[  527134ms] [ERROR] ./src/app/du-an/page.tsx:6:16
You're importing a module that depends on `useState` into a React Server Component module. This API is only available in Client Components. To fix, mark the file (or its parent) with the `"use client"` directive.
    Learn more: https://nextjs.org/docs/app/api-reference/directives/use-client
  4 | import { MapPin, Search } from "lucide-react";
  5 | import Link from "next/link";
> 6 | import { useMemo, useState } from "react";
    |                ^^^^^^^^
  7 |
  8 | const categories = [
  9 |   ["Biệt thự", "#biet-thu"],

Ecmascript file had an error @ http://localhost:3100/_next/static/chunks/node_modules_next_dist_1gdrd03._.js:1945
[  527197ms] [ERROR] ./src/app/du-an/page.tsx:6:16
You're importing a module that depends on `useState` into a React Server Component module. This API is only available in Client Components. To fix, mark the file (or its parent) with the `"use client"` directive.
    Learn more: https://nextjs.org/docs/app/api-reference/directives/use-client
  4 | import { MapPin, Search } from "lucide-react";
  5 | import Link from "next/link";
> 6 | import { useMemo, useState } from "react";
    |                ^^^^^^^^
  7 |
  8 | const categories = [
  9 |   ["Biệt thự", "#biet-thu"],

Ecmascript file had an error @ http://localhost:3100/_next/static/chunks/node_modules_next_dist_1gdrd03._.js:1945
[  527258ms] [ERROR] ./src/app/du-an/page.tsx:6:16
You're importing a module that depends on `useState` into a React Server Component module. This API is only available in Client Components. To fix, mark the file (or its parent) with the `"use client"` directive.
    Learn more: https://nextjs.org/docs/app/api-reference/directives/use-client
  4 | import { MapPin, Search } from "lucide-react";
  5 | import Link from "next/link";
> 6 | import { useMemo, useState } from "react";
    |                ^^^^^^^^
  7 |
  8 | const categories = [
  9 |   ["Biệt thự", "#biet-thu"],

Ecmascript file had an error @ http://localhost:3100/_next/static/chunks/node_modules_next_dist_1gdrd03._.js:1945
[  527321ms] [ERROR] ./src/app/du-an/page.tsx:6:16
You're importing a module that depends on `useState` into a React Server Component module. This API is only available in Client Components. To fix, mark the file (or its parent) with the `"use client"` directive.
    Learn more: https://nextjs.org/docs/app/api-reference/directives/use-client
  4 | import { MapPin, Search } from "lucide-react";
  5 | import Link from "next/link";
> 6 | import { useMemo, useState } from "react";
    |                ^^^^^^^^
  7 |
  8 | const categories = [
  9 |   ["Biệt thự", "#biet-thu"],

Ecmascript file had an error @ http://localhost:3100/_next/static/chunks/node_modules_next_dist_1gdrd03._.js:1945
[  527385ms] [ERROR] ./src/app/du-an/page.tsx:6:16
You're importing a module that depends on `useState` into a React Server Component module. This API is only available in Client Components. To fix, mark the file (or its parent) with the `"use client"` directive.
    Learn more: https://nextjs.org/docs/app/api-reference/directives/use-client
  4 | import { MapPin, Search } from "lucide-react";
  5 | import Link from "next/link";
> 6 | import { useMemo, useState } from "react";
    |                ^^^^^^^^
  7 |
  8 | const categories = [
  9 |   ["Biệt thự", "#biet-thu"],

Ecmascript file had an error @ http://localhost:3100/_next/static/chunks/node_modules_next_dist_1gdrd03._.js:1945
[  527464ms] [ERROR] ./src/app/du-an/page.tsx:6:16
You're importing a module that depends on `useState` into a React Server Component module. This API is only available in Client Components. To fix, mark the file (or its parent) with the `"use client"` directive.
    Learn more: https://nextjs.org/docs/app/api-reference/directives/use-client
  4 | import { MapPin, Search } from "lucide-react";
  5 | import Link from "next/link";
> 6 | import { useMemo, useState } from "react";
    |                ^^^^^^^^
  7 |
  8 | const categories = [
  9 |   ["Biệt thự", "#biet-thu"],

Ecmascript file had an error @ http://localhost:3100/_next/static/chunks/node_modules_next_dist_1gdrd03._.js:1945
[  527541ms] [ERROR] ./src/app/du-an/page.tsx:6:16
You're importing a module that depends on `useState` into a React Server Component module. This API is only available in Client Components. To fix, mark the file (or its parent) with the `"use client"` directive.
    Learn more: https://nextjs.org/docs/app/api-reference/directives/use-client
  4 | import { MapPin, Search } from "lucide-react";
  5 | import Link from "next/link";
> 6 | import { useMemo, useState } from "react";
    |                ^^^^^^^^
  7 |
  8 | const categories = [
  9 |   ["Biệt thự", "#biet-thu"],

Ecmascript file had an error @ http://localhost:3100/_next/static/chunks/node_modules_next_dist_1gdrd03._.js:1945
[  527604ms] [ERROR] ./src/app/du-an/page.tsx:6:16
You're importing a module that depends on `useState` into a React Server Component module. This API is only available in Client Components. To fix, mark the file (or its parent) with the `"use client"` directive.
    Learn more: https://nextjs.org/docs/app/api-reference/directives/use-client
  4 | import { MapPin, Search } from "lucide-react";
  5 | import Link from "next/link";
> 6 | import { useMemo, useState } from "react";
    |                ^^^^^^^^
  7 |
  8 | const categories = [
  9 |   ["Biệt thự", "#biet-thu"],

Ecmascript file had an error @ http://localhost:3100/_next/static/chunks/node_modules_next_dist_1gdrd03._.js:1945
[  527667ms] [ERROR] ./src/app/du-an/page.tsx:6:16
You're importing a module that depends on `useState` into a React Server Component module. This API is only available in Client Components. To fix, mark the file (or its parent) with the `"use client"` directive.
    Learn more: https://nextjs.org/docs/app/api-reference/directives/use-client
  4 | import { MapPin, Search } from "lucide-react";
  5 | import Link from "next/link";
> 6 | import { useMemo, useState } from "react";
    |                ^^^^^^^^
  7 |
  8 | const categories = [
  9 |   ["Biệt thự", "#biet-thu"],

Ecmascript file had an error @ http://localhost:3100/_next/static/chunks/node_modules_next_dist_1gdrd03._.js:1945
[  527731ms] [ERROR] ./src/app/du-an/page.tsx:6:16
You're importing a module that depends on `useState` into a React Server Component module. This API is only available in Client Components. To fix, mark the file (or its parent) with the `"use client"` directive.
    Learn more: https://nextjs.org/docs/app/api-reference/directives/use-client
  4 | import { MapPin, Search } from "lucide-react";
  5 | import Link from "next/link";
> 6 | import { useMemo, useState } from "react";
    |                ^^^^^^^^
  7 |
  8 | const categories = [
  9 |   ["Biệt thự", "#biet-thu"],

Ecmascript file had an error @ http://localhost:3100/_next/static/chunks/node_modules_next_dist_1gdrd03._.js:1945
[  527795ms] [ERROR] ./src/app/du-an/page.tsx:6:16
You're importing a module that depends on `useState` into a React Server Component module. This API is only available in Client Components. To fix, mark the file (or its parent) with the `"use client"` directive.
    Learn more: https://nextjs.org/docs/app/api-reference/directives/use-client
  4 | import { MapPin, Search } from "lucide-react";
  5 | import Link from "next/link";
> 6 | import { useMemo, useState } from "react";
    |                ^^^^^^^^
  7 |
  8 | const categories = [
  9 |   ["Biệt thự", "#biet-thu"],

Ecmascript file had an error @ http://localhost:3100/_next/static/chunks/node_modules_next_dist_1gdrd03._.js:1945
[  527858ms] [ERROR] ./src/app/du-an/page.tsx:6:16
You're importing a module that depends on `useState` into a React Server Component module. This API is only available in Client Components. To fix, mark the file (or its parent) with the `"use client"` directive.
    Learn more: https://nextjs.org/docs/app/api-reference/directives/use-client
  4 | import { MapPin, Search } from "lucide-react";
  5 | import Link from "next/link";
> 6 | import { useMemo, useState } from "react";
    |                ^^^^^^^^
  7 |
  8 | const categories = [
  9 |   ["Biệt thự", "#biet-thu"],

Ecmascript file had an error @ http://localhost:3100/_next/static/chunks/node_modules_next_dist_1gdrd03._.js:1945
[  527920ms] [ERROR] ./src/app/du-an/page.tsx:6:16
You're importing a module that depends on `useState` into a React Server Component module. This API is only available in Client Components. To fix, mark the file (or its parent) with the `"use client"` directive.
    Learn more: https://nextjs.org/docs/app/api-reference/directives/use-client
  4 | import { MapPin, Search } from "lucide-react";
  5 | import Link from "next/link";
> 6 | import { useMemo, useState } from "react";
    |                ^^^^^^^^
  7 |
  8 | const categories = [
  9 |   ["Biệt thự", "#biet-thu"],

Ecmascript file had an error @ http://localhost:3100/_next/static/chunks/node_modules_next_dist_1gdrd03._.js:1945
[  527983ms] [ERROR] ./src/app/du-an/page.tsx:6:16
You're importing a module that depends on `useState` into a React Server Component module. This API is only available in Client Components. To fix, mark the file (or its parent) with the `"use client"` directive.
    Learn more: https://nextjs.org/docs/app/api-reference/directives/use-client
  4 | import { MapPin, Search } from "lucide-react";
  5 | import Link from "next/link";
> 6 | import { useMemo, useState } from "react";
    |                ^^^^^^^^
  7 |
  8 | const categories = [
  9 |   ["Biệt thự", "#biet-thu"],

Ecmascript file had an error @ http://localhost:3100/_next/static/chunks/node_modules_next_dist_1gdrd03._.js:1945
[  528045ms] [ERROR] ./src/app/du-an/page.tsx:6:16
You're importing a module that depends on `useState` into a React Server Component module. This API is only available in Client Components. To fix, mark the file (or its parent) with the `"use client"` directive.
    Learn more: https://nextjs.org/docs/app/api-reference/directives/use-client
  4 | import { MapPin, Search } from "lucide-react";
  5 | import Link from "next/link";
> 6 | import { useMemo, useState } from "react";
    |                ^^^^^^^^
  7 |
  8 | const categories = [
  9 |   ["Biệt thự", "#biet-thu"],

Ecmascript file had an error @ http://localhost:3100/_next/static/chunks/node_modules_next_dist_1gdrd03._.js:1945
[  528107ms] [ERROR] ./src/app/du-an/page.tsx:6:16
You're importing a module that depends on `useState` into a React Server Component module. This API is only available in Client Components. To fix, mark the file (or its parent) with the `"use client"` directive.
    Learn more: https://nextjs.org/docs/app/api-reference/directives/use-client
  4 | import { MapPin, Search } from "lucide-react";
  5 | import Link from "next/link";
> 6 | import { useMemo, useState } from "react";
    |                ^^^^^^^^
  7 |
  8 | const categories = [
  9 |   ["Biệt thự", "#biet-thu"],

Ecmascript file had an error @ http://localhost:3100/_next/static/chunks/node_modules_next_dist_1gdrd03._.js:1945
[  528171ms] [ERROR] ./src/app/du-an/page.tsx:6:16
You're importing a module that depends on `useState` into a React Server Component module. This API is only available in Client Components. To fix, mark the file (or its parent) with the `"use client"` directive.
    Learn more: https://nextjs.org/docs/app/api-reference/directives/use-client
  4 | import { MapPin, Search } from "lucide-react";
  5 | import Link from "next/link";
> 6 | import { useMemo, useState } from "react";
    |                ^^^^^^^^
  7 |
  8 | const categories = [
  9 |   ["Biệt thự", "#biet-thu"],

Ecmascript file had an error @ http://localhost:3100/_next/static/chunks/node_modules_next_dist_1gdrd03._.js:1945
[  528234ms] [ERROR] ./src/app/du-an/page.tsx:6:16
You're importing a module that depends on `useState` into a React Server Component module. This API is only available in Client Components. To fix, mark the file (or its parent) with the `"use client"` directive.
    Learn more: https://nextjs.org/docs/app/api-reference/directives/use-client
  4 | import { MapPin, Search } from "lucide-react";
  5 | import Link from "next/link";
> 6 | import { useMemo, useState } from "react";
    |                ^^^^^^^^
  7 |
  8 | const categories = [
  9 |   ["Biệt thự", "#biet-thu"],

Ecmascript file had an error @ http://localhost:3100/_next/static/chunks/node_modules_next_dist_1gdrd03._.js:1945
[  528313ms] [ERROR] ./src/app/du-an/page.tsx:6:16
You're importing a module that depends on `useState` into a React Server Component module. This API is only available in Client Components. To fix, mark the file (or its parent) with the `"use client"` directive.
    Learn more: https://nextjs.org/docs/app/api-reference/directives/use-client
  4 | import { MapPin, Search } from "lucide-react";
  5 | import Link from "next/link";
> 6 | import { useMemo, useState } from "react";
    |                ^^^^^^^^
  7 |
  8 | const categories = [
  9 |   ["Biệt thự", "#biet-thu"],

Ecmascript file had an error @ http://localhost:3100/_next/static/chunks/node_modules_next_dist_1gdrd03._.js:1945
[  528375ms] [ERROR] ./src/app/du-an/page.tsx:6:16
You're importing a module that depends on `useState` into a React Server Component module. This API is only available in Client Components. To fix, mark the file (or its parent) with the `"use client"` directive.
    Learn more: https://nextjs.org/docs/app/api-reference/directives/use-client
  4 | import { MapPin, Search } from "lucide-react";
  5 | import Link from "next/link";
> 6 | import { useMemo, useState } from "react";
    |                ^^^^^^^^
  7 |
  8 | const categories = [
  9 |   ["Biệt thự", "#biet-thu"],

Ecmascript file had an error @ http://localhost:3100/_next/static/chunks/node_modules_next_dist_1gdrd03._.js:1945
[  528438ms] [ERROR] ./src/app/du-an/page.tsx:6:16
You're importing a module that depends on `useState` into a React Server Component module. This API is only available in Client Components. To fix, mark the file (or its parent) with the `"use client"` directive.
    Learn more: https://nextjs.org/docs/app/api-reference/directives/use-client
  4 | import { MapPin, Search } from "lucide-react";
  5 | import Link from "next/link";
> 6 | import { useMemo, useState } from "react";
    |                ^^^^^^^^
  7 |
  8 | const categories = [
  9 |   ["Biệt thự", "#biet-thu"],

Ecmascript file had an error @ http://localhost:3100/_next/static/chunks/node_modules_next_dist_1gdrd03._.js:1945
[  528499ms] [ERROR] ./src/app/du-an/page.tsx:6:16
You're importing a module that depends on `useState` into a React Server Component module. This API is only available in Client Components. To fix, mark the file (or its parent) with the `"use client"` directive.
    Learn more: https://nextjs.org/docs/app/api-reference/directives/use-client
  4 | import { MapPin, Search } from "lucide-react";
  5 | import Link from "next/link";
> 6 | import { useMemo, useState } from "react";
    |                ^^^^^^^^
  7 |
  8 | const categories = [
  9 |   ["Biệt thự", "#biet-thu"],

Ecmascript file had an error @ http://localhost:3100/_next/static/chunks/node_modules_next_dist_1gdrd03._.js:1945
[  528561ms] [ERROR] ./src/app/du-an/page.tsx:6:16
You're importing a module that depends on `useState` into a React Server Component module. This API is only available in Client Components. To fix, mark the file (or its parent) with the `"use client"` directive.
    Learn more: https://nextjs.org/docs/app/api-reference/directives/use-client
  4 | import { MapPin, Search } from "lucide-react";
  5 | import Link from "next/link";
> 6 | import { useMemo, useState } from "react";
    |                ^^^^^^^^
  7 |
  8 | const categories = [
  9 |   ["Biệt thự", "#biet-thu"],

Ecmascript file had an error @ http://localhost:3100/_next/static/chunks/node_modules_next_dist_1gdrd03._.js:1945
[  528624ms] [ERROR] ./src/app/du-an/page.tsx:6:16
You're importing a module that depends on `useState` into a React Server Component module. This API is only available in Client Components. To fix, mark the file (or its parent) with the `"use client"` directive.
    Learn more: https://nextjs.org/docs/app/api-reference/directives/use-client
  4 | import { MapPin, Search } from "lucide-react";
  5 | import Link from "next/link";
> 6 | import { useMemo, useState } from "react";
    |                ^^^^^^^^
  7 |
  8 | const categories = [
  9 |   ["Biệt thự", "#biet-thu"],

Ecmascript file had an error @ http://localhost:3100/_next/static/chunks/node_modules_next_dist_1gdrd03._.js:1945
[  528687ms] [ERROR] ./src/app/du-an/page.tsx:6:16
You're importing a module that depends on `useState` into a React Server Component module. This API is only available in Client Components. To fix, mark the file (or its parent) with the `"use client"` directive.
    Learn more: https://nextjs.org/docs/app/api-reference/directives/use-client
  4 | import { MapPin, Search } from "lucide-react";
  5 | import Link from "next/link";
> 6 | import { useMemo, useState } from "react";
    |                ^^^^^^^^
  7 |
  8 | const categories = [
  9 |   ["Biệt thự", "#biet-thu"],

Ecmascript file had an error @ http://localhost:3100/_next/static/chunks/node_modules_next_dist_1gdrd03._.js:1945
[  528748ms] [ERROR] ./src/app/du-an/page.tsx:6:16
You're importing a module that depends on `useState` into a React Server Component module. This API is only available in Client Components. To fix, mark the file (or its parent) with the `"use client"` directive.
    Learn more: https://nextjs.org/docs/app/api-reference/directives/use-client
  4 | import { MapPin, Search } from "lucide-react";
  5 | import Link from "next/link";
> 6 | import { useMemo, useState } from "react";
    |                ^^^^^^^^
  7 |
  8 | const categories = [
  9 |   ["Biệt thự", "#biet-thu"],

Ecmascript file had an error @ http://localhost:3100/_next/static/chunks/node_modules_next_dist_1gdrd03._.js:1945
[  528809ms] [ERROR] ./src/app/du-an/page.tsx:6:16
You're importing a module that depends on `useState` into a React Server Component module. This API is only available in Client Components. To fix, mark the file (or its parent) with the `"use client"` directive.
    Learn more: https://nextjs.org/docs/app/api-reference/directives/use-client
  4 | import { MapPin, Search } from "lucide-react";
  5 | import Link from "next/link";
> 6 | import { useMemo, useState } from "react";
    |                ^^^^^^^^
  7 |
  8 | const categories = [
  9 |   ["Biệt thự", "#biet-thu"],

Ecmascript file had an error @ http://localhost:3100/_next/static/chunks/node_modules_next_dist_1gdrd03._.js:1945
[  528872ms] [ERROR] ./src/app/du-an/page.tsx:6:16
You're importing a module that depends on `useState` into a React Server Component module. This API is only available in Client Components. To fix, mark the file (or its parent) with the `"use client"` directive.
    Learn more: https://nextjs.org/docs/app/api-reference/directives/use-client
  4 | import { MapPin, Search } from "lucide-react";
  5 | import Link from "next/link";
> 6 | import { useMemo, useState } from "react";
    |                ^^^^^^^^
  7 |
  8 | const categories = [
  9 |   ["Biệt thự", "#biet-thu"],

Ecmascript file had an error @ http://localhost:3100/_next/static/chunks/node_modules_next_dist_1gdrd03._.js:1945
[  528941ms] [ERROR] ./src/app/du-an/page.tsx:6:16
You're importing a module that depends on `useState` into a React Server Component module. This API is only available in Client Components. To fix, mark the file (or its parent) with the `"use client"` directive.
    Learn more: https://nextjs.org/docs/app/api-reference/directives/use-client
  4 | import { MapPin, Search } from "lucide-react";
  5 | import Link from "next/link";
> 6 | import { useMemo, useState } from "react";
    |                ^^^^^^^^
  7 |
  8 | const categories = [
  9 |   ["Biệt thự", "#biet-thu"],

Ecmascript file had an error @ http://localhost:3100/_next/static/chunks/node_modules_next_dist_1gdrd03._.js:1945
[  529012ms] [ERROR] ./src/app/du-an/page.tsx:6:16
You're importing a module that depends on `useState` into a React Server Component module. This API is only available in Client Components. To fix, mark the file (or its parent) with the `"use client"` directive.
    Learn more: https://nextjs.org/docs/app/api-reference/directives/use-client
  4 | import { MapPin, Search } from "lucide-react";
  5 | import Link from "next/link";
> 6 | import { useMemo, useState } from "react";
    |                ^^^^^^^^
  7 |
  8 | const categories = [
  9 |   ["Biệt thự", "#biet-thu"],

Ecmascript file had an error @ http://localhost:3100/_next/static/chunks/node_modules_next_dist_1gdrd03._.js:1945
[  529076ms] [ERROR] ./src/app/du-an/page.tsx:6:16
You're importing a module that depends on `useState` into a React Server Component module. This API is only available in Client Components. To fix, mark the file (or its parent) with the `"use client"` directive.
    Learn more: https://nextjs.org/docs/app/api-reference/directives/use-client
  4 | import { MapPin, Search } from "lucide-react";
  5 | import Link from "next/link";
> 6 | import { useMemo, useState } from "react";
    |                ^^^^^^^^
  7 |
  8 | const categories = [
  9 |   ["Biệt thự", "#biet-thu"],

Ecmascript file had an error @ http://localhost:3100/_next/static/chunks/node_modules_next_dist_1gdrd03._.js:1945
[  529136ms] [ERROR] ./src/app/du-an/page.tsx:6:16
You're importing a module that depends on `useState` into a React Server Component module. This API is only available in Client Components. To fix, mark the file (or its parent) with the `"use client"` directive.
    Learn more: https://nextjs.org/docs/app/api-reference/directives/use-client
  4 | import { MapPin, Search } from "lucide-react";
  5 | import Link from "next/link";
> 6 | import { useMemo, useState } from "react";
    |                ^^^^^^^^
  7 |
  8 | const categories = [
  9 |   ["Biệt thự", "#biet-thu"],

Ecmascript file had an error @ http://localhost:3100/_next/static/chunks/node_modules_next_dist_1gdrd03._.js:1945
[  529199ms] [ERROR] ./src/app/du-an/page.tsx:6:16
You're importing a module that depends on `useState` into a React Server Component module. This API is only available in Client Components. To fix, mark the file (or its parent) with the `"use client"` directive.
    Learn more: https://nextjs.org/docs/app/api-reference/directives/use-client
  4 | import { MapPin, Search } from "lucide-react";
  5 | import Link from "next/link";
> 6 | import { useMemo, useState } from "react";
    |                ^^^^^^^^
  7 |
  8 | const categories = [
  9 |   ["Biệt thự", "#biet-thu"],

Ecmascript file had an error @ http://localhost:3100/_next/static/chunks/node_modules_next_dist_1gdrd03._.js:1945
[  529261ms] [ERROR] ./src/app/du-an/page.tsx:6:16
You're importing a module that depends on `useState` into a React Server Component module. This API is only available in Client Components. To fix, mark the file (or its parent) with the `"use client"` directive.
    Learn more: https://nextjs.org/docs/app/api-reference/directives/use-client
  4 | import { MapPin, Search } from "lucide-react";
  5 | import Link from "next/link";
> 6 | import { useMemo, useState } from "react";
    |                ^^^^^^^^
  7 |
  8 | const categories = [
  9 |   ["Biệt thự", "#biet-thu"],

Ecmascript file had an error @ http://localhost:3100/_next/static/chunks/node_modules_next_dist_1gdrd03._.js:1945
[  529326ms] [ERROR] ./src/app/du-an/page.tsx:6:16
You're importing a module that depends on `useState` into a React Server Component module. This API is only available in Client Components. To fix, mark the file (or its parent) with the `"use client"` directive.
    Learn more: https://nextjs.org/docs/app/api-reference/directives/use-client
  4 | import { MapPin, Search } from "lucide-react";
  5 | import Link from "next/link";
> 6 | import { useMemo, useState } from "react";
    |                ^^^^^^^^
  7 |
  8 | const categories = [
  9 |   ["Biệt thự", "#biet-thu"],

Ecmascript file had an error @ http://localhost:3100/_next/static/chunks/node_modules_next_dist_1gdrd03._.js:1945
[  529417ms] [ERROR] ./src/app/du-an/page.tsx:6:16
You're importing a module that depends on `useState` into a React Server Component module. This API is only available in Client Components. To fix, mark the file (or its parent) with the `"use client"` directive.
    Learn more: https://nextjs.org/docs/app/api-reference/directives/use-client
  4 | import { MapPin, Search } from "lucide-react";
  5 | import Link from "next/link";
> 6 | import { useMemo, useState } from "react";
    |                ^^^^^^^^
  7 |
  8 | const categories = [
  9 |   ["Biệt thự", "#biet-thu"],

Ecmascript file had an error @ http://localhost:3100/_next/static/chunks/node_modules_next_dist_1gdrd03._.js:1945
[  529481ms] [ERROR] ./src/app/du-an/page.tsx:6:16
You're importing a module that depends on `useState` into a React Server Component module. This API is only available in Client Components. To fix, mark the file (or its parent) with the `"use client"` directive.
    Learn more: https://nextjs.org/docs/app/api-reference/directives/use-client
  4 | import { MapPin, Search } from "lucide-react";
  5 | import Link from "next/link";
> 6 | import { useMemo, useState } from "react";
    |                ^^^^^^^^
  7 |
  8 | const categories = [
  9 |   ["Biệt thự", "#biet-thu"],

Ecmascript file had an error @ http://localhost:3100/_next/static/chunks/node_modules_next_dist_1gdrd03._.js:1945
[  529544ms] [ERROR] ./src/app/du-an/page.tsx:6:16
You're importing a module that depends on `useState` into a React Server Component module. This API is only available in Client Components. To fix, mark the file (or its parent) with the `"use client"` directive.
    Learn more: https://nextjs.org/docs/app/api-reference/directives/use-client
  4 | import { MapPin, Search } from "lucide-react";
  5 | import Link from "next/link";
> 6 | import { useMemo, useState } from "react";
    |                ^^^^^^^^
  7 |
  8 | const categories = [
  9 |   ["Biệt thự", "#biet-thu"],

Ecmascript file had an error @ http://localhost:3100/_next/static/chunks/node_modules_next_dist_1gdrd03._.js:1945
[  529605ms] [ERROR] ./src/app/du-an/page.tsx:6:16
You're importing a module that depends on `useState` into a React Server Component module. This API is only available in Client Components. To fix, mark the file (or its parent) with the `"use client"` directive.
    Learn more: https://nextjs.org/docs/app/api-reference/directives/use-client
  4 | import { MapPin, Search } from "lucide-react";
  5 | import Link from "next/link";
> 6 | import { useMemo, useState } from "react";
    |                ^^^^^^^^
  7 |
  8 | const categories = [
  9 |   ["Biệt thự", "#biet-thu"],

Ecmascript file had an error @ http://localhost:3100/_next/static/chunks/node_modules_next_dist_1gdrd03._.js:1945
[  529669ms] [ERROR] ./src/app/du-an/page.tsx:6:16
You're importing a module that depends on `useState` into a React Server Component module. This API is only available in Client Components. To fix, mark the file (or its parent) with the `"use client"` directive.
    Learn more: https://nextjs.org/docs/app/api-reference/directives/use-client
  4 | import { MapPin, Search } from "lucide-react";
  5 | import Link from "next/link";
> 6 | import { useMemo, useState } from "react";
    |                ^^^^^^^^
  7 |
  8 | const categories = [
  9 |   ["Biệt thự", "#biet-thu"],

Ecmascript file had an error @ http://localhost:3100/_next/static/chunks/node_modules_next_dist_1gdrd03._.js:1945
[  529732ms] [ERROR] ./src/app/du-an/page.tsx:6:16
You're importing a module that depends on `useState` into a React Server Component module. This API is only available in Client Components. To fix, mark the file (or its parent) with the `"use client"` directive.
    Learn more: https://nextjs.org/docs/app/api-reference/directives/use-client
  4 | import { MapPin, Search } from "lucide-react";
  5 | import Link from "next/link";
> 6 | import { useMemo, useState } from "react";
    |                ^^^^^^^^
  7 |
  8 | const categories = [
  9 |   ["Biệt thự", "#biet-thu"],

Ecmascript file had an error @ http://localhost:3100/_next/static/chunks/node_modules_next_dist_1gdrd03._.js:1945
[  529793ms] [ERROR] ./src/app/du-an/page.tsx:6:16
You're importing a module that depends on `useState` into a React Server Component module. This API is only available in Client Components. To fix, mark the file (or its parent) with the `"use client"` directive.
    Learn more: https://nextjs.org/docs/app/api-reference/directives/use-client
  4 | import { MapPin, Search } from "lucide-react";
  5 | import Link from "next/link";
> 6 | import { useMemo, useState } from "react";
    |                ^^^^^^^^
  7 |
  8 | const categories = [
  9 |   ["Biệt thự", "#biet-thu"],

Ecmascript file had an error @ http://localhost:3100/_next/static/chunks/node_modules_next_dist_1gdrd03._.js:1945
[  529855ms] [ERROR] ./src/app/du-an/page.tsx:6:16
You're importing a module that depends on `useState` into a React Server Component module. This API is only available in Client Components. To fix, mark the file (or its parent) with the `"use client"` directive.
    Learn more: https://nextjs.org/docs/app/api-reference/directives/use-client
  4 | import { MapPin, Search } from "lucide-react";
  5 | import Link from "next/link";
> 6 | import { useMemo, useState } from "react";
    |                ^^^^^^^^
  7 |
  8 | const categories = [
  9 |   ["Biệt thự", "#biet-thu"],

Ecmascript file had an error @ http://localhost:3100/_next/static/chunks/node_modules_next_dist_1gdrd03._.js:1945
[  529918ms] [ERROR] ./src/app/du-an/page.tsx:6:16
You're importing a module that depends on `useState` into a React Server Component module. This API is only available in Client Components. To fix, mark the file (or its parent) with the `"use client"` directive.
    Learn more: https://nextjs.org/docs/app/api-reference/directives/use-client
  4 | import { MapPin, Search } from "lucide-react";
  5 | import Link from "next/link";
> 6 | import { useMemo, useState } from "react";
    |                ^^^^^^^^
  7 |
  8 | const categories = [
  9 |   ["Biệt thự", "#biet-thu"],

Ecmascript file had an error @ http://localhost:3100/_next/static/chunks/node_modules_next_dist_1gdrd03._.js:1945
[  529980ms] [ERROR] ./src/app/du-an/page.tsx:6:16
You're importing a module that depends on `useState` into a React Server Component module. This API is only available in Client Components. To fix, mark the file (or its parent) with the `"use client"` directive.
    Learn more: https://nextjs.org/docs/app/api-reference/directives/use-client
  4 | import { MapPin, Search } from "lucide-react";
  5 | import Link from "next/link";
> 6 | import { useMemo, useState } from "react";
    |                ^^^^^^^^
  7 |
  8 | const categories = [
  9 |   ["Biệt thự", "#biet-thu"],

Ecmascript file had an error @ http://localhost:3100/_next/static/chunks/node_modules_next_dist_1gdrd03._.js:1945
[  530041ms] [ERROR] ./src/app/du-an/page.tsx:6:16
You're importing a module that depends on `useState` into a React Server Component module. This API is only available in Client Components. To fix, mark the file (or its parent) with the `"use client"` directive.
    Learn more: https://nextjs.org/docs/app/api-reference/directives/use-client
  4 | import { MapPin, Search } from "lucide-react";
  5 | import Link from "next/link";
> 6 | import { useMemo, useState } from "react";
    |                ^^^^^^^^
  7 |
  8 | const categories = [
  9 |   ["Biệt thự", "#biet-thu"],

Ecmascript file had an error @ http://localhost:3100/_next/static/chunks/node_modules_next_dist_1gdrd03._.js:1945
[  530104ms] [ERROR] ./src/app/du-an/page.tsx:6:16
You're importing a module that depends on `useState` into a React Server Component module. This API is only available in Client Components. To fix, mark the file (or its parent) with the `"use client"` directive.
    Learn more: https://nextjs.org/docs/app/api-reference/directives/use-client
  4 | import { MapPin, Search } from "lucide-react";
  5 | import Link from "next/link";
> 6 | import { useMemo, useState } from "react";
    |                ^^^^^^^^
  7 |
  8 | const categories = [
  9 |   ["Biệt thự", "#biet-thu"],

Ecmascript file had an error @ http://localhost:3100/_next/static/chunks/node_modules_next_dist_1gdrd03._.js:1945
[  530165ms] [ERROR] ./src/app/du-an/page.tsx:6:16
You're importing a module that depends on `useState` into a React Server Component module. This API is only available in Client Components. To fix, mark the file (or its parent) with the `"use client"` directive.
    Learn more: https://nextjs.org/docs/app/api-reference/directives/use-client
  4 | import { MapPin, Search } from "lucide-react";
  5 | import Link from "next/link";
> 6 | import { useMemo, useState } from "react";
    |                ^^^^^^^^
  7 |
  8 | const categories = [
  9 |   ["Biệt thự", "#biet-thu"],

Ecmascript file had an error @ http://localhost:3100/_next/static/chunks/node_modules_next_dist_1gdrd03._.js:1945
[  530228ms] [ERROR] ./src/app/du-an/page.tsx:6:16
You're importing a module that depends on `useState` into a React Server Component module. This API is only available in Client Components. To fix, mark the file (or its parent) with the `"use client"` directive.
    Learn more: https://nextjs.org/docs/app/api-reference/directives/use-client
  4 | import { MapPin, Search } from "lucide-react";
  5 | import Link from "next/link";
> 6 | import { useMemo, useState } from "react";
    |                ^^^^^^^^
  7 |
  8 | const categories = [
  9 |   ["Biệt thự", "#biet-thu"],

Ecmascript file had an error @ http://localhost:3100/_next/static/chunks/node_modules_next_dist_1gdrd03._.js:1945
[  530290ms] [ERROR] ./src/app/du-an/page.tsx:6:16
You're importing a module that depends on `useState` into a React Server Component module. This API is only available in Client Components. To fix, mark the file (or its parent) with the `"use client"` directive.
    Learn more: https://nextjs.org/docs/app/api-reference/directives/use-client
  4 | import { MapPin, Search } from "lucide-react";
  5 | import Link from "next/link";
> 6 | import { useMemo, useState } from "react";
    |                ^^^^^^^^
  7 |
  8 | const categories = [
  9 |   ["Biệt thự", "#biet-thu"],

Ecmascript file had an error @ http://localhost:3100/_next/static/chunks/node_modules_next_dist_1gdrd03._.js:1945
[  530353ms] [ERROR] ./src/app/du-an/page.tsx:6:16
You're importing a module that depends on `useState` into a React Server Component module. This API is only available in Client Components. To fix, mark the file (or its parent) with the `"use client"` directive.
    Learn more: https://nextjs.org/docs/app/api-reference/directives/use-client
  4 | import { MapPin, Search } from "lucide-react";
  5 | import Link from "next/link";
> 6 | import { useMemo, useState } from "react";
    |                ^^^^^^^^
  7 |
  8 | const categories = [
  9 |   ["Biệt thự", "#biet-thu"],

Ecmascript file had an error @ http://localhost:3100/_next/static/chunks/node_modules_next_dist_1gdrd03._.js:1945
[  530413ms] [ERROR] ./src/app/du-an/page.tsx:6:16
You're importing a module that depends on `useState` into a React Server Component module. This API is only available in Client Components. To fix, mark the file (or its parent) with the `"use client"` directive.
    Learn more: https://nextjs.org/docs/app/api-reference/directives/use-client
  4 | import { MapPin, Search } from "lucide-react";
  5 | import Link from "next/link";
> 6 | import { useMemo, useState } from "react";
    |                ^^^^^^^^
  7 |
  8 | const categories = [
  9 |   ["Biệt thự", "#biet-thu"],

Ecmascript file had an error @ http://localhost:3100/_next/static/chunks/node_modules_next_dist_1gdrd03._.js:1945
[  530475ms] [ERROR] ./src/app/du-an/page.tsx:6:16
You're importing a module that depends on `useState` into a React Server Component module. This API is only available in Client Components. To fix, mark the file (or its parent) with the `"use client"` directive.
    Learn more: https://nextjs.org/docs/app/api-reference/directives/use-client
  4 | import { MapPin, Search } from "lucide-react";
  5 | import Link from "next/link";
> 6 | import { useMemo, useState } from "react";
    |                ^^^^^^^^
  7 |
  8 | const categories = [
  9 |   ["Biệt thự", "#biet-thu"],

Ecmascript file had an error @ http://localhost:3100/_next/static/chunks/node_modules_next_dist_1gdrd03._.js:1945
[  530537ms] [ERROR] ./src/app/du-an/page.tsx:6:16
You're importing a module that depends on `useState` into a React Server Component module. This API is only available in Client Components. To fix, mark the file (or its parent) with the `"use client"` directive.
    Learn more: https://nextjs.org/docs/app/api-reference/directives/use-client
  4 | import { MapPin, Search } from "lucide-react";
  5 | import Link from "next/link";
> 6 | import { useMemo, useState } from "react";
    |                ^^^^^^^^
  7 |
  8 | const categories = [
  9 |   ["Biệt thự", "#biet-thu"],

Ecmascript file had an error @ http://localhost:3100/_next/static/chunks/node_modules_next_dist_1gdrd03._.js:1945
[  530600ms] [ERROR] ./src/app/du-an/page.tsx:6:16
You're importing a module that depends on `useState` into a React Server Component module. This API is only available in Client Components. To fix, mark the file (or its parent) with the `"use client"` directive.
    Learn more: https://nextjs.org/docs/app/api-reference/directives/use-client
  4 | import { MapPin, Search } from "lucide-react";
  5 | import Link from "next/link";
> 6 | import { useMemo, useState } from "react";
    |                ^^^^^^^^
  7 |
  8 | const categories = [
  9 |   ["Biệt thự", "#biet-thu"],

Ecmascript file had an error @ http://localhost:3100/_next/static/chunks/node_modules_next_dist_1gdrd03._.js:1945
[  530664ms] [ERROR] ./src/app/du-an/page.tsx:6:16
You're importing a module that depends on `useState` into a React Server Component module. This API is only available in Client Components. To fix, mark the file (or its parent) with the `"use client"` directive.
    Learn more: https://nextjs.org/docs/app/api-reference/directives/use-client
  4 | import { MapPin, Search } from "lucide-react";
  5 | import Link from "next/link";
> 6 | import { useMemo, useState } from "react";
    |                ^^^^^^^^
  7 |
  8 | const categories = [
  9 |   ["Biệt thự", "#biet-thu"],

Ecmascript file had an error @ http://localhost:3100/_next/static/chunks/node_modules_next_dist_1gdrd03._.js:1945
[  530726ms] [ERROR] ./src/app/du-an/page.tsx:6:16
You're importing a module that depends on `useState` into a React Server Component module. This API is only available in Client Components. To fix, mark the file (or its parent) with the `"use client"` directive.
    Learn more: https://nextjs.org/docs/app/api-reference/directives/use-client
  4 | import { MapPin, Search } from "lucide-react";
  5 | import Link from "next/link";
> 6 | import { useMemo, useState } from "react";
    |                ^^^^^^^^
  7 |
  8 | const categories = [
  9 |   ["Biệt thự", "#biet-thu"],

Ecmascript file had an error @ http://localhost:3100/_next/static/chunks/node_modules_next_dist_1gdrd03._.js:1945
[  530787ms] [ERROR] ./src/app/du-an/page.tsx:6:16
You're importing a module that depends on `useState` into a React Server Component module. This API is only available in Client Components. To fix, mark the file (or its parent) with the `"use client"` directive.
    Learn more: https://nextjs.org/docs/app/api-reference/directives/use-client
  4 | import { MapPin, Search } from "lucide-react";
  5 | import Link from "next/link";
> 6 | import { useMemo, useState } from "react";
    |                ^^^^^^^^
  7 |
  8 | const categories = [
  9 |   ["Biệt thự", "#biet-thu"],

Ecmascript file had an error @ http://localhost:3100/_next/static/chunks/node_modules_next_dist_1gdrd03._.js:1945
[  530849ms] [ERROR] ./src/app/du-an/page.tsx:6:16
You're importing a module that depends on `useState` into a React Server Component module. This API is only available in Client Components. To fix, mark the file (or its parent) with the `"use client"` directive.
    Learn more: https://nextjs.org/docs/app/api-reference/directives/use-client
  4 | import { MapPin, Search } from "lucide-react";
  5 | import Link from "next/link";
> 6 | import { useMemo, useState } from "react";
    |                ^^^^^^^^
  7 |
  8 | const categories = [
  9 |   ["Biệt thự", "#biet-thu"],

Ecmascript file had an error @ http://localhost:3100/_next/static/chunks/node_modules_next_dist_1gdrd03._.js:1945
[  530910ms] [ERROR] ./src/app/du-an/page.tsx:6:16
You're importing a module that depends on `useState` into a React Server Component module. This API is only available in Client Components. To fix, mark the file (or its parent) with the `"use client"` directive.
    Learn more: https://nextjs.org/docs/app/api-reference/directives/use-client
  4 | import { MapPin, Search } from "lucide-react";
  5 | import Link from "next/link";
> 6 | import { useMemo, useState } from "react";
    |                ^^^^^^^^
  7 |
  8 | const categories = [
  9 |   ["Biệt thự", "#biet-thu"],

Ecmascript file had an error @ http://localhost:3100/_next/static/chunks/node_modules_next_dist_1gdrd03._.js:1945
[  530972ms] [ERROR] ./src/app/du-an/page.tsx:6:16
You're importing a module that depends on `useState` into a React Server Component module. This API is only available in Client Components. To fix, mark the file (or its parent) with the `"use client"` directive.
    Learn more: https://nextjs.org/docs/app/api-reference/directives/use-client
  4 | import { MapPin, Search } from "lucide-react";
  5 | import Link from "next/link";
> 6 | import { useMemo, useState } from "react";
    |                ^^^^^^^^
  7 |
  8 | const categories = [
  9 |   ["Biệt thự", "#biet-thu"],

Ecmascript file had an error @ http://localhost:3100/_next/static/chunks/node_modules_next_dist_1gdrd03._.js:1945
[  531034ms] [ERROR] ./src/app/du-an/page.tsx:6:16
You're importing a module that depends on `useState` into a React Server Component module. This API is only available in Client Components. To fix, mark the file (or its parent) with the `"use client"` directive.
    Learn more: https://nextjs.org/docs/app/api-reference/directives/use-client
  4 | import { MapPin, Search } from "lucide-react";
  5 | import Link from "next/link";
> 6 | import { useMemo, useState } from "react";
    |                ^^^^^^^^
  7 |
  8 | const categories = [
  9 |   ["Biệt thự", "#biet-thu"],

Ecmascript file had an error @ http://localhost:3100/_next/static/chunks/node_modules_next_dist_1gdrd03._.js:1945
[  531098ms] [ERROR] ./src/app/du-an/page.tsx:6:16
You're importing a module that depends on `useState` into a React Server Component module. This API is only available in Client Components. To fix, mark the file (or its parent) with the `"use client"` directive.
    Learn more: https://nextjs.org/docs/app/api-reference/directives/use-client
  4 | import { MapPin, Search } from "lucide-react";
  5 | import Link from "next/link";
> 6 | import { useMemo, useState } from "react";
    |                ^^^^^^^^
  7 |
  8 | const categories = [
  9 |   ["Biệt thự", "#biet-thu"],

Ecmascript file had an error @ http://localhost:3100/_next/static/chunks/node_modules_next_dist_1gdrd03._.js:1945
[  531160ms] [ERROR] ./src/app/du-an/page.tsx:6:16
You're importing a module that depends on `useState` into a React Server Component module. This API is only available in Client Components. To fix, mark the file (or its parent) with the `"use client"` directive.
    Learn more: https://nextjs.org/docs/app/api-reference/directives/use-client
  4 | import { MapPin, Search } from "lucide-react";
  5 | import Link from "next/link";
> 6 | import { useMemo, useState } from "react";
    |                ^^^^^^^^
  7 |
  8 | const categories = [
  9 |   ["Biệt thự", "#biet-thu"],

Ecmascript file had an error @ http://localhost:3100/_next/static/chunks/node_modules_next_dist_1gdrd03._.js:1945
[  531221ms] [ERROR] ./src/app/du-an/page.tsx:6:16
You're importing a module that depends on `useState` into a React Server Component module. This API is only available in Client Components. To fix, mark the file (or its parent) with the `"use client"` directive.
    Learn more: https://nextjs.org/docs/app/api-reference/directives/use-client
  4 | import { MapPin, Search } from "lucide-react";
  5 | import Link from "next/link";
> 6 | import { useMemo, useState } from "react";
    |                ^^^^^^^^
  7 |
  8 | const categories = [
  9 |   ["Biệt thự", "#biet-thu"],

Ecmascript file had an error @ http://localhost:3100/_next/static/chunks/node_modules_next_dist_1gdrd03._.js:1945
[  531283ms] [ERROR] ./src/app/du-an/page.tsx:6:16
You're importing a module that depends on `useState` into a React Server Component module. This API is only available in Client Components. To fix, mark the file (or its parent) with the `"use client"` directive.
    Learn more: https://nextjs.org/docs/app/api-reference/directives/use-client
  4 | import { MapPin, Search } from "lucide-react";
  5 | import Link from "next/link";
> 6 | import { useMemo, useState } from "react";
    |                ^^^^^^^^
  7 |
  8 | const categories = [
  9 |   ["Biệt thự", "#biet-thu"],

Ecmascript file had an error @ http://localhost:3100/_next/static/chunks/node_modules_next_dist_1gdrd03._.js:1945
[  531344ms] [ERROR] ./src/app/du-an/page.tsx:6:16
You're importing a module that depends on `useState` into a React Server Component module. This API is only available in Client Components. To fix, mark the file (or its parent) with the `"use client"` directive.
    Learn more: https://nextjs.org/docs/app/api-reference/directives/use-client
  4 | import { MapPin, Search } from "lucide-react";
  5 | import Link from "next/link";
> 6 | import { useMemo, useState } from "react";
    |                ^^^^^^^^
  7 |
  8 | const categories = [
  9 |   ["Biệt thự", "#biet-thu"],

Ecmascript file had an error @ http://localhost:3100/_next/static/chunks/node_modules_next_dist_1gdrd03._.js:1945
[  531405ms] [ERROR] ./src/app/du-an/page.tsx:6:16
You're importing a module that depends on `useState` into a React Server Component module. This API is only available in Client Components. To fix, mark the file (or its parent) with the `"use client"` directive.
    Learn more: https://nextjs.org/docs/app/api-reference/directives/use-client
  4 | import { MapPin, Search } from "lucide-react";
  5 | import Link from "next/link";
> 6 | import { useMemo, useState } from "react";
    |                ^^^^^^^^
  7 |
  8 | const categories = [
  9 |   ["Biệt thự", "#biet-thu"],

Ecmascript file had an error @ http://localhost:3100/_next/static/chunks/node_modules_next_dist_1gdrd03._.js:1945
[  531468ms] [ERROR] ./src/app/du-an/page.tsx:6:16
You're importing a module that depends on `useState` into a React Server Component module. This API is only available in Client Components. To fix, mark the file (or its parent) with the `"use client"` directive.
    Learn more: https://nextjs.org/docs/app/api-reference/directives/use-client
  4 | import { MapPin, Search } from "lucide-react";
  5 | import Link from "next/link";
> 6 | import { useMemo, useState } from "react";
    |                ^^^^^^^^
  7 |
  8 | const categories = [
  9 |   ["Biệt thự", "#biet-thu"],

Ecmascript file had an error @ http://localhost:3100/_next/static/chunks/node_modules_next_dist_1gdrd03._.js:1945
[  531532ms] [ERROR] ./src/app/du-an/page.tsx:6:16
You're importing a module that depends on `useState` into a React Server Component module. This API is only available in Client Components. To fix, mark the file (or its parent) with the `"use client"` directive.
    Learn more: https://nextjs.org/docs/app/api-reference/directives/use-client
  4 | import { MapPin, Search } from "lucide-react";
  5 | import Link from "next/link";
> 6 | import { useMemo, useState } from "react";
    |                ^^^^^^^^
  7 |
  8 | const categories = [
  9 |   ["Biệt thự", "#biet-thu"],

Ecmascript file had an error @ http://localhost:3100/_next/static/chunks/node_modules_next_dist_1gdrd03._.js:1945
[  531594ms] [ERROR] ./src/app/du-an/page.tsx:6:16
You're importing a module that depends on `useState` into a React Server Component module. This API is only available in Client Components. To fix, mark the file (or its parent) with the `"use client"` directive.
    Learn more: https://nextjs.org/docs/app/api-reference/directives/use-client
  4 | import { MapPin, Search } from "lucide-react";
  5 | import Link from "next/link";
> 6 | import { useMemo, useState } from "react";
    |                ^^^^^^^^
  7 |
  8 | const categories = [
  9 |   ["Biệt thự", "#biet-thu"],

Ecmascript file had an error @ http://localhost:3100/_next/static/chunks/node_modules_next_dist_1gdrd03._.js:1945
[  531655ms] [ERROR] ./src/app/du-an/page.tsx:6:16
You're importing a module that depends on `useState` into a React Server Component module. This API is only available in Client Components. To fix, mark the file (or its parent) with the `"use client"` directive.
    Learn more: https://nextjs.org/docs/app/api-reference/directives/use-client
  4 | import { MapPin, Search } from "lucide-react";
  5 | import Link from "next/link";
> 6 | import { useMemo, useState } from "react";
    |                ^^^^^^^^
  7 |
  8 | const categories = [
  9 |   ["Biệt thự", "#biet-thu"],

Ecmascript file had an error @ http://localhost:3100/_next/static/chunks/node_modules_next_dist_1gdrd03._.js:1945
[  531719ms] [ERROR] ./src/app/du-an/page.tsx:6:16
You're importing a module that depends on `useState` into a React Server Component module. This API is only available in Client Components. To fix, mark the file (or its parent) with the `"use client"` directive.
    Learn more: https://nextjs.org/docs/app/api-reference/directives/use-client
  4 | import { MapPin, Search } from "lucide-react";
  5 | import Link from "next/link";
> 6 | import { useMemo, useState } from "react";
    |                ^^^^^^^^
  7 |
  8 | const categories = [
  9 |   ["Biệt thự", "#biet-thu"],

Ecmascript file had an error @ http://localhost:3100/_next/static/chunks/node_modules_next_dist_1gdrd03._.js:1945
[  531781ms] [ERROR] ./src/app/du-an/page.tsx:6:16
You're importing a module that depends on `useState` into a React Server Component module. This API is only available in Client Components. To fix, mark the file (or its parent) with the `"use client"` directive.
    Learn more: https://nextjs.org/docs/app/api-reference/directives/use-client
  4 | import { MapPin, Search } from "lucide-react";
  5 | import Link from "next/link";
> 6 | import { useMemo, useState } from "react";
    |                ^^^^^^^^
  7 |
  8 | const categories = [
  9 |   ["Biệt thự", "#biet-thu"],

Ecmascript file had an error @ http://localhost:3100/_next/static/chunks/node_modules_next_dist_1gdrd03._.js:1945
[  531843ms] [ERROR] ./src/app/du-an/page.tsx:6:16
You're importing a module that depends on `useState` into a React Server Component module. This API is only available in Client Components. To fix, mark the file (or its parent) with the `"use client"` directive.
    Learn more: https://nextjs.org/docs/app/api-reference/directives/use-client
  4 | import { MapPin, Search } from "lucide-react";
  5 | import Link from "next/link";
> 6 | import { useMemo, useState } from "react";
    |                ^^^^^^^^
  7 |
  8 | const categories = [
  9 |   ["Biệt thự", "#biet-thu"],

Ecmascript file had an error @ http://localhost:3100/_next/static/chunks/node_modules_next_dist_1gdrd03._.js:1945
[  531905ms] [ERROR] ./src/app/du-an/page.tsx:6:16
You're importing a module that depends on `useState` into a React Server Component module. This API is only available in Client Components. To fix, mark the file (or its parent) with the `"use client"` directive.
    Learn more: https://nextjs.org/docs/app/api-reference/directives/use-client
  4 | import { MapPin, Search } from "lucide-react";
  5 | import Link from "next/link";
> 6 | import { useMemo, useState } from "react";
    |                ^^^^^^^^
  7 |
  8 | const categories = [
  9 |   ["Biệt thự", "#biet-thu"],

Ecmascript file had an error @ http://localhost:3100/_next/static/chunks/node_modules_next_dist_1gdrd03._.js:1945
[  531968ms] [ERROR] ./src/app/du-an/page.tsx:6:16
You're importing a module that depends on `useState` into a React Server Component module. This API is only available in Client Components. To fix, mark the file (or its parent) with the `"use client"` directive.
    Learn more: https://nextjs.org/docs/app/api-reference/directives/use-client
  4 | import { MapPin, Search } from "lucide-react";
  5 | import Link from "next/link";
> 6 | import { useMemo, useState } from "react";
    |                ^^^^^^^^
  7 |
  8 | const categories = [
  9 |   ["Biệt thự", "#biet-thu"],

Ecmascript file had an error @ http://localhost:3100/_next/static/chunks/node_modules_next_dist_1gdrd03._.js:1945
[  532028ms] [ERROR] ./src/app/du-an/page.tsx:6:16
You're importing a module that depends on `useState` into a React Server Component module. This API is only available in Client Components. To fix, mark the file (or its parent) with the `"use client"` directive.
    Learn more: https://nextjs.org/docs/app/api-reference/directives/use-client
  4 | import { MapPin, Search } from "lucide-react";
  5 | import Link from "next/link";
> 6 | import { useMemo, useState } from "react";
    |                ^^^^^^^^
  7 |
  8 | const categories = [
  9 |   ["Biệt thự", "#biet-thu"],

Ecmascript file had an error @ http://localhost:3100/_next/static/chunks/node_modules_next_dist_1gdrd03._.js:1945
[  532091ms] [ERROR] ./src/app/du-an/page.tsx:6:16
You're importing a module that depends on `useState` into a React Server Component module. This API is only available in Client Components. To fix, mark the file (or its parent) with the `"use client"` directive.
    Learn more: https://nextjs.org/docs/app/api-reference/directives/use-client
  4 | import { MapPin, Search } from "lucide-react";
  5 | import Link from "next/link";
> 6 | import { useMemo, useState } from "react";
    |                ^^^^^^^^
  7 |
  8 | const categories = [
  9 |   ["Biệt thự", "#biet-thu"],

Ecmascript file had an error @ http://localhost:3100/_next/static/chunks/node_modules_next_dist_1gdrd03._.js:1945
[  532155ms] [ERROR] ./src/app/du-an/page.tsx:6:16
You're importing a module that depends on `useState` into a React Server Component module. This API is only available in Client Components. To fix, mark the file (or its parent) with the `"use client"` directive.
    Learn more: https://nextjs.org/docs/app/api-reference/directives/use-client
  4 | import { MapPin, Search } from "lucide-react";
  5 | import Link from "next/link";
> 6 | import { useMemo, useState } from "react";
    |                ^^^^^^^^
  7 |
  8 | const categories = [
  9 |   ["Biệt thự", "#biet-thu"],

Ecmascript file had an error @ http://localhost:3100/_next/static/chunks/node_modules_next_dist_1gdrd03._.js:1945
[  532218ms] [ERROR] ./src/app/du-an/page.tsx:6:16
You're importing a module that depends on `useState` into a React Server Component module. This API is only available in Client Components. To fix, mark the file (or its parent) with the `"use client"` directive.
    Learn more: https://nextjs.org/docs/app/api-reference/directives/use-client
  4 | import { MapPin, Search } from "lucide-react";
  5 | import Link from "next/link";
> 6 | import { useMemo, useState } from "react";
    |                ^^^^^^^^
  7 |
  8 | const categories = [
  9 |   ["Biệt thự", "#biet-thu"],

Ecmascript file had an error @ http://localhost:3100/_next/static/chunks/node_modules_next_dist_1gdrd03._.js:1945
[  532281ms] [ERROR] ./src/app/du-an/page.tsx:6:16
You're importing a module that depends on `useState` into a React Server Component module. This API is only available in Client Components. To fix, mark the file (or its parent) with the `"use client"` directive.
    Learn more: https://nextjs.org/docs/app/api-reference/directives/use-client
  4 | import { MapPin, Search } from "lucide-react";
  5 | import Link from "next/link";
> 6 | import { useMemo, useState } from "react";
    |                ^^^^^^^^
  7 |
  8 | const categories = [
  9 |   ["Biệt thự", "#biet-thu"],

Ecmascript file had an error @ http://localhost:3100/_next/static/chunks/node_modules_next_dist_1gdrd03._.js:1945
[  532342ms] [ERROR] ./src/app/du-an/page.tsx:6:16
You're importing a module that depends on `useState` into a React Server Component module. This API is only available in Client Components. To fix, mark the file (or its parent) with the `"use client"` directive.
    Learn more: https://nextjs.org/docs/app/api-reference/directives/use-client
  4 | import { MapPin, Search } from "lucide-react";
  5 | import Link from "next/link";
> 6 | import { useMemo, useState } from "react";
    |                ^^^^^^^^
  7 |
  8 | const categories = [
  9 |   ["Biệt thự", "#biet-thu"],

Ecmascript file had an error @ http://localhost:3100/_next/static/chunks/node_modules_next_dist_1gdrd03._.js:1945
[  532403ms] [ERROR] ./src/app/du-an/page.tsx:6:16
You're importing a module that depends on `useState` into a React Server Component module. This API is only available in Client Components. To fix, mark the file (or its parent) with the `"use client"` directive.
    Learn more: https://nextjs.org/docs/app/api-reference/directives/use-client
  4 | import { MapPin, Search } from "lucide-react";
  5 | import Link from "next/link";
> 6 | import { useMemo, useState } from "react";
    |                ^^^^^^^^
  7 |
  8 | const categories = [
  9 |   ["Biệt thự", "#biet-thu"],

Ecmascript file had an error @ http://localhost:3100/_next/static/chunks/node_modules_next_dist_1gdrd03._.js:1945
[  532465ms] [ERROR] ./src/app/du-an/page.tsx:6:16
You're importing a module that depends on `useState` into a React Server Component module. This API is only available in Client Components. To fix, mark the file (or its parent) with the `"use client"` directive.
    Learn more: https://nextjs.org/docs/app/api-reference/directives/use-client
  4 | import { MapPin, Search } from "lucide-react";
  5 | import Link from "next/link";
> 6 | import { useMemo, useState } from "react";
    |                ^^^^^^^^
  7 |
  8 | const categories = [
  9 |   ["Biệt thự", "#biet-thu"],

Ecmascript file had an error @ http://localhost:3100/_next/static/chunks/node_modules_next_dist_1gdrd03._.js:1945
[  532526ms] [ERROR] ./src/app/du-an/page.tsx:6:16
You're importing a module that depends on `useState` into a React Server Component module. This API is only available in Client Components. To fix, mark the file (or its parent) with the `"use client"` directive.
    Learn more: https://nextjs.org/docs/app/api-reference/directives/use-client
  4 | import { MapPin, Search } from "lucide-react";
  5 | import Link from "next/link";
> 6 | import { useMemo, useState } from "react";
    |                ^^^^^^^^
  7 |
  8 | const categories = [
  9 |   ["Biệt thự", "#biet-thu"],

Ecmascript file had an error @ http://localhost:3100/_next/static/chunks/node_modules_next_dist_1gdrd03._.js:1945
[  532588ms] [ERROR] ./src/app/du-an/page.tsx:6:16
You're importing a module that depends on `useState` into a React Server Component module. This API is only available in Client Components. To fix, mark the file (or its parent) with the `"use client"` directive.
    Learn more: https://nextjs.org/docs/app/api-reference/directives/use-client
  4 | import { MapPin, Search } from "lucide-react";
  5 | import Link from "next/link";
> 6 | import { useMemo, useState } from "react";
    |                ^^^^^^^^
  7 |
  8 | const categories = [
  9 |   ["Biệt thự", "#biet-thu"],

Ecmascript file had an error @ http://localhost:3100/_next/static/chunks/node_modules_next_dist_1gdrd03._.js:1945
[  532651ms] [ERROR] ./src/app/du-an/page.tsx:6:16
You're importing a module that depends on `useState` into a React Server Component module. This API is only available in Client Components. To fix, mark the file (or its parent) with the `"use client"` directive.
    Learn more: https://nextjs.org/docs/app/api-reference/directives/use-client
  4 | import { MapPin, Search } from "lucide-react";
  5 | import Link from "next/link";
> 6 | import { useMemo, useState } from "react";
    |                ^^^^^^^^
  7 |
  8 | const categories = [
  9 |   ["Biệt thự", "#biet-thu"],

Ecmascript file had an error @ http://localhost:3100/_next/static/chunks/node_modules_next_dist_1gdrd03._.js:1945
[  532715ms] [ERROR] ./src/app/du-an/page.tsx:6:16
You're importing a module that depends on `useState` into a React Server Component module. This API is only available in Client Components. To fix, mark the file (or its parent) with the `"use client"` directive.
    Learn more: https://nextjs.org/docs/app/api-reference/directives/use-client
  4 | import { MapPin, Search } from "lucide-react";
  5 | import Link from "next/link";
> 6 | import { useMemo, useState } from "react";
    |                ^^^^^^^^
  7 |
  8 | const categories = [
  9 |   ["Biệt thự", "#biet-thu"],

Ecmascript file had an error @ http://localhost:3100/_next/static/chunks/node_modules_next_dist_1gdrd03._.js:1945
[  532777ms] [ERROR] ./src/app/du-an/page.tsx:6:16
You're importing a module that depends on `useState` into a React Server Component module. This API is only available in Client Components. To fix, mark the file (or its parent) with the `"use client"` directive.
    Learn more: https://nextjs.org/docs/app/api-reference/directives/use-client
  4 | import { MapPin, Search } from "lucide-react";
  5 | import Link from "next/link";
> 6 | import { useMemo, useState } from "react";
    |                ^^^^^^^^
  7 |
  8 | const categories = [
  9 |   ["Biệt thự", "#biet-thu"],

Ecmascript file had an error @ http://localhost:3100/_next/static/chunks/node_modules_next_dist_1gdrd03._.js:1945
[  532838ms] [ERROR] ./src/app/du-an/page.tsx:6:16
You're importing a module that depends on `useState` into a React Server Component module. This API is only available in Client Components. To fix, mark the file (or its parent) with the `"use client"` directive.
    Learn more: https://nextjs.org/docs/app/api-reference/directives/use-client
  4 | import { MapPin, Search } from "lucide-react";
  5 | import Link from "next/link";
> 6 | import { useMemo, useState } from "react";
    |                ^^^^^^^^
  7 |
  8 | const categories = [
  9 |   ["Biệt thự", "#biet-thu"],

Ecmascript file had an error @ http://localhost:3100/_next/static/chunks/node_modules_next_dist_1gdrd03._.js:1945
[  532900ms] [ERROR] ./src/app/du-an/page.tsx:6:16
You're importing a module that depends on `useState` into a React Server Component module. This API is only available in Client Components. To fix, mark the file (or its parent) with the `"use client"` directive.
    Learn more: https://nextjs.org/docs/app/api-reference/directives/use-client
  4 | import { MapPin, Search } from "lucide-react";
  5 | import Link from "next/link";
> 6 | import { useMemo, useState } from "react";
    |                ^^^^^^^^
  7 |
  8 | const categories = [
  9 |   ["Biệt thự", "#biet-thu"],

Ecmascript file had an error @ http://localhost:3100/_next/static/chunks/node_modules_next_dist_1gdrd03._.js:1945
[  532961ms] [ERROR] ./src/app/du-an/page.tsx:6:16
You're importing a module that depends on `useState` into a React Server Component module. This API is only available in Client Components. To fix, mark the file (or its parent) with the `"use client"` directive.
    Learn more: https://nextjs.org/docs/app/api-reference/directives/use-client
  4 | import { MapPin, Search } from "lucide-react";
  5 | import Link from "next/link";
> 6 | import { useMemo, useState } from "react";
    |                ^^^^^^^^
  7 |
  8 | const categories = [
  9 |   ["Biệt thự", "#biet-thu"],

Ecmascript file had an error @ http://localhost:3100/_next/static/chunks/node_modules_next_dist_1gdrd03._.js:1945
[  533023ms] [ERROR] ./src/app/du-an/page.tsx:6:16
You're importing a module that depends on `useState` into a React Server Component module. This API is only available in Client Components. To fix, mark the file (or its parent) with the `"use client"` directive.
    Learn more: https://nextjs.org/docs/app/api-reference/directives/use-client
  4 | import { MapPin, Search } from "lucide-react";
  5 | import Link from "next/link";
> 6 | import { useMemo, useState } from "react";
    |                ^^^^^^^^
  7 |
  8 | const categories = [
  9 |   ["Biệt thự", "#biet-thu"],

Ecmascript file had an error @ http://localhost:3100/_next/static/chunks/node_modules_next_dist_1gdrd03._.js:1945
[  533084ms] [ERROR] ./src/app/du-an/page.tsx:6:16
You're importing a module that depends on `useState` into a React Server Component module. This API is only available in Client Components. To fix, mark the file (or its parent) with the `"use client"` directive.
    Learn more: https://nextjs.org/docs/app/api-reference/directives/use-client
  4 | import { MapPin, Search } from "lucide-react";
  5 | import Link from "next/link";
> 6 | import { useMemo, useState } from "react";
    |                ^^^^^^^^
  7 |
  8 | const categories = [
  9 |   ["Biệt thự", "#biet-thu"],

Ecmascript file had an error @ http://localhost:3100/_next/static/chunks/node_modules_next_dist_1gdrd03._.js:1945
[  533147ms] [ERROR] ./src/app/du-an/page.tsx:6:16
You're importing a module that depends on `useState` into a React Server Component module. This API is only available in Client Components. To fix, mark the file (or its parent) with the `"use client"` directive.
    Learn more: https://nextjs.org/docs/app/api-reference/directives/use-client
  4 | import { MapPin, Search } from "lucide-react";
  5 | import Link from "next/link";
> 6 | import { useMemo, useState } from "react";
    |                ^^^^^^^^
  7 |
  8 | const categories = [
  9 |   ["Biệt thự", "#biet-thu"],

Ecmascript file had an error @ http://localhost:3100/_next/static/chunks/node_modules_next_dist_1gdrd03._.js:1945
[  533208ms] [ERROR] ./src/app/du-an/page.tsx:6:16
You're importing a module that depends on `useState` into a React Server Component module. This API is only available in Client Components. To fix, mark the file (or its parent) with the `"use client"` directive.
    Learn more: https://nextjs.org/docs/app/api-reference/directives/use-client
  4 | import { MapPin, Search } from "lucide-react";
  5 | import Link from "next/link";
> 6 | import { useMemo, useState } from "react";
    |                ^^^^^^^^
  7 |
  8 | const categories = [
  9 |   ["Biệt thự", "#biet-thu"],

Ecmascript file had an error @ http://localhost:3100/_next/static/chunks/node_modules_next_dist_1gdrd03._.js:1945
[  533271ms] [ERROR] ./src/app/du-an/page.tsx:6:16
You're importing a module that depends on `useState` into a React Server Component module. This API is only available in Client Components. To fix, mark the file (or its parent) with the `"use client"` directive.
    Learn more: https://nextjs.org/docs/app/api-reference/directives/use-client
  4 | import { MapPin, Search } from "lucide-react";
  5 | import Link from "next/link";
> 6 | import { useMemo, useState } from "react";
    |                ^^^^^^^^
  7 |
  8 | const categories = [
  9 |   ["Biệt thự", "#biet-thu"],

Ecmascript file had an error @ http://localhost:3100/_next/static/chunks/node_modules_next_dist_1gdrd03._.js:1945
[  533334ms] [ERROR] ./src/app/du-an/page.tsx:6:16
You're importing a module that depends on `useState` into a React Server Component module. This API is only available in Client Components. To fix, mark the file (or its parent) with the `"use client"` directive.
    Learn more: https://nextjs.org/docs/app/api-reference/directives/use-client
  4 | import { MapPin, Search } from "lucide-react";
  5 | import Link from "next/link";
> 6 | import { useMemo, useState } from "react";
    |                ^^^^^^^^
  7 |
  8 | const categories = [
  9 |   ["Biệt thự", "#biet-thu"],

Ecmascript file had an error @ http://localhost:3100/_next/static/chunks/node_modules_next_dist_1gdrd03._.js:1945
[  533398ms] [ERROR] ./src/app/du-an/page.tsx:6:16
You're importing a module that depends on `useState` into a React Server Component module. This API is only available in Client Components. To fix, mark the file (or its parent) with the `"use client"` directive.
    Learn more: https://nextjs.org/docs/app/api-reference/directives/use-client
  4 | import { MapPin, Search } from "lucide-react";
  5 | import Link from "next/link";
> 6 | import { useMemo, useState } from "react";
    |                ^^^^^^^^
  7 |
  8 | const categories = [
  9 |   ["Biệt thự", "#biet-thu"],

Ecmascript file had an error @ http://localhost:3100/_next/static/chunks/node_modules_next_dist_1gdrd03._.js:1945
[  533459ms] [ERROR] ./src/app/du-an/page.tsx:6:16
You're importing a module that depends on `useState` into a React Server Component module. This API is only available in Client Components. To fix, mark the file (or its parent) with the `"use client"` directive.
    Learn more: https://nextjs.org/docs/app/api-reference/directives/use-client
  4 | import { MapPin, Search } from "lucide-react";
  5 | import Link from "next/link";
> 6 | import { useMemo, useState } from "react";
    |                ^^^^^^^^
  7 |
  8 | const categories = [
  9 |   ["Biệt thự", "#biet-thu"],

Ecmascript file had an error @ http://localhost:3100/_next/static/chunks/node_modules_next_dist_1gdrd03._.js:1945
[  533522ms] [ERROR] ./src/app/du-an/page.tsx:6:16
You're importing a module that depends on `useState` into a React Server Component module. This API is only available in Client Components. To fix, mark the file (or its parent) with the `"use client"` directive.
    Learn more: https://nextjs.org/docs/app/api-reference/directives/use-client
  4 | import { MapPin, Search } from "lucide-react";
  5 | import Link from "next/link";
> 6 | import { useMemo, useState } from "react";
    |                ^^^^^^^^
  7 |
  8 | const categories = [
  9 |   ["Biệt thự", "#biet-thu"],

Ecmascript file had an error @ http://localhost:3100/_next/static/chunks/node_modules_next_dist_1gdrd03._.js:1945
[  533583ms] [ERROR] ./src/app/du-an/page.tsx:6:16
You're importing a module that depends on `useState` into a React Server Component module. This API is only available in Client Components. To fix, mark the file (or its parent) with the `"use client"` directive.
    Learn more: https://nextjs.org/docs/app/api-reference/directives/use-client
  4 | import { MapPin, Search } from "lucide-react";
  5 | import Link from "next/link";
> 6 | import { useMemo, useState } from "react";
    |                ^^^^^^^^
  7 |
  8 | const categories = [
  9 |   ["Biệt thự", "#biet-thu"],

Ecmascript file had an error @ http://localhost:3100/_next/static/chunks/node_modules_next_dist_1gdrd03._.js:1945
[  533645ms] [ERROR] ./src/app/du-an/page.tsx:6:16
You're importing a module that depends on `useState` into a React Server Component module. This API is only available in Client Components. To fix, mark the file (or its parent) with the `"use client"` directive.
    Learn more: https://nextjs.org/docs/app/api-reference/directives/use-client
  4 | import { MapPin, Search } from "lucide-react";
  5 | import Link from "next/link";
> 6 | import { useMemo, useState } from "react";
    |                ^^^^^^^^
  7 |
  8 | const categories = [
  9 |   ["Biệt thự", "#biet-thu"],

Ecmascript file had an error @ http://localhost:3100/_next/static/chunks/node_modules_next_dist_1gdrd03._.js:1945
[  533707ms] [ERROR] ./src/app/du-an/page.tsx:6:16
You're importing a module that depends on `useState` into a React Server Component module. This API is only available in Client Components. To fix, mark the file (or its parent) with the `"use client"` directive.
    Learn more: https://nextjs.org/docs/app/api-reference/directives/use-client
  4 | import { MapPin, Search } from "lucide-react";
  5 | import Link from "next/link";
> 6 | import { useMemo, useState } from "react";
    |                ^^^^^^^^
  7 |
  8 | const categories = [
  9 |   ["Biệt thự", "#biet-thu"],

Ecmascript file had an error @ http://localhost:3100/_next/static/chunks/node_modules_next_dist_1gdrd03._.js:1945
[  533769ms] [ERROR] ./src/app/du-an/page.tsx:6:16
You're importing a module that depends on `useState` into a React Server Component module. This API is only available in Client Components. To fix, mark the file (or its parent) with the `"use client"` directive.
    Learn more: https://nextjs.org/docs/app/api-reference/directives/use-client
  4 | import { MapPin, Search } from "lucide-react";
  5 | import Link from "next/link";
> 6 | import { useMemo, useState } from "react";
    |                ^^^^^^^^
  7 |
  8 | const categories = [
  9 |   ["Biệt thự", "#biet-thu"],

Ecmascript file had an error @ http://localhost:3100/_next/static/chunks/node_modules_next_dist_1gdrd03._.js:1945
[  533831ms] [ERROR] ./src/app/du-an/page.tsx:6:16
You're importing a module that depends on `useState` into a React Server Component module. This API is only available in Client Components. To fix, mark the file (or its parent) with the `"use client"` directive.
    Learn more: https://nextjs.org/docs/app/api-reference/directives/use-client
  4 | import { MapPin, Search } from "lucide-react";
  5 | import Link from "next/link";
> 6 | import { useMemo, useState } from "react";
    |                ^^^^^^^^
  7 |
  8 | const categories = [
  9 |   ["Biệt thự", "#biet-thu"],

Ecmascript file had an error @ http://localhost:3100/_next/static/chunks/node_modules_next_dist_1gdrd03._.js:1945
[  533895ms] [ERROR] ./src/app/du-an/page.tsx:6:16
You're importing a module that depends on `useState` into a React Server Component module. This API is only available in Client Components. To fix, mark the file (or its parent) with the `"use client"` directive.
    Learn more: https://nextjs.org/docs/app/api-reference/directives/use-client
  4 | import { MapPin, Search } from "lucide-react";
  5 | import Link from "next/link";
> 6 | import { useMemo, useState } from "react";
    |                ^^^^^^^^
  7 |
  8 | const categories = [
  9 |   ["Biệt thự", "#biet-thu"],

Ecmascript file had an error @ http://localhost:3100/_next/static/chunks/node_modules_next_dist_1gdrd03._.js:1945
[  533957ms] [ERROR] ./src/app/du-an/page.tsx:6:16
You're importing a module that depends on `useState` into a React Server Component module. This API is only available in Client Components. To fix, mark the file (or its parent) with the `"use client"` directive.
    Learn more: https://nextjs.org/docs/app/api-reference/directives/use-client
  4 | import { MapPin, Search } from "lucide-react";
  5 | import Link from "next/link";
> 6 | import { useMemo, useState } from "react";
    |                ^^^^^^^^
  7 |
  8 | const categories = [
  9 |   ["Biệt thự", "#biet-thu"],

Ecmascript file had an error @ http://localhost:3100/_next/static/chunks/node_modules_next_dist_1gdrd03._.js:1945
[  534019ms] [ERROR] ./src/app/du-an/page.tsx:6:16
You're importing a module that depends on `useState` into a React Server Component module. This API is only available in Client Components. To fix, mark the file (or its parent) with the `"use client"` directive.
    Learn more: https://nextjs.org/docs/app/api-reference/directives/use-client
  4 | import { MapPin, Search } from "lucide-react";
  5 | import Link from "next/link";
> 6 | import { useMemo, useState } from "react";
    |                ^^^^^^^^
  7 |
  8 | const categories = [
  9 |   ["Biệt thự", "#biet-thu"],

Ecmascript file had an error @ http://localhost:3100/_next/static/chunks/node_modules_next_dist_1gdrd03._.js:1945
[  534082ms] [ERROR] ./src/app/du-an/page.tsx:6:16
You're importing a module that depends on `useState` into a React Server Component module. This API is only available in Client Components. To fix, mark the file (or its parent) with the `"use client"` directive.
    Learn more: https://nextjs.org/docs/app/api-reference/directives/use-client
  4 | import { MapPin, Search } from "lucide-react";
  5 | import Link from "next/link";
> 6 | import { useMemo, useState } from "react";
    |                ^^^^^^^^
  7 |
  8 | const categories = [
  9 |   ["Biệt thự", "#biet-thu"],

Ecmascript file had an error @ http://localhost:3100/_next/static/chunks/node_modules_next_dist_1gdrd03._.js:1945
[  534145ms] [ERROR] ./src/app/du-an/page.tsx:6:16
You're importing a module that depends on `useState` into a React Server Component module. This API is only available in Client Components. To fix, mark the file (or its parent) with the `"use client"` directive.
    Learn more: https://nextjs.org/docs/app/api-reference/directives/use-client
  4 | import { MapPin, Search } from "lucide-react";
  5 | import Link from "next/link";
> 6 | import { useMemo, useState } from "react";
    |                ^^^^^^^^
  7 |
  8 | const categories = [
  9 |   ["Biệt thự", "#biet-thu"],

Ecmascript file had an error @ http://localhost:3100/_next/static/chunks/node_modules_next_dist_1gdrd03._.js:1945
[  534207ms] [ERROR] ./src/app/du-an/page.tsx:6:16
You're importing a module that depends on `useState` into a React Server Component module. This API is only available in Client Components. To fix, mark the file (or its parent) with the `"use client"` directive.
    Learn more: https://nextjs.org/docs/app/api-reference/directives/use-client
  4 | import { MapPin, Search } from "lucide-react";
  5 | import Link from "next/link";
> 6 | import { useMemo, useState } from "react";
    |                ^^^^^^^^
  7 |
  8 | const categories = [
  9 |   ["Biệt thự", "#biet-thu"],

Ecmascript file had an error @ http://localhost:3100/_next/static/chunks/node_modules_next_dist_1gdrd03._.js:1945
[  534268ms] [ERROR] ./src/app/du-an/page.tsx:6:16
You're importing a module that depends on `useState` into a React Server Component module. This API is only available in Client Components. To fix, mark the file (or its parent) with the `"use client"` directive.
    Learn more: https://nextjs.org/docs/app/api-reference/directives/use-client
  4 | import { MapPin, Search } from "lucide-react";
  5 | import Link from "next/link";
> 6 | import { useMemo, useState } from "react";
    |                ^^^^^^^^
  7 |
  8 | const categories = [
  9 |   ["Biệt thự", "#biet-thu"],

Ecmascript file had an error @ http://localhost:3100/_next/static/chunks/node_modules_next_dist_1gdrd03._.js:1945
[  534332ms] [ERROR] ./src/app/du-an/page.tsx:6:16
You're importing a module that depends on `useState` into a React Server Component module. This API is only available in Client Components. To fix, mark the file (or its parent) with the `"use client"` directive.
    Learn more: https://nextjs.org/docs/app/api-reference/directives/use-client
  4 | import { MapPin, Search } from "lucide-react";
  5 | import Link from "next/link";
> 6 | import { useMemo, useState } from "react";
    |                ^^^^^^^^
  7 |
  8 | const categories = [
  9 |   ["Biệt thự", "#biet-thu"],

Ecmascript file had an error @ http://localhost:3100/_next/static/chunks/node_modules_next_dist_1gdrd03._.js:1945
[  534393ms] [ERROR] ./src/app/du-an/page.tsx:6:16
You're importing a module that depends on `useState` into a React Server Component module. This API is only available in Client Components. To fix, mark the file (or its parent) with the `"use client"` directive.
    Learn more: https://nextjs.org/docs/app/api-reference/directives/use-client
  4 | import { MapPin, Search } from "lucide-react";
  5 | import Link from "next/link";
> 6 | import { useMemo, useState } from "react";
    |                ^^^^^^^^
  7 |
  8 | const categories = [
  9 |   ["Biệt thự", "#biet-thu"],

Ecmascript file had an error @ http://localhost:3100/_next/static/chunks/node_modules_next_dist_1gdrd03._.js:1945
[  534454ms] [ERROR] ./src/app/du-an/page.tsx:6:16
You're importing a module that depends on `useState` into a React Server Component module. This API is only available in Client Components. To fix, mark the file (or its parent) with the `"use client"` directive.
    Learn more: https://nextjs.org/docs/app/api-reference/directives/use-client
  4 | import { MapPin, Search } from "lucide-react";
  5 | import Link from "next/link";
> 6 | import { useMemo, useState } from "react";
    |                ^^^^^^^^
  7 |
  8 | const categories = [
  9 |   ["Biệt thự", "#biet-thu"],

Ecmascript file had an error @ http://localhost:3100/_next/static/chunks/node_modules_next_dist_1gdrd03._.js:1945
[  534515ms] [ERROR] ./src/app/du-an/page.tsx:6:16
You're importing a module that depends on `useState` into a React Server Component module. This API is only available in Client Components. To fix, mark the file (or its parent) with the `"use client"` directive.
    Learn more: https://nextjs.org/docs/app/api-reference/directives/use-client
  4 | import { MapPin, Search } from "lucide-react";
  5 | import Link from "next/link";
> 6 | import { useMemo, useState } from "react";
    |                ^^^^^^^^
  7 |
  8 | const categories = [
  9 |   ["Biệt thự", "#biet-thu"],

Ecmascript file had an error @ http://localhost:3100/_next/static/chunks/node_modules_next_dist_1gdrd03._.js:1945
[  534578ms] [ERROR] ./src/app/du-an/page.tsx:6:16
You're importing a module that depends on `useState` into a React Server Component module. This API is only available in Client Components. To fix, mark the file (or its parent) with the `"use client"` directive.
    Learn more: https://nextjs.org/docs/app/api-reference/directives/use-client
  4 | import { MapPin, Search } from "lucide-react";
  5 | import Link from "next/link";
> 6 | import { useMemo, useState } from "react";
    |                ^^^^^^^^
  7 |
  8 | const categories = [
  9 |   ["Biệt thự", "#biet-thu"],

Ecmascript file had an error @ http://localhost:3100/_next/static/chunks/node_modules_next_dist_1gdrd03._.js:1945
[  534640ms] [ERROR] ./src/app/du-an/page.tsx:6:16
You're importing a module that depends on `useState` into a React Server Component module. This API is only available in Client Components. To fix, mark the file (or its parent) with the `"use client"` directive.
    Learn more: https://nextjs.org/docs/app/api-reference/directives/use-client
  4 | import { MapPin, Search } from "lucide-react";
  5 | import Link from "next/link";
> 6 | import { useMemo, useState } from "react";
    |                ^^^^^^^^
  7 |
  8 | const categories = [
  9 |   ["Biệt thự", "#biet-thu"],

Ecmascript file had an error @ http://localhost:3100/_next/static/chunks/node_modules_next_dist_1gdrd03._.js:1945
[  534703ms] [ERROR] ./src/app/du-an/page.tsx:6:16
You're importing a module that depends on `useState` into a React Server Component module. This API is only available in Client Components. To fix, mark the file (or its parent) with the `"use client"` directive.
    Learn more: https://nextjs.org/docs/app/api-reference/directives/use-client
  4 | import { MapPin, Search } from "lucide-react";
  5 | import Link from "next/link";
> 6 | import { useMemo, useState } from "react";
    |                ^^^^^^^^
  7 |
  8 | const categories = [
  9 |   ["Biệt thự", "#biet-thu"],

Ecmascript file had an error @ http://localhost:3100/_next/static/chunks/node_modules_next_dist_1gdrd03._.js:1945
[  534765ms] [ERROR] ./src/app/du-an/page.tsx:6:16
You're importing a module that depends on `useState` into a React Server Component module. This API is only available in Client Components. To fix, mark the file (or its parent) with the `"use client"` directive.
    Learn more: https://nextjs.org/docs/app/api-reference/directives/use-client
  4 | import { MapPin, Search } from "lucide-react";
  5 | import Link from "next/link";
> 6 | import { useMemo, useState } from "react";
    |                ^^^^^^^^
  7 |
  8 | const categories = [
  9 |   ["Biệt thự", "#biet-thu"],

Ecmascript file had an error @ http://localhost:3100/_next/static/chunks/node_modules_next_dist_1gdrd03._.js:1945
[  534828ms] [ERROR] ./src/app/du-an/page.tsx:6:16
You're importing a module that depends on `useState` into a React Server Component module. This API is only available in Client Components. To fix, mark the file (or its parent) with the `"use client"` directive.
    Learn more: https://nextjs.org/docs/app/api-reference/directives/use-client
  4 | import { MapPin, Search } from "lucide-react";
  5 | import Link from "next/link";
> 6 | import { useMemo, useState } from "react";
    |                ^^^^^^^^
  7 |
  8 | const categories = [
  9 |   ["Biệt thự", "#biet-thu"],

Ecmascript file had an error @ http://localhost:3100/_next/static/chunks/node_modules_next_dist_1gdrd03._.js:1945
[  534890ms] [ERROR] ./src/app/du-an/page.tsx:6:16
You're importing a module that depends on `useState` into a React Server Component module. This API is only available in Client Components. To fix, mark the file (or its parent) with the `"use client"` directive.
    Learn more: https://nextjs.org/docs/app/api-reference/directives/use-client
  4 | import { MapPin, Search } from "lucide-react";
  5 | import Link from "next/link";
> 6 | import { useMemo, useState } from "react";
    |                ^^^^^^^^
  7 |
  8 | const categories = [
  9 |   ["Biệt thự", "#biet-thu"],

Ecmascript file had an error @ http://localhost:3100/_next/static/chunks/node_modules_next_dist_1gdrd03._.js:1945
[  534952ms] [ERROR] ./src/app/du-an/page.tsx:6:16
You're importing a module that depends on `useState` into a React Server Component module. This API is only available in Client Components. To fix, mark the file (or its parent) with the `"use client"` directive.
    Learn more: https://nextjs.org/docs/app/api-reference/directives/use-client
  4 | import { MapPin, Search } from "lucide-react";
  5 | import Link from "next/link";
> 6 | import { useMemo, useState } from "react";
    |                ^^^^^^^^
  7 |
  8 | const categories = [
  9 |   ["Biệt thự", "#biet-thu"],

Ecmascript file had an error @ http://localhost:3100/_next/static/chunks/node_modules_next_dist_1gdrd03._.js:1945
[  535008ms] [ERROR] ./src/app/du-an/page.tsx:6:16
You're importing a module that depends on `useState` into a React Server Component module. This API is only available in Client Components. To fix, mark the file (or its parent) with the `"use client"` directive.
    Learn more: https://nextjs.org/docs/app/api-reference/directives/use-client
  4 | import { MapPin, Search } from "lucide-react";
  5 | import Link from "next/link";
> 6 | import { useMemo, useState } from "react";
    |                ^^^^^^^^
  7 |
  8 | const categories = [
  9 |   ["Biệt thự", "#biet-thu"],

Ecmascript file had an error @ http://localhost:3100/_next/static/chunks/node_modules_next_dist_1gdrd03._.js:1945
[  535073ms] [LOG] [Fast Refresh] rebuilding @ http://localhost:3100/_next/static/chunks/node_modules_next_dist_1gdrd03._.js:1226
[  535161ms] [LOG] [Fast Refresh] done in 147ms @ http://localhost:3100/_next/static/chunks/node_modules_next_dist_1gdrd03._.js:1226
[  535278ms] [LOG] [Fast Refresh] rebuilding @ http://localhost:3100/_next/static/chunks/node_modules_next_dist_1gdrd03._.js:1226
[  535352ms] [LOG] [Fast Refresh] done in 176ms @ http://localhost:3100/_next/static/chunks/node_modules_next_dist_1gdrd03._.js:1226
[  535422ms] [INFO] %cDownload the React DevTools for a better development experience: https://react.dev/link/react-devtools font-weight:bold @ http://localhost:3100/_next/static/chunks/node_modules_next_dist_1ybzpk2._.js:2489
[  535436ms] [LOG] [HMR] connected @ http://localhost:3100/_next/static/chunks/node_modules_next_dist_1ybzpk2._.js:2489
[  554228ms] [LOG] [HMR] connected @ http://localhost:3100/_next/static/chunks/node_modules_next_dist_1ybzpk2._.js:2489
[  554688ms] [INFO] %cDownload the React DevTools for a better development experience: https://react.dev/link/react-devtools font-weight:bold @ http://localhost:3100/_next/static/chunks/node_modules_next_dist_1ybzpk2._.js:2489
[  554708ms] [LOG] [HMR] connected @ http://localhost:3100/_next/static/chunks/node_modules_next_dist_1ybzpk2._.js:2489
[  556147ms] [ERROR] Failed to load resource: the server responded with a status of 404 (Not Found) @ http://localhost:3100/en/home?_rsc=2Md0sTUZcnjCijMr:0
[  556182ms] [ERROR] Failed to load resource: the server responded with a status of 404 (Not Found) @ http://localhost:3100/en/home:0
[  556204ms] [INFO] %cDownload the React DevTools for a better development experience: https://react.dev/link/react-devtools font-weight:bold @ http://localhost:3100/_next/static/chunks/node_modules_next_dist_1ybzpk2._.js:2489
[  556212ms] [LOG] [HMR] connected @ http://localhost:3100/_next/static/chunks/node_modules_next_dist_1ybzpk2._.js:2489
[  558110ms] [ERROR] Failed to load resource: the server responded with a status of 404 (Not Found) @ http://localhost:3100/en/home:0
[  558124ms] [INFO] %cDownload the React DevTools for a better development experience: https://react.dev/link/react-devtools font-weight:bold @ http://localhost:3100/_next/static/chunks/node_modules_next_dist_1ybzpk2._.js:2489
[  558132ms] [LOG] [HMR] connected @ http://localhost:3100/_next/static/chunks/node_modules_next_dist_1ybzpk2._.js:2489
[  558905ms] [INFO] %cDownload the React DevTools for a better development experience: https://react.dev/link/react-devtools font-weight:bold @ http://localhost:3100/_next/static/chunks/node_modules_next_dist_1ybzpk2._.js:2489
[  558940ms] [LOG] [HMR] connected @ http://localhost:3100/_next/static/chunks/node_modules_next_dist_1ybzpk2._.js:2489
[  564945ms] [WARNING] Detected `scroll-behavior: smooth` on the `<html>` element. To disable smooth scrolling during route transitions, add `data-scroll-behavior="smooth"` to your <html> element. Learn more: https://nextjs.org/docs/messages/missing-data-scroll-behavior @ http://localhost:3100/_next/static/chunks/node_modules_next_dist_1ybzpk2._.js:2489
[  567523ms] [LOG] [Fast Refresh] rebuilding @ http://localhost:3100/_next/static/chunks/node_modules_next_dist_1ybzpk2._.js:2489
[  567780ms] [LOG] [Fast Refresh] done in 320ms @ http://localhost:3100/_next/static/chunks/node_modules_next_dist_1ybzpk2._.js:2489
[  588715ms] [LOG] [Fast Refresh] rebuilding @ http://localhost:3100/_next/static/chunks/node_modules_next_dist_1ybzpk2._.js:2489
[  588731ms] [LOG] [Fast Refresh] done in 121ms @ http://localhost:3100/_next/static/chunks/node_modules_next_dist_1ybzpk2._.js:2489
